dataset,model_identifier,protected_attribute,population_size,generations,alpha,beta,techniques,model_used,fitness,fairness_score,performance_score,elapsed_seconds,error
datasets/adult.csv,rf,race,5,10,0.75,0.5,"['min_max_scaling', 'standard']",rf,0.3088339799016115,0.18041778513479148,0.7980857449380144,2608.0682365894318,
datasets/adult.csv,lr,race,5,10,0.75,0.5,"['clustering', 'undersampling', 'ipw']",lr,0.4098107091217766,0.014997384587157707,0.8346188028307109,768.0548551082611,
datasets/adult.csv,svc,race,5,10,0.75,0.5,"['stratified_sampling', 'undersampling']",svc,0.405475353058422,0.015927296258626922,0.8268780023754708,1408.9345331192017,
datasets/adult.csv,xgb,race,5,10,0.75,0.5,['matching'],xgb,0.4396802127913492,0.09369551554101362,0.9730559411237121,1227.5130746364594,
datasets/adult.csv,rf,race,5,20,0.25,0.25,"['clustering', 'ipw', 'matching']",rf,0.45265108438751545,0.0632414289626855,0.9685435977377164,2632.6694231033325,
datasets/adult.csv,lr,race,5,20,0.25,0.25,"['stratified_sampling', 'min_max_scaling']",lr,0.2532397699503474,0.20573168296067826,0.7122112228613731,536.6654136180878,
datasets/adult.csv,svc,race,5,20,0.25,0.25,['undersampling'],svc,0.40607463230949725,0.014636143517287098,0.8267854081362817,377.8741147518158,
datasets/adult.csv,xgb,race,5,20,0.25,0.25,['min_max_scaling'],xgb,0.31344594698028294,0.20275451404752756,0.8296464080080934,2817.2268080711365,
datasets/adult.csv,rf,race,5,5,0.25,0.25,"['matching', 'ipw', 'standard', 'min_max_scaling']",rf,0.4518613100524632,0.06465853171451744,0.9683811518194438,2518.968555212021,
datasets/adult.csv,lr,race,5,5,0.25,0.25,"['undersampling', 'min_max_scaling']",lr,0.44780767694639095,0.07838561370160664,0.9740009675943886,257.7539517879486,
datasets/adult.csv,svc,race,5,5,0.25,0.25,"['standard', 'oversampling']",svc,0.44324232591938223,0.08916119681496047,0.975645848653725,718.7449226379395,
datasets/adult.csv,xgb,race,5,5,0.25,0.25,"['clustering', 'standard', 'undersampling', 'matching', 'stratified_sampling', 'oversampling']",xgb,0.3626841369602834,0.18973715539659178,0.9151054293171585,3837.0086901187897,
datasets/adult.csv,rf,race,10,5,0.25,0.25,"['stratified_sampling', 'clustering', 'matching', 'ipw', 'oversampling', 'undersampling', 'min_max_scaling']",rf,0.356091936540016,0.1444005406485732,0.8565844137286052,3148.1137187480927,
datasets/adult.csv,lr,race,10,5,0.25,0.25,"['min_max_scaling', 'clustering', 'oversampling', 'standard', 'matching', 'ipw', 'stratified_sampling', 'undersampling']",lr,0.27548865772118736,0.19878170099030576,0.7497590164326805,657.7521016597748,
datasets/adult.csv,svc,race,10,5,0.25,0.25,"['standard', 'stratified_sampling']",svc,0.27538486002637524,0.18665046172285993,0.7374201817756104,425.8678276538849,
datasets/adult.csv,xgb,race,10,5,0.25,0.25,['standard'],xgb,0.31344594698028294,0.20275451404752756,0.8296464080080934,3755.780441045761,
datasets/adult.csv,rf,race,5,10,0.25,0.25,['min_max_scaling'],rf,0.3088339799016115,0.18041778513479148,0.7980857449380144,1210.3174159526825,
datasets/adult.csv,lr,race,5,10,0.25,0.25,"['undersampling', 'ipw']",lr,0.4098107091217766,0.014997384587157707,0.8346188028307109,736.6013829708099,
datasets/adult.csv,svc,race,5,10,0.25,0.25,"['min_max_scaling', 'stratified_sampling']",svc,0.2724603059284582,0.1900262567180936,0.73494686857501,591.1444139480591,
datasets/adult.csv,xgb,race,5,10,0.25,0.25,"['oversampling', 'stratified_sampling']",xgb,0.353418665003225,0.21145260273923058,0.9182899327456806,6029.388944864273,
datasets/adult.csv,rf,race,5,5,0.5,0.75,['min_max_scaling'],rf,0.3088339799016115,0.18041778513479148,0.7980857449380144,1301.3653528690338,
datasets/adult.csv,lr,race,5,5,0.5,0.75,"['clustering', 'ipw', 'min_max_scaling', 'matching', 'standard']",lr,0.4377176612871433,0.09043671350701145,0.965872036081298,1925.5839278697968,
datasets/adult.csv,svc,race,5,5,0.5,0.75,"['stratified_sampling', 'matching', 'clustering', 'standard', 'oversampling']",svc,0.44285335768490797,0.0899058448888817,0.9756125602586977,1044.1834888458252,
datasets/adult.csv,xgb,race,5,5,0.5,0.75,"['oversampling', 'standard']",xgb,0.4533975482814254,0.08538171480337375,0.9921768113662246,4427.026336431503,
datasets/adult.csv,rf,race,5,15,0.5,0.5,"['stratified_sampling', 'undersampling']",rf,0.4580766233083584,0.06157381268152809,0.9777270592982449,2325.7194180488586,
datasets/adult.csv,lr,race,5,15,0.5,0.5,"['oversampling', 'ipw']",lr,0.4054862793797164,0.022652267969061626,0.8336248267284944,774.8992300033569,
datasets/adult.csv,svc,race,5,15,0.5,0.5,['ipw'],svc,0.17102293796492857,0.1426712408520541,0.4847171167819112,615.5144329071045,
datasets/adult.csv,xgb,race,5,15,0.5,0.5,"['min_max_scaling', 'undersampling']",xgb,0.44696905014360944,0.08344044550234853,0.9773785457895674,5143.997841119766,
datasets/adult.csv,rf,race,5,5,0.5,0.25,"['matching', 'stratified_sampling', 'min_max_scaling', 'ipw']",rf,0.2930572027209742,0.18415719110865378,0.7702715965506022,2709.9459686279297,
datasets/adult.csv,lr,race,5,5,0.5,0.25,"['undersampling', 'ipw']",lr,0.4098107091217766,0.014997384587157707,0.8346188028307109,757.1637604236603,
datasets/adult.csv,svc,race,5,5,0.5,0.25,"['undersampling', 'oversampling', 'ipw', 'standard', 'clustering', 'matching', 'stratified_sampling']",svc,0.27244585527533105,0.2134622535264691,0.7583539640771312,506.30592131614685,
datasets/adult.csv,xgb,race,5,5,0.5,0.25,"['clustering', 'min_max_scaling', 'standard']",xgb,0.31344594698028294,0.20275451404752756,0.8296464080080934,4980.024260044098,
datasets/adult.csv,rf,race,5,10,0.5,0.25,"['standard', 'ipw', 'undersampling']",rf,0.4549030773255472,0.06811643010893668,0.977922584760031,3211.975108385086,
datasets/adult.csv,lr,race,5,10,0.5,0.25,"['ipw', 'matching']",lr,0.3922989059314101,0.018901101117489046,0.8034989129803092,430.7580168247223,
datasets/adult.csv,svc,race,5,10,0.5,0.25,"['stratified_sampling', 'clustering', 'ipw']",svc,0.1563040403542774,0.12000992831694113,0.4326180090254959,1150.0742990970612,
datasets/adult.csv,xgb,race,5,10,0.5,0.25,"['standard', 'stratified_sampling', 'undersampling', 'oversampling', 'ipw']",xgb,0.3555968061627775,0.20936128280951719,0.9205548951350722,4203.085148334503,
datasets/adult.csv,rf,race,5,10,0.75,0.25,"['ipw', 'undersampling', 'standard']",rf,0.4549030773255472,0.06811643010893668,0.977922584760031,3182.827285051346,
datasets/adult.csv,lr,race,5,10,0.75,0.25,"['clustering', 'undersampling', 'ipw']",lr,0.4098107091217766,0.014997384587157707,0.8346188028307109,121.19820404052734,
datasets/adult.csv,svc,race,5,10,0.75,0.25,"['oversampling', 'undersampling', 'matching']",svc,0.39931734432498617,0.02697961082936694,0.8256142994793393,1164.921557188034,
datasets/adult.csv,xgb,race,5,10,0.75,0.25,"['stratified_sampling', 'ipw']",xgb,0.29627832036570206,0.19056385782622667,0.7831204985576308,4533.680589675903,
datasets/adult.csv,rf,race,5,5,0.75,0.25,"['standard', 'matching']",rf,0.45297708275735427,0.06259423215924621,0.9685483976739547,1963.3374345302582,
datasets/adult.csv,lr,race,5,5,0.75,0.25,"['ipw', 'clustering', 'undersampling', 'oversampling']",lr,0.1445817825922403,0.13335647792007263,0.42252004310455327,1062.744003534317,
datasets/adult.csv,svc,race,5,5,0.75,0.25,['stratified_sampling'],svc,0.15458198916919352,0.12277660497246971,0.4319405833108568,463.2794454097748,
datasets/adult.csv,xgb,race,5,5,0.75,0.25,"['min_max_scaling', 'undersampling', 'matching', 'standard', 'stratified_sampling']",xgb,0.29520922065856403,0.1919405223360905,0.7823589636532186,5685.347558021545,
datasets/adult.csv,rf,race,5,10,0.5,0.75,"['oversampling', 'min_max_scaling']",rf,0.4597795510991877,0.0670698202983384,0.9866289224967139,2348.224123239517,
datasets/adult.csv,lr,race,5,10,0.5,0.75,"['ipw', 'clustering', 'matching', 'min_max_scaling']",lr,0.43526035366598187,0.0947457432509478,0.9652664505829115,1437.4881966114044,
datasets/adult.csv,svc,race,5,10,0.5,0.75,"['clustering', 'ipw', 'matching', 'standard']",svc,0.4406168248729429,0.08447264369883178,0.9657062934447176,1316.2116029262543,
datasets/adult.csv,xgb,race,5,10,0.5,0.75,"['ipw', 'undersampling']",xgb,0.44696905014360944,0.08344044550234853,0.9773785457895674,4472.918600797653,
datasets/adult.csv,rf,race,5,5,0.25,0.5,"['standard', 'undersampling']",rf,0.4562689579774085,0.06500087106626012,0.9775387870210771,1752.4729135036469,
datasets/adult.csv,lr,race,5,5,0.25,0.5,"['stratified_sampling', 'matching', 'standard', 'oversampling', 'clustering', 'undersampling']",lr,0.291167512420411,0.16864612373696342,0.7509811485777854,1348.7328689098358,
datasets/adult.csv,svc,race,5,5,0.25,0.5,"['standard', 'ipw']",svc,0.2810335923563451,0.20868262761779233,0.7707498123304826,665.6650497913361,
datasets/adult.csv,xgb,race,5,5,0.25,0.5,"['undersampling', 'matching', 'oversampling', 'clustering']",xgb,0.4404698886820946,0.10814703979481721,0.9890868171590064,5885.556751966476,
datasets/adult.csv,rf,race,10,5,0.25,0.5,"['clustering', 'oversampling']",rf,0.45987439722600976,0.06695519150740571,0.9867039859594252,4198.399660587311,
datasets/adult.csv,lr,race,10,5,0.25,0.5,"['ipw', 'clustering', 'undersampling', 'stratified_sampling', 'min_max_scaling']",lr,0.4479014212047339,0.07851956262620997,0.9743224050356778,180.16567659378052,
datasets/adult.csv,svc,race,10,5,0.25,0.5,"['stratified_sampling', 'ipw', 'undersampling']",svc,0.4035458726328168,0.01747738383854581,0.8245691291041795,898.3911845684052,
datasets/adult.csv,xgb,race,10,5,0.25,0.5,"['standard', 'ipw']",xgb,0.31344594698028294,0.20275451404752756,0.8296464080080934,4410.656611442566,
datasets/adult.csv,rf,race,5,15,0.5,0.25,"['matching', 'undersampling']",rf,0.28802391974501973,0.1868594317602029,0.7629072712502424,2846.3581204414368,
datasets/adult.csv,lr,race,5,15,0.5,0.25,"['clustering', 'matching', 'ipw']",lr,0.392298912967765,0.018901101117489046,0.803498927053019,1097.73796916008,
datasets/adult.csv,svc,race,5,15,0.5,0.25,"['standard', 'clustering', 'stratified_sampling']",svc,0.2754320021047575,0.1868764440017994,0.7377404482113143,932.397317647934,
datasets/adult.csv,xgb,race,5,15,0.5,0.25,"['clustering', 'undersampling', 'matching']",xgb,0.3012115450874799,0.17564945956644515,0.7780725497414049,4841.839932441711,
datasets/adult.csv,rf,race,5,5,0.25,0.75,"['standard', 'min_max_scaling', 'stratified_sampling', 'undersampling', 'clustering']",rf,0.4578973299010077,0.06188990584188406,0.9776845656438994,1831.7589099407196,
datasets/adult.csv,lr,race,5,5,0.25,0.75,"['min_max_scaling', 'clustering', 'ipw', 'undersampling']",lr,0.44780899923405576,0.07838561370160664,0.9740036121697182,1366.811671257019,
datasets/adult.csv,svc,race,5,5,0.25,0.75,"['oversampling', 'min_max_scaling', 'clustering']",svc,0.44314324016734086,0.08937559644868291,0.9756620767833646,1657.0826253890991,
datasets/adult.csv,xgb,race,5,5,0.25,0.75,"['clustering', 'ipw', 'undersampling', 'stratified_sampling', 'min_max_scaling']",xgb,0.44994763093478274,0.0777485252402698,0.9776437871098352,4913.535923957825,
datasets/adult.csv,rf,race,5,15,0.25,0.25,"['stratified_sampling', 'clustering', 'standard']",rf,0.29991174283318134,0.16317391738905362,0.7629974030554163,2247.4084095954895,
datasets/adult.csv,lr,race,5,15,0.25,0.25,"['standard', 'matching', 'clustering', 'stratified_sampling', 'oversampling']",lr,0.44101435418285406,0.09369014248013802,0.9757188508458462,810.2746350765228,
datasets/adult.csv,svc,race,5,15,0.25,0.25,"['clustering', 'oversampling', 'undersampling']",svc,0.16575783231011723,0.10951898128826205,0.4410346459084965,1503.6676120758057,
datasets/adult.csv,xgb,race,5,15,0.25,0.25,"['clustering', 'undersampling']",xgb,0.44654473505168457,0.084393222790133,0.9774826928935022,5291.145087957382,
datasets/adult.csv,rf,race,5,15,0.75,0.25,"['standard', 'ipw', 'min_max_scaling', 'matching']",rf,0.4518639840797075,0.06465853171451744,0.9683864998739324,4866.808257102966,
datasets/adult.csv,lr,race,5,15,0.75,0.25,"['oversampling', 'ipw']",lr,0.4054862793797164,0.022652267969061626,0.8336248267284944,979.542361497879,
datasets/adult.csv,svc,race,5,15,0.75,0.25,"['stratified_sampling', 'ipw', 'undersampling']",svc,0.4035458726328168,0.01747738383854581,0.8245691291041795,568.202691078186,
datasets/adult.csv,xgb,race,5,15,0.75,0.25,"['min_max_scaling', 'ipw']",xgb,0.31344594698028294,0.20275451404752756,0.8296464080080934,3484.4318387508392,
datasets/adult.csv,rf,race,5,5,0.75,0.5,"['stratified_sampling', 'standard', 'ipw', 'oversampling']",rf,0.3512411519629541,0.1468371352730011,0.8493194391989093,2503.635200738907,
datasets/adult.csv,lr,race,5,5,0.75,0.5,['matching'],lr,0.39229885887116916,0.018901101117489046,0.8034988188598273,630.6009707450867,
datasets/adult.csv,svc,race,5,5,0.75,0.5,"['oversampling', 'stratified_sampling', 'standard', 'undersampling', 'matching', 'ipw', 'min_max_scaling']",svc,0.2819834827346479,0.20331857407938045,0.7672855395486763,1502.8311717510223,
datasets/adult.csv,xgb,race,5,5,0.75,0.5,"['matching', 'ipw']",xgb,0.4396802127913492,0.09369551554101362,0.9730559411237121,5266.229774951935,
datasets/adult.csv,rf,race,5,5,0.75,0.75,"['stratified_sampling', 'oversampling', 'matching', 'clustering']",rf,0.46606575484065177,0.05475085354209001,0.9868823632233935,4155.606444120407,
datasets/adult.csv,lr,race,5,5,0.75,0.75,"['undersampling', 'clustering']",lr,0.4098107091217766,0.014997384587157707,0.8346188028307109,99.43569159507751,
datasets/adult.csv,svc,race,5,5,0.75,0.75,"['stratified_sampling', 'undersampling']",svc,0.405475353058422,0.015927296258626922,0.8268780023754708,301.260085105896,
datasets/adult.csv,xgb,race,5,5,0.75,0.75,"['min_max_scaling', 'matching', 'standard', 'stratified_sampling']",xgb,0.2965653239308511,0.19900046180333522,0.7921311096650374,5547.357932567596,
datasets/adult.csv,rf,race,10,5,0.5,0.5,['undersampling'],rf,0.45625718264683324,0.06500087106626012,0.9775152363599267,1910.4980335235596,
datasets/adult.csv,lr,race,10,5,0.5,0.5,"['stratified_sampling', 'standard']",lr,0.2713415063435946,0.19372217548586637,0.7364051881730556,1449.6353042125702,
datasets/adult.csv,svc,race,10,5,0.5,0.5,"['undersampling', 'min_max_scaling']",svc,0.4481073664075169,0.07871815321630805,0.9749328860313419,1560.9010643959045,
datasets/adult.csv,xgb,race,10,5,0.5,0.5,"['min_max_scaling', 'ipw', 'undersampling', 'clustering', 'standard']",xgb,0.44696905014360944,0.08344044550234853,0.9773785457895674,5291.954399108887,
datasets/adult.csv,rf,race,10,5,0.75,0.25,"['min_max_scaling', 'matching']",rf,0.45291205689773867,0.06272002618656093,0.9685441399820383,2885.7105062007904,
datasets/adult.csv,lr,race,10,5,0.75,0.25,"['clustering', 'ipw', 'oversampling']",lr,0.40548627794703174,0.022652267969061626,0.8336248238631251,1154.0521516799927,
datasets/adult.csv,svc,race,10,5,0.75,0.25,"['undersampling', 'min_max_scaling']",svc,0.4481073664075169,0.07871815321630805,0.9749328860313419,1025.2127237319946,
datasets/adult.csv,xgb,race,10,5,0.75,0.25,"['matching', 'standard', 'ipw', 'undersampling', 'clustering', 'min_max_scaling']",xgb,0.3012185944314753,0.1756189600643632,0.7780561489273138,5220.099556684494,
datasets/adult.csv,rf,race,5,20,0.5,0.5,"['clustering', 'oversampling', 'undersampling']",rf,0.33930435473926074,0.18574479452256246,0.8643535040010839,6625.439636707306,
datasets/adult.csv,lr,race,5,20,0.5,0.5,"['min_max_scaling', 'matching']",lr,0.43504712003241197,0.09513005165830606,0.96522429172313,305.21733808517456,
datasets/adult.csv,svc,race,5,20,0.5,0.5,"['standard', 'undersampling', 'ipw', 'min_max_scaling', 'oversampling', 'stratified_sampling']",svc,0.44918221668613034,0.07763748832114313,0.9760019216934038,269.8570261001587,
datasets/adult.csv,xgb,race,5,20,0.5,0.5,"['stratified_sampling', 'undersampling']",xgb,0.44994763093478274,0.0777485252402698,0.9776437871098352,3098.482771873474,
datasets/adult.csv,rf,race,5,5,0.5,0.5,"['undersampling', 'stratified_sampling', 'oversampling', 'min_max_scaling']",rf,0.3344746817605451,0.19438992781720268,0.8633392913382929,3187.120918035507,
datasets/adult.csv,lr,race,5,5,0.5,0.5,"['matching', 'stratified_sampling', 'min_max_scaling', 'oversampling']",lr,0.2632156921012761,0.18383706812493797,0.7102684523274901,222.50074100494385,
datasets/adult.csv,svc,race,5,5,0.5,0.5,"['ipw', 'oversampling', 'matching', 'undersampling']",svc,0.3996115533761304,0.022822836677808156,0.822045943430069,1085.668692111969,
datasets/adult.csv,xgb,race,5,5,0.5,0.5,"['min_max_scaling', 'stratified_sampling', 'matching', 'undersampling', 'standard', 'ipw']",xgb,0.29886934287869965,0.19162277637775127,0.7893614621351506,5825.73573923111,
datasets/adult.csv,rf,race,5,20,0.25,0.75,"['clustering', 'undersampling']",rf,0.45866682388437124,0.060558873540975354,0.9778925213097178,2112.5490379333496,
datasets/adult.csv,lr,race,5,20,0.25,0.75,"['ipw', 'undersampling']",lr,0.4098107091217766,0.014997384587157707,0.8346188028307109,1122.9744093418121,
datasets/adult.csv,svc,race,5,20,0.25,0.75,['undersampling'],svc,0.40607463230949725,0.014636143517287098,0.8267854081362817,1392.5948629379272,
datasets/adult.csv,xgb,race,5,20,0.25,0.75,"['oversampling', 'undersampling', 'clustering']",xgb,0.4516630633455722,0.08867776266700013,0.9920038893581445,5699.302134990692,
datasets/adult.csv,rf,race,5,15,0.75,0.5,"['matching', 'undersampling']",rf,0.28802391974501973,0.1868594317602029,0.7629072712502424,3686.977169275284,
datasets/adult.csv,lr,race,5,15,0.75,0.5,"['ipw', 'oversampling']",lr,0.4054862793797164,0.022652267969061626,0.8336248267284944,386.6029860973358,
datasets/adult.csv,svc,race,5,15,0.75,0.5,"['min_max_scaling', 'clustering']",svc,0.2807918650518697,0.20869453696099716,0.7702782670647366,960.9813928604126,
datasets/adult.csv,xgb,race,5,15,0.75,0.5,"['oversampling', 'stratified_sampling', 'min_max_scaling', 'ipw']",xgb,0.35966791772935075,0.18328210673976816,0.9026179421984697,5488.012145280838,
datasets/adult.csv,rf,race,10,10,0.5,0.5,"['stratified_sampling', 'standard', 'undersampling']",rf,0.45816637394286946,0.06139751685645687,0.9777302647421958,7146.579297304153,
datasets/adult.csv,lr,race,10,10,0.5,0.5,"['clustering', 'undersampling', 'ipw']",lr,0.4098107091217766,0.014997384587157707,0.8346188028307109,146.17052030563354,
datasets/adult.csv,svc,race,10,10,0.5,0.5,"['clustering', 'undersampling', 'stratified_sampling']",svc,0.4050852374870987,0.015390173414700193,0.8255606483888975,101.45867204666138,
datasets/adult.csv,xgb,race,10,10,0.5,0.5,"['oversampling', 'min_max_scaling']",xgb,0.4533975482814254,0.08538171480337375,0.9921768113662246,3167.418570995331,
datasets/adult.csv,rf,race,10,5,0.25,0.75,"['undersampling', 'ipw']",rf,0.4556050014731563,0.06638766355608032,0.9775976665023929,2578.037312746048,
datasets/adult.csv,lr,race,10,5,0.25,0.75,"['ipw', 'undersampling', 'min_max_scaling', 'stratified_sampling']",lr,0.4471342603948829,0.0801023981003917,0.9743709188901575,903.3967118263245,
datasets/adult.csv,svc,race,10,5,0.25,0.75,"['undersampling', 'min_max_scaling', 'clustering', 'ipw', 'oversampling', 'standard', 'matching', 'stratified_sampling']",svc,0.25716780509475534,0.2567216007208504,0.7710572109103611,676.6417238712311,
datasets/adult.csv,xgb,race,10,5,0.25,0.75,"['ipw', 'min_max_scaling', 'standard', 'clustering', 'matching']",xgb,0.4406463678993211,0.09157082962148151,0.9728635654201238,6427.286577224731,
datasets/adult.csv,rf,race,10,10,0.25,0.75,"['min_max_scaling', 'stratified_sampling', 'clustering', 'oversampling', 'undersampling', 'ipw']",rf,0.471011709781172,0.044972485667170055,0.9869959052295141,2994.875804901123,
datasets/adult.csv,lr,race,10,10,0.25,0.75,"['min_max_scaling', 'undersampling']",lr,0.44780767694639095,0.07838561370160664,0.9740009675943886,1168.3774473667145,
datasets/adult.csv,svc,race,10,10,0.25,0.75,"['clustering', 'matching', 'undersampling', 'standard', 'oversampling', 'ipw']",svc,0.4446762755873219,0.08590937153926402,0.9752619227139079,1471.9084084033966,
datasets/adult.csv,xgb,race,10,10,0.25,0.75,"['clustering', 'oversampling']",xgb,0.4533975482814254,0.08538171480337375,0.9921768113662246,4953.955040693283,
datasets/adult.csv,rf,race,5,20,0.25,0.5,"['oversampling', 'undersampling']",rf,0.3374661207561948,0.18817365584313162,0.8631058973555212,4109.485555410385,
datasets/adult.csv,lr,race,5,20,0.25,0.5,['undersampling'],lr,0.4098107091217766,0.014997384587157707,0.8346188028307109,361.7355604171753,
datasets/adult.csv,svc,race,5,20,0.25,0.5,"['standard', 'clustering']",svc,0.2831161594891214,0.20763676437415224,0.773869083352395,1015.2547657489777,
datasets/adult.csv,xgb,race,5,20,0.25,0.5,"['matching', 'stratified_sampling']",xgb,0.2965653239308511,0.19900046180333522,0.7921311096650374,5138.9395360946655,
datasets/adult.csv,rf,race,5,20,0.75,0.75,"['clustering', 'oversampling', 'stratified_sampling']",rf,0.3423136164653149,0.17478390599887605,0.8594111389295058,5391.863589525223,
datasets/adult.csv,lr,race,5,20,0.75,0.75,['matching'],lr,0.39229885887116916,0.018901101117489046,0.8034988188598273,456.92542600631714,
datasets/adult.csv,svc,race,5,20,0.75,0.75,['oversampling'],svc,0.39737717297875214,0.026863904837782213,0.8216182507952865,317.96483516693115,
datasets/adult.csv,xgb,race,5,20,0.75,0.75,"['ipw', 'matching']",xgb,0.4396802127913492,0.09369551554101362,0.9730559411237121,4492.721861124039,
datasets/adult.csv,rf,race,10,10,0.25,0.25,"['min_max_scaling', 'undersampling']",rf,0.4562601147040737,0.06500087106626012,0.9775211004744075,3076.225861310959,
datasets/adult.csv,lr,race,10,10,0.25,0.25,"['undersampling', 'ipw']",lr,0.4098107091217766,0.014997384587157707,0.8346188028307109,635.7414426803589,
datasets/adult.csv,svc,race,10,10,0.25,0.25,"['clustering', 'min_max_scaling', 'stratified_sampling', 'oversampling', 'ipw']",svc,0.2890954651629761,0.17147545701004627,0.7496663873359984,1817.4902131557465,
datasets/adult.csv,xgb,race,10,10,0.25,0.25,"['min_max_scaling', 'clustering', 'stratified_sampling', 'matching', 'oversampling', 'standard']",xgb,0.3581172836799982,0.17955719432454045,0.8957917616845368,5174.9161541461945,
datasets/adult.csv,rf,race,5,10,0.75,0.75,['undersampling'],rf,0.45625718264683324,0.06500087106626012,0.9775152363599267,1119.6526277065277,
datasets/adult.csv,lr,race,5,10,0.75,0.75,"['undersampling', 'oversampling', 'matching']",lr,0.39927504843727285,0.023892440198102032,0.8224425370726477,2292.6941933631897,
datasets/adult.csv,svc,race,5,10,0.75,0.75,"['ipw', 'min_max_scaling']",svc,0.27836911578923557,0.2132413771684231,0.7699796087468942,1162.620061635971,
datasets/adult.csv,xgb,race,5,10,0.75,0.75,"['standard', 'undersampling', 'stratified_sampling', 'oversampling', 'min_max_scaling']",xgb,0.35439277044753187,0.20970678528288478,0.9184923261779485,6173.4327392578125,
datasets/adult.csv,rf,race,10,10,0.25,0.5,"['undersampling', 'clustering']",rf,0.45866682388437124,0.060558873540975354,0.9778925213097178,2135.1835420131683,
datasets/adult.csv,lr,race,10,10,0.25,0.5,['oversampling'],lr,0.4054856327225527,0.022652267969061626,0.8336235334141671,2116.671293735504,
datasets/adult.csv,svc,race,10,10,0.25,0.5,"['clustering', 'matching', 'undersampling', 'ipw', 'oversampling', 'standard', 'min_max_scaling', 'stratified_sampling']",svc,0.25716780509475534,0.2567216007208504,0.7710572109103611,1030.1572406291962,
datasets/adult.csv,xgb,race,10,10,0.25,0.5,"['clustering', 'undersampling', 'min_max_scaling']",xgb,0.4516342909086662,0.07437568305382473,0.9776442648711571,5526.823294639587,
datasets/adult.csv,rf,race,10,5,0.75,0.5,"['stratified_sampling', 'undersampling']",rf,0.4580766233083584,0.06157381268152809,0.9777270592982449,3585.30876660347,
datasets/adult.csv,lr,race,10,5,0.75,0.5,"['ipw', 'undersampling']",lr,0.4098107091217766,0.014997384587157707,0.8346188028307109,273.1029736995697,
datasets/adult.csv,svc,race,10,5,0.75,0.5,"['oversampling', 'ipw', 'clustering', 'standard']",svc,0.44353938918132974,0.08856763880854086,0.9756464171712004,1220.0364356040955,
datasets/adult.csv,xgb,race,10,5,0.75,0.5,"['undersampling', 'min_max_scaling', 'oversampling']",xgb,0.4516630633455722,0.08867776266700013,0.9920038893581445,5735.8743488788605,
datasets/adult.csv,rf,race,5,20,0.5,0.25,"['clustering', 'undersampling']",rf,0.45866682388437124,0.060558873540975354,0.9778925213097178,4529.907376766205,
datasets/adult.csv,lr,race,5,20,0.5,0.25,"['ipw', 'undersampling']",lr,0.4098107091217766,0.014997384587157707,0.8346188028307109,482.51022696495056,
datasets/adult.csv,svc,race,5,20,0.5,0.25,"['oversampling', 'clustering', 'stratified_sampling', 'standard']",svc,0.29343465346302017,0.16620717616027372,0.753076483086314,801.798730134964,
datasets/adult.csv,xgb,race,5,20,0.5,0.25,"['undersampling', 'standard']",xgb,0.44696905014360944,0.08344044550234853,0.9773785457895674,5000.693658590317,
datasets/adult.csv,rf,race,5,10,0.25,0.75,"['matching', 'undersampling', 'oversampling']",rf,0.4620629613623112,0.0626035010434526,0.9867294237680749,3827.1908118724823,
datasets/adult.csv,lr,race,5,10,0.25,0.75,"['matching', 'standard', 'undersampling', 'stratified_sampling']",lr,0.266498879617726,0.20287413618214448,0.7358718954175965,423.5104522705078,
datasets/adult.csv,svc,race,5,10,0.25,0.75,['undersampling'],svc,0.40607463230949725,0.014636143517287098,0.8267854081362817,171.99438452720642,
datasets/adult.csv,xgb,race,5,10,0.25,0.75,"['standard', 'oversampling', 'matching', 'undersampling', 'ipw']",xgb,0.45371905231576076,0.0846961156203057,0.9921342202518272,6397.666185617447,
datasets/adult.csv,rf,race,5,10,0.25,0.5,"['min_max_scaling', 'ipw', 'standard', 'undersampling', 'clustering', 'stratified_sampling']",rf,0.45761849855342357,0.06297925741062217,0.9782162545174693,3183.1983716487885,
datasets/adult.csv,lr,race,5,10,0.25,0.5,"['oversampling', 'ipw']",lr,0.4054862793797164,0.022652267969061626,0.8336248267284944,80.05806040763855,
datasets/adult.csv,svc,race,5,10,0.25,0.5,"['clustering', 'standard', 'oversampling', 'stratified_sampling', 'matching']",svc,0.44285335768490797,0.0899058448888817,0.9756125602586977,473.63798332214355,
datasets/adult.csv,xgb,race,5,10,0.25,0.5,"['clustering', 'standard', 'undersampling', 'min_max_scaling']",xgb,0.44654473505168457,0.084393222790133,0.9774826928935022,7086.178278923035,
datasets/adult.csv,rf,race,10,5,0.5,0.25,"['standard', 'stratified_sampling', 'clustering', 'undersampling', 'ipw']",rf,0.4575408390229089,0.06289373134282689,0.9779754093886446,5777.632870912552,
datasets/adult.csv,lr,race,10,5,0.5,0.25,"['standard', 'oversampling']",lr,0.44071032036993574,0.09433454433516147,0.975755185075033,408.84302258491516,
datasets/adult.csv,svc,race,10,5,0.5,0.25,"['ipw', 'undersampling']",svc,0.40260372738075256,0.018422573960609298,0.8236300287221144,193.92137694358826,
datasets/adult.csv,xgb,race,10,5,0.5,0.25,"['matching', 'oversampling', 'stratified_sampling']",xgb,0.35436081460366875,0.21007140452972983,0.9187930337370673,4463.446652889252,
datasets/adult.csv,rf,race,5,20,0.5,0.75,"['oversampling', 'min_max_scaling']",rf,0.4597795510991877,0.0670698202983384,0.9866289224967139,2897.0485565662384,
datasets/adult.csv,lr,race,5,20,0.5,0.75,"['standard', 'undersampling', 'clustering']",lr,0.4473302270337438,0.07875176544912083,0.9734122195166085,987.3591041564941,
datasets/adult.csv,svc,race,5,20,0.5,0.75,"['ipw', 'clustering']",svc,0.17249065030155303,0.14055635394234842,0.4855376545454545,945.5830638408661,
datasets/adult.csv,xgb,race,5,20,0.5,0.75,"['min_max_scaling', 'clustering']",xgb,0.31344594698028294,0.20275451404752756,0.8296464080080934,6030.475520610809,
datasets/adult.csv,rf,race,5,10,0.5,0.5,"['min_max_scaling', 'matching']",rf,0.45291205689773867,0.06272002618656093,0.9685441399820383,3401.41437458992,
datasets/adult.csv,lr,race,5,10,0.5,0.5,"['min_max_scaling', 'clustering', 'matching']",lr,0.4352338283298412,0.09473353956769036,0.9652011962273728,630.5292608737946,
datasets/adult.csv,svc,race,5,10,0.5,0.5,"['undersampling', 'clustering']",svc,0.4043438489513154,0.015943226207597236,0.8246309241102281,1324.8338322639465,
datasets/adult.csv,xgb,race,5,10,0.5,0.5,"['ipw', 'clustering', 'standard', 'undersampling']",xgb,0.4483414454883034,0.0811159955213576,0.9777988864979644,5545.25271821022,
datasets/adult.csv,rf,race,10,10,0.75,0.75,"['min_max_scaling', 'ipw', 'matching', 'standard']",rf,0.4518639840797075,0.06465853171451744,0.9683864998739324,5151.942724227905,
datasets/adult.csv,lr,race,10,10,0.75,0.75,"['oversampling', 'ipw', 'standard']",lr,0.44064465618932047,0.09446527348727381,0.9757545858659148,884.9828741550446,
datasets/adult.csv,svc,race,10,10,0.75,0.75,"['undersampling', 'stratified_sampling']",svc,0.405475353058422,0.015927296258626922,0.8268780023754708,748.1132266521454,
datasets/adult.csv,xgb,race,10,10,0.75,0.75,['undersampling'],xgb,0.44696905014360944,0.08344044550234853,0.9773785457895674,4118.963294029236,
datasets/adult.csv,rf,race,10,5,0.75,0.75,['oversampling'],rf,0.45982718307384557,0.06697370893059197,0.9866280750782831,2192.2188622951508,
datasets/adult.csv,lr,race,10,5,0.75,0.75,"['stratified_sampling', 'matching', 'undersampling', 'ipw', 'standard']",lr,0.2665738739122829,0.2300696330096479,0.7632173808342136,1315.6865541934967,
datasets/adult.csv,svc,race,10,5,0.75,0.75,"['stratified_sampling', 'min_max_scaling', 'clustering', 'undersampling']",svc,0.44955535254891255,0.07578522557140284,0.974895930669228,1987.7409300804138,
datasets/adult.csv,xgb,race,10,5,0.75,0.75,"['ipw', 'oversampling', 'clustering']",xgb,0.4533975482814254,0.08538171480337375,0.9921768113662246,5452.5336928367615,
datasets/adult.csv,rf,race,5,15,0.25,0.5,"['clustering', 'standard', 'oversampling', 'min_max_scaling']",rf,0.46005208782377294,0.06657732767650816,0.986681503324054,2759.7969694137573,
datasets/adult.csv,lr,race,5,15,0.25,0.5,"['standard', 'undersampling']",lr,0.44736466965099736,0.07873375997985742,0.9734630992818522,526.8779790401459,
datasets/adult.csv,svc,race,5,15,0.25,0.5,"['clustering', 'undersampling', 'matching', 'min_max_scaling']",svc,0.2641502409983222,0.20764156431176128,0.7359420463084057,2030.426168680191,
datasets/adult.csv,xgb,race,5,15,0.25,0.5,['oversampling'],xgb,0.4533975482814254,0.08538171480337375,0.9921768113662246,5640.294812917709,
datasets/adult.csv,rf,race,10,15,0.75,0.25,"['undersampling', 'matching']",rf,0.28802391974501973,0.1868594317602029,0.7629072712502424,3414.793904066086,
datasets/adult.csv,lr,race,10,15,0.75,0.25,['ipw'],lr,0.17737574255628208,0.12185622650192486,0.476607711614489,829.758293390274,
datasets/adult.csv,svc,race,10,15,0.75,0.25,"['min_max_scaling', 'undersampling', 'clustering', 'ipw']",svc,0.44843493644149535,0.0780579711777951,0.9749278440607858,1539.113788843155,
datasets/adult.csv,xgb,race,10,15,0.75,0.25,"['matching', 'standard', 'stratified_sampling']",xgb,0.2987613875282534,0.18304220741471747,0.7805649824712242,5205.289871931076,
datasets/adult.csv,rf,race,10,10,0.75,0.25,"['standard', 'matching']",rf,0.45297708275735427,0.06259423215924621,0.9685483976739547,4723.917520523071,
datasets/adult.csv,lr,race,10,10,0.75,0.25,"['oversampling', 'undersampling', 'min_max_scaling', 'ipw', 'stratified_sampling']",lr,0.44346833311646666,0.08710634073292549,0.9740430069658588,569.2188322544098,
datasets/adult.csv,svc,race,10,10,0.75,0.25,['oversampling'],svc,0.39737717297875214,0.026863904837782213,0.8216182507952865,610.3960213661194,
datasets/adult.csv,xgb,race,10,10,0.75,0.25,['oversampling'],xgb,0.4533975482814254,0.08538171480337375,0.9921768113662246,5089.537469863892,
datasets/adult.csv,rf,race,5,20,0.75,0.5,['oversampling'],rf,0.45982718307384557,0.06697370893059197,0.9866280750782831,1699.6787388324738,
datasets/adult.csv,lr,race,5,20,0.75,0.5,"['matching', 'clustering']",lr,0.3922988574154879,0.018901101117489046,0.8034988159484648,2147.7661142349243,
datasets/adult.csv,svc,race,5,20,0.75,0.5,"['ipw', 'clustering', 'undersampling', 'oversampling', 'stratified_sampling', 'min_max_scaling']",svc,0.2829093225900671,0.20162926271376655,0.7674479078939008,1227.2476851940155,
datasets/adult.csv,xgb,race,5,20,0.75,0.5,"['stratified_sampling', 'oversampling', 'undersampling']",xgb,0.454120932842677,0.08150330505236104,0.9897451707377151,5952.484699249268,
datasets/adult.csv,rf,race,10,5,0.5,0.75,"['matching', 'stratified_sampling', 'oversampling', 'clustering', 'standard', 'min_max_scaling', 'ipw']",rf,0.3421641658704174,0.17795932054516664,0.8622876522860015,3189.5648369789124,
datasets/adult.csv,lr,race,10,5,0.5,0.75,"['ipw', 'min_max_scaling', 'undersampling']",lr,0.44780767694639095,0.07838561370160664,0.9740009675943886,469.5609140396118,
datasets/adult.csv,svc,race,10,5,0.5,0.75,"['ipw', 'standard', 'matching']",svc,0.43971975324532475,0.08621362580871804,0.9656531322993676,1221.3318893909454,
datasets/adult.csv,xgb,race,10,5,0.5,0.75,"['matching', 'clustering', 'stratified_sampling', 'oversampling']",xgb,0.453622620160858,0.08286315701858814,0.9901083973403042,6152.9799020290375,
datasets/adult.csv,rf,race,5,20,0.75,0.25,"['oversampling', 'matching']",rf,0.3413435162343486,0.17285068476613372,0.855537717234831,3749.568699121475,
datasets/adult.csv,lr,race,5,20,0.75,0.25,"['clustering', 'stratified_sampling', 'min_max_scaling']",lr,0.25161368617429136,0.2090587660678982,0.7122861384164809,658.4048764705658,
datasets/adult.csv,svc,race,5,20,0.75,0.25,"['matching', 'clustering', 'undersampling', 'ipw']",svc,0.15735123813558077,0.10596069185522143,0.420663168126383,642.9908678531647,
datasets/adult.csv,xgb,race,5,20,0.75,0.25,"['min_max_scaling', 'undersampling']",xgb,0.44696905014360944,0.08344044550234853,0.9773785457895674,5982.692497491837,
datasets/adult.csv,rf,race,10,10,0.75,0.5,"['stratified_sampling', 'matching', 'clustering']",rf,0.3006123138981452,0.15896882333974352,0.7601934511360339,4098.286787748337,
datasets/adult.csv,lr,race,10,10,0.75,0.5,"['min_max_scaling', 'undersampling']",lr,0.44780767694639095,0.07838561370160664,0.9740009675943886,361.8884575366974,
datasets/adult.csv,svc,race,10,10,0.75,0.5,"['undersampling', 'clustering', 'min_max_scaling', 'stratified_sampling']",svc,0.44955535254891255,0.07578522557140284,0.974895930669228,1025.090693473816,
datasets/adult.csv,xgb,race,10,10,0.75,0.5,"['undersampling', 'stratified_sampling']",xgb,0.44994763093478274,0.0777485252402698,0.9776437871098352,5558.092465162277,
datasets/adult.csv,rf,race,10,10,0.5,0.25,"['min_max_scaling', 'standard', 'ipw', 'undersampling']",rf,0.45491888779354556,0.06810065520067406,0.9779384307877652,6239.7998242378235,
datasets/adult.csv,lr,race,10,10,0.5,0.25,"['ipw', 'undersampling', 'min_max_scaling']",lr,0.44780767694639095,0.07838561370160664,0.9740009675943886,343.27942657470703,
datasets/adult.csv,svc,race,10,10,0.5,0.25,['oversampling'],svc,0.39737717297875214,0.026863904837782213,0.8216182507952865,313.58959460258484,
datasets/adult.csv,xgb,race,10,10,0.5,0.25,"['clustering', 'stratified_sampling', 'undersampling', 'ipw', 'min_max_scaling']",xgb,0.44994763093478274,0.0777485252402698,0.9776437871098352,4149.534474134445,
datasets/adult.csv,rf,race,10,15,0.25,0.5,"['oversampling', 'clustering', 'ipw']",rf,0.4594195056609068,0.06811825779101295,0.9869572691128266,6463.075959205627,
datasets/adult.csv,lr,race,10,15,0.25,0.5,"['undersampling', 'min_max_scaling', 'ipw']",lr,0.44780767694639095,0.07838561370160664,0.9740009675943886,725.9490222930908,
datasets/adult.csv,svc,race,10,15,0.25,0.5,"['stratified_sampling', 'undersampling', 'min_max_scaling', 'clustering']",svc,0.44955535254891255,0.07578522557140284,0.974895930669228,496.37681245803833,
datasets/adult.csv,xgb,race,10,15,0.25,0.5,"['standard', 'ipw', 'matching']",xgb,0.4396802127913492,0.09369551554101362,0.9730559411237121,3402.8782663345337,
datasets/adult.csv,rf,race,10,15,0.5,0.75,"['min_max_scaling', 'undersampling', 'ipw']",rf,0.45561341076512957,0.06638766355608032,0.9776144850863394,3760.5128259658813,
datasets/adult.csv,lr,race,10,15,0.5,0.75,['undersampling'],lr,0.4098107091217766,0.014997384587157707,0.8346188028307109,735.4831433296204,
datasets/adult.csv,svc,race,10,15,0.5,0.75,"['matching', 'standard']",svc,0.4397188432653652,0.08621362580871804,0.9656513123394485,1162.592007637024,
datasets/adult.csv,xgb,race,10,15,0.5,0.75,['oversampling'],xgb,0.4533975482814254,0.08538171480337375,0.9921768113662246,5429.356681585312,
datasets/adult.csv,rf,race,5,15,0.75,0.75,"['matching', 'standard']",rf,0.45297708275735427,0.06259423215924621,0.9685483976739547,6345.185090780258,
datasets/adult.csv,lr,race,5,15,0.75,0.75,['standard'],lr,0.28220907601696854,0.20632403373104005,0.7707421857649771,242.8073525428772,
datasets/adult.csv,svc,race,5,15,0.75,0.75,"['clustering', 'matching', 'standard']",svc,0.43951101061118686,0.08679355889438722,0.9658155801167609,222.3898024559021,
datasets/adult.csv,xgb,race,5,15,0.75,0.75,"['undersampling', 'stratified_sampling']",xgb,0.44994763093478274,0.0777485252402698,0.9776437871098352,4283.828636407852,
datasets/adult.csv,rf,race,10,10,0.5,0.75,"['oversampling', 'standard']",rf,0.45982822166045817,0.06697329320874378,0.9866297365296601,3509.145204305649,
datasets/adult.csv,lr,race,10,10,0.5,0.75,"['undersampling', 'ipw']",lr,0.4098107091217766,0.014997384587157707,0.8346188028307109,584.3037974834442,
datasets/adult.csv,svc,race,10,10,0.5,0.75,"['ipw', 'stratified_sampling', 'undersampling', 'oversampling', 'standard']",svc,0.44918221668613034,0.07763748832114313,0.9760019216934038,1620.913880109787,
datasets/adult.csv,xgb,race,10,10,0.5,0.75,"['clustering', 'min_max_scaling', 'undersampling']",xgb,0.4516342909086662,0.07437568305382473,0.9776442648711571,5382.980838537216,
datasets/adult.csv,rf,race,10,15,0.75,0.75,"['min_max_scaling', 'undersampling']",rf,0.4562601147040737,0.06500087106626012,0.9775211004744075,5197.579070091248,
datasets/adult.csv,lr,race,10,15,0.75,0.75,"['ipw', 'oversampling']",lr,0.4054862793797164,0.022652267969061626,0.8336248267284944,778.919285774231,
datasets/adult.csv,svc,race,10,15,0.75,0.75,"['ipw', 'undersampling', 'clustering']",svc,0.4065793835652789,0.016701010016870337,0.8298597771474281,1015.653510093689,
datasets/adult.csv,xgb,race,10,15,0.75,0.75,"['min_max_scaling', 'undersampling', 'stratified_sampling', 'ipw']",xgb,0.44994763093478274,0.0777485252402698,0.9776437871098352,4142.855288267136,
datasets/adult.csv,rf,race,10,15,0.5,0.25,"['undersampling', 'ipw']",rf,0.4556050014731563,0.06638766355608032,0.9775976665023929,2767.9465188980103,
datasets/adult.csv,lr,race,10,15,0.5,0.25,"['undersampling', 'matching', 'oversampling']",lr,0.39927504843727285,0.023892440198102032,0.8224425370726477,1239.095852136612,
datasets/adult.csv,svc,race,10,15,0.5,0.25,"['ipw', 'oversampling', 'stratified_sampling', 'min_max_scaling']",svc,0.2838128962871174,0.19950442592329695,0.7671302184975318,1814.7224786281586,
datasets/adult.csv,xgb,race,10,15,0.5,0.25,"['oversampling', 'clustering', 'ipw', 'stratified_sampling']",xgb,0.3576378246265117,0.18660477523903696,0.9018804244920604,5336.390268087387,
datasets/adult.csv,rf,race,10,15,0.5,0.5,['oversampling'],rf,0.45982718307384557,0.06697370893059197,0.9866280750782831,3007.8237714767456,
datasets/adult.csv,lr,race,10,15,0.5,0.5,"['clustering', 'matching', 'min_max_scaling', 'oversampling', 'undersampling']",lr,0.442691955434483,0.08993825138919566,0.9753221622581616,1364.027022600174,
datasets/adult.csv,svc,race,10,15,0.5,0.5,"['undersampling', 'clustering']",svc,0.4043438489513154,0.015943226207597236,0.8246309241102281,1329.840563774109,
datasets/adult.csv,xgb,race,10,15,0.5,0.5,"['standard', 'oversampling']",xgb,0.4533975482814254,0.08538171480337375,0.9921768113662246,5459.668051958084,
datasets/adult.csv,rf,race,10,20,0.25,0.25,"['stratified_sampling', 'oversampling']",rf,0.34159437628171285,0.17523522971437486,0.8584239822778006,2698.0831983089447,
datasets/adult.csv,lr,race,10,20,0.25,0.25,"['oversampling', 'undersampling', 'matching', 'clustering']",lr,0.15308089250704887,0.1410726007565358,0.44723438577063357,2492.841816186905,
datasets/adult.csv,svc,race,10,20,0.25,0.25,"['undersampling', 'ipw', 'stratified_sampling', 'matching']",svc,0.1559565252851292,0.11958724891643069,0.4315002994866891,843.004312992096,
datasets/adult.csv,xgb,race,10,20,0.25,0.25,"['clustering', 'ipw', 'matching']",xgb,0.4401121424581531,0.09286254148020205,0.9730868263965082,5140.32899928093,
datasets/adult.csv,rf,race,15,5,0.25,0.25,"['ipw', 'matching', 'stratified_sampling', 'undersampling', 'oversampling']",rf,0.356094082543607,0.15193294552786382,0.8641211106150779,466.7218019962311,
datasets/adult.csv,lr,race,15,5,0.25,0.25,"['stratified_sampling', 'matching', 'oversampling', 'clustering', 'min_max_scaling', 'undersampling']",lr,0.44651392075745927,0.08269527221005643,0.975723113724975,676.3414080142975,
datasets/adult.csv,svc,race,15,5,0.25,0.25,"['ipw', 'oversampling']",svc,0.3968276455426624,0.029555878533585263,0.82321116961891,638.9000985622406,
datasets/adult.csv,xgb,race,15,5,0.25,0.25,"['stratified_sampling', 'ipw', 'min_max_scaling', 'matching']",xgb,0.2987613875282534,0.18304220741471747,0.7805649824712242,211.26886010169983,
datasets/adult.csv,rf,race,5,15,0.25,0.75,"['matching', 'stratified_sampling']",rf,0.30068352954843836,0.15777699211368848,0.7591440512105652,5309.877953529358,
datasets/adult.csv,lr,race,5,15,0.25,0.75,"['min_max_scaling', 'stratified_sampling', 'matching', 'undersampling']",lr,0.2544775028183425,0.20651138807471747,0.7154663937114025,746.3710114955902,
datasets/adult.csv,svc,race,5,15,0.25,0.75,"['min_max_scaling', 'matching']",svc,0.43947947105633106,0.08671485917268483,0.965673801285347,287.5409348011017,
datasets/adult.csv,xgb,race,5,15,0.25,0.75,"['matching', 'stratified_sampling', 'ipw']",xgb,0.2965653239308511,0.19900046180333522,0.7921311096650374,4874.036112785339,
datasets/adult.csv,rf,race,10,15,0.25,0.25,"['clustering', 'standard', 'min_max_scaling', 'stratified_sampling', 'undersampling']",rf,0.4578973299010077,0.06188990584188406,0.9776845656438994,4062.1704335212708,
datasets/adult.csv,lr,race,10,15,0.25,0.25,"['ipw', 'stratified_sampling', 'min_max_scaling']",lr,0.25182703011681823,0.20839979091107774,0.7120538511447142,570.0275046825409,
datasets/adult.csv,svc,race,10,15,0.25,0.25,"['undersampling', 'oversampling', 'matching']",svc,0.39931734432498617,0.02697961082936694,0.8256142994793393,1139.171897649765,
datasets/adult.csv,xgb,race,10,15,0.25,0.25,"['matching', 'oversampling', 'stratified_sampling']",xgb,0.35436081460366875,0.21007140452972983,0.9187930337370673,5512.058557510376,
datasets/adult.csv,rf,race,10,15,0.75,0.5,"['ipw', 'undersampling', 'standard']",rf,0.4549030773255472,0.06811643010893668,0.977922584760031,6974.276802301407,
datasets/adult.csv,lr,race,10,15,0.75,0.5,"['stratified_sampling', 'matching', 'standard', 'ipw']",lr,0.2729067139645984,0.19475394085884667,0.7405673687880435,314.0043315887451,
datasets/adult.csv,svc,race,10,15,0.75,0.5,"['min_max_scaling', 'matching']",svc,0.43947947105633106,0.08671485917268483,0.965673801285347,452.7287154197693,
datasets/adult.csv,xgb,race,10,15,0.75,0.5,"['ipw', 'standard']",xgb,0.31344594698028294,0.20275451404752756,0.8296464080080934,3542.6980032920837,
datasets/adult.csv,rf,race,5,15,0.5,0.75,"['stratified_sampling', 'oversampling', 'min_max_scaling', 'matching', 'standard']",rf,0.4649480819549401,0.056715201155671933,0.9866113650655521,9988.318379878998,
datasets/adult.csv,lr,race,5,15,0.5,0.75,['oversampling'],lr,0.4054856327225527,0.022652267969061626,0.8336235334141671,772.9034504890442,
datasets/adult.csv,svc,race,5,15,0.5,0.75,"['min_max_scaling', 'undersampling', 'stratified_sampling']",svc,0.4495572931332543,0.07578522557140284,0.9748998118379115,386.02233052253723,
datasets/adult.csv,xgb,race,5,15,0.5,0.75,"['oversampling', 'standard']",xgb,0.4533975482814254,0.08538171480337375,0.9921768113662246,151.9875648021698,
datasets/adult.csv,rf,race,15,5,0.5,0.25,"['stratified_sampling', 'oversampling', 'undersampling']",rf,0.46719792391804776,0.052205770301891184,0.9866016181379867,768.0871818065643,
datasets/adult.csv,lr,race,15,5,0.5,0.25,"['clustering', 'ipw', 'undersampling']",lr,0.4098107091217766,0.014997384587157707,0.8346188028307109,522.1238687038422,
datasets/adult.csv,svc,race,15,5,0.5,0.25,"['undersampling', 'stratified_sampling', 'ipw']",svc,0.4035458726328168,0.01747738383854581,0.8245691291041795,183.5840334892273,
datasets/adult.csv,xgb,race,15,5,0.5,0.25,"['standard', 'min_max_scaling', 'oversampling']",xgb,0.4533975482814254,0.08538171480337375,0.9921768113662246,82.75652241706848,
datasets/adult.csv,rf,race,10,15,0.25,0.75,"['oversampling', 'min_max_scaling', 'ipw']",rf,0.45936802472330107,0.06818393870189748,0.9869199881484997,5714.558677434921,
datasets/adult.csv,lr,race,10,15,0.25,0.75,"['undersampling', 'min_max_scaling']",lr,0.44780767694639095,0.07838561370160664,0.9740009675943886,502.73386788368225,
datasets/adult.csv,svc,race,10,15,0.25,0.75,"['undersampling', 'min_max_scaling', 'standard']",svc,0.44810726778134463,0.07871815321630805,0.9749326887789973,805.5521676540375,
datasets/adult.csv,xgb,race,10,15,0.25,0.75,"['stratified_sampling', 'undersampling', 'standard', 'oversampling', 'clustering', 'min_max_scaling']",xgb,0.454120932842677,0.08150330505236104,0.9897451707377151,4302.165648698807,
datasets/adult.csv,rf,race,15,5,0.5,0.5,"['undersampling', 'stratified_sampling', 'standard']",rf,0.45816637394286946,0.06139751685645687,0.9777302647421958,782.1939356327057,
datasets/adult.csv,lr,race,15,5,0.5,0.5,"['matching', 'clustering', 'min_max_scaling']",lr,0.4352338283298412,0.09473353956769036,0.9652011962273728,467.2486340999603,
datasets/adult.csv,svc,race,15,5,0.5,0.5,"['ipw', 'min_max_scaling', 'clustering', 'undersampling']",svc,0.44843493644149535,0.0780579711777951,0.9749278440607858,163.2230384349823,
datasets/adult.csv,xgb,race,15,5,0.5,0.5,"['standard', 'stratified_sampling', 'undersampling', 'min_max_scaling', 'clustering', 'ipw']",xgb,0.44994763093478274,0.0777485252402698,0.9776437871098352,74.71795558929443,
datasets/adult.csv,rf,race,15,5,0.75,0.5,"['oversampling', 'standard']",rf,0.45982822166045817,0.06697329320874378,0.9866297365296601,780.0202221870422,
datasets/adult.csv,lr,race,15,5,0.75,0.5,"['ipw', 'min_max_scaling', 'clustering', 'stratified_sampling', 'undersampling']",lr,0.4479014212047339,0.07851956262620997,0.9743224050356778,395.80029916763306,
datasets/adult.csv,svc,race,15,5,0.75,0.5,"['matching', 'min_max_scaling']",svc,0.43947947105633106,0.08671485917268483,0.965673801285347,153.76917386054993,
datasets/adult.csv,xgb,race,15,5,0.75,0.5,"['matching', 'undersampling', 'oversampling', 'clustering']",xgb,0.4404698886820946,0.10814703979481721,0.9890868171590064,63.216472148895264,
datasets/adult.csv,rf,race,15,5,0.75,0.25,"['standard', 'min_max_scaling', 'undersampling']",rf,0.4562601147040737,0.06500087106626012,0.9775211004744075,782.9600012302399,
datasets/adult.csv,lr,race,15,5,0.75,0.25,"['oversampling', 'stratified_sampling']",lr,0.16261918356788188,0.10191656580212094,0.4271549329378847,446.5980806350708,
datasets/adult.csv,svc,race,15,5,0.75,0.25,['undersampling'],svc,0.40607463230949725,0.014636143517287098,0.8267854081362817,178.61037421226501,
datasets/adult.csv,xgb,race,15,5,0.75,0.25,"['ipw', 'undersampling']",xgb,0.44696905014360944,0.08344044550234853,0.9773785457895674,35.189850091934204,
datasets/adult.csv,rf,race,10,20,0.5,0.5,"['undersampling', 'min_max_scaling', 'clustering']",rf,0.45661809336136694,0.06468487943118956,0.9779210661539235,212.84872698783875,
datasets/adult.csv,lr,race,10,20,0.5,0.5,"['standard', 'clustering', 'oversampling']",lr,0.4402390873545227,0.09540134739639268,0.9758795221054382,1112.5270566940308,
datasets/adult.csv,svc,race,10,20,0.5,0.5,"['clustering', 'undersampling', 'matching', 'ipw', 'oversampling']",svc,0.39591348180577923,0.027135340599891606,0.8189623042114501,1574.5575757026672,
datasets/adult.csv,xgb,race,10,20,0.5,0.5,"['min_max_scaling', 'undersampling', 'standard']",xgb,0.44696905014360944,0.08344044550234853,0.9773785457895674,240.06619882583618,
datasets/adult.csv,rf,race,15,5,0.25,0.5,"['ipw', 'oversampling', 'clustering', 'matching', 'standard', 'undersampling', 'min_max_scaling']",rf,0.46256258815048945,0.061738593036848595,0.9868637693378275,1953.5511677265167,
datasets/adult.csv,lr,race,15,5,0.25,0.5,"['undersampling', 'clustering', 'min_max_scaling']",lr,0.4481255132724283,0.07780827788614282,0.9740593044309994,208.2471158504486,
datasets/adult.csv,svc,race,15,5,0.25,0.5,"['ipw', 'clustering', 'standard', 'matching']",svc,0.4406168248729429,0.08447264369883178,0.9657062934447176,30.030462503433228,
datasets/adult.csv,xgb,race,15,5,0.25,0.5,"['ipw', 'undersampling']",xgb,0.44696905014360944,0.08344044550234853,0.9773785457895674,23.890361070632935,
datasets/adult.csv,rf,race,15,5,0.25,0.75,"['oversampling', 'stratified_sampling', 'ipw', 'matching']",rf,0.4630736329655281,0.060971475634078766,0.987118741565135,1923.9565045833588,
datasets/adult.csv,lr,race,15,5,0.25,0.75,"['matching', 'min_max_scaling', 'ipw', 'clustering']",lr,0.43526035366598187,0.0947457432509478,0.9652664505829115,45.384751081466675,
datasets/adult.csv,svc,race,15,5,0.25,0.75,"['oversampling', 'standard', 'clustering', 'min_max_scaling', 'ipw']",svc,0.44296823837470845,0.0898046715136989,0.9757411482631158,28.728698253631592,
datasets/adult.csv,xgb,race,15,5,0.25,0.75,"['ipw', 'oversampling']",xgb,0.4533975482814254,0.08538171480337375,0.9921768113662246,25.890074729919434,
datasets/adult.csv,rf,race,15,5,0.5,0.75,"['clustering', 'standard', 'ipw', 'undersampling', 'oversampling', 'stratified_sampling']",rf,0.46597354574896505,0.05483095011592081,0.9867780416138509,1448.2215485572815,
datasets/adult.csv,lr,race,15,5,0.5,0.75,"['clustering', 'undersampling']",lr,0.4098107091217766,0.014997384587157707,0.8346188028307109,37.24853324890137,
datasets/adult.csv,svc,race,15,5,0.5,0.75,"['oversampling', 'standard']",svc,0.44324232591938223,0.08916119681496047,0.975645848653725,23.026785135269165,
datasets/adult.csv,xgb,race,15,5,0.5,0.75,"['min_max_scaling', 'stratified_sampling', 'oversampling', 'matching', 'standard']",xgb,0.4536226201601725,0.08286315701858814,0.9901083973389332,28.31430983543396,
datasets/adult.csv,rf,race,15,5,0.75,0.75,"['matching', 'stratified_sampling', 'oversampling']",rf,0.4599139682682603,0.06670403055082495,0.9865319670873456,1302.184816122055,
datasets/adult.csv,lr,race,15,5,0.75,0.75,"['min_max_scaling', 'undersampling']",lr,0.44780767694639095,0.07838561370160664,0.9740009675943886,37.7774920463562,
datasets/adult.csv,svc,race,15,5,0.75,0.75,"['min_max_scaling', 'undersampling', 'ipw']",svc,0.44810638410774944,0.07871815321630805,0.9749309214318069,23.57276487350464,
datasets/adult.csv,xgb,race,15,5,0.75,0.75,"['standard', 'oversampling', 'ipw', 'clustering', 'min_max_scaling', 'undersampling']",xgb,0.4516630633455722,0.08867776266700013,0.9920038893581445,29.074647903442383,
datasets/adult.csv,rf,race,20,5,0.25,0.25,"['clustering', 'standard', 'undersampling']",rf,0.45712923815127793,0.0638462688100747,0.9781047451126306,247.60459303855896,
datasets/adult.csv,lr,race,20,5,0.25,0.25,"['ipw', 'matching']",lr,0.3922989059314101,0.018901101117489046,0.8034989129803092,79.79969048500061,
datasets/adult.csv,svc,race,20,5,0.25,0.25,"['undersampling', 'stratified_sampling', 'min_max_scaling']",svc,0.4495572931332543,0.07578522557140284,0.9748998118379115,35.32043814659119,
datasets/adult.csv,xgb,race,20,5,0.25,0.25,"['undersampling', 'clustering', 'ipw']",xgb,0.44696905014360944,0.08344044550234853,0.9773785457895674,40.73094344139099,
datasets/adult.csv,rf,race,20,5,0.25,0.75,"['undersampling', 'clustering', 'oversampling', 'min_max_scaling']",rf,0.460365341772647,0.06595003116014843,0.9866807147054424,226.8136670589447,
datasets/adult.csv,lr,race,20,5,0.25,0.75,"['standard', 'oversampling']",lr,0.44071032036993574,0.09433454433516147,0.975755185075033,64.20354127883911,
datasets/adult.csv,svc,race,20,5,0.25,0.75,"['stratified_sampling', 'undersampling', 'min_max_scaling', 'standard', 'ipw', 'oversampling']",svc,0.44918221668613034,0.07763748832114313,0.9760019216934038,35.784685373306274,
datasets/adult.csv,xgb,race,20,5,0.25,0.75,"['ipw', 'oversampling', 'matching', 'standard', 'undersampling']",xgb,0.45371905231576076,0.0846961156203057,0.9921342202518272,42.77941584587097,
datasets/adult.csv,rf,race,20,5,0.5,0.5,"['oversampling', 'standard']",rf,0.45982822166045817,0.06697329320874378,0.9866297365296601,221.53888392448425,
datasets/adult.csv,lr,race,20,5,0.5,0.5,"['clustering', 'min_max_scaling', 'undersampling']",lr,0.4481255132724283,0.07780827788614282,0.9740593044309994,62.24469041824341,
datasets/adult.csv,svc,race,20,5,0.5,0.5,"['ipw', 'clustering', 'oversampling']",svc,0.3969180501826422,0.027310059283811198,0.8211461596490957,35.275885581970215,
datasets/adult.csv,xgb,race,20,5,0.5,0.5,['oversampling'],xgb,0.4533975482814254,0.08538171480337375,0.9921768113662246,43.84648036956787,
datasets/adult.csv,rf,race,20,5,0.5,0.25,"['ipw', 'standard', 'matching']",rf,0.4518639840797075,0.06465853171451744,0.9683864998739324,221.91314721107483,
datasets/adult.csv,lr,race,20,5,0.5,0.25,"['oversampling', 'min_max_scaling']",lr,0.4394749006321881,0.0964939666543451,0.9754437679187212,61.58336305618286,
datasets/adult.csv,svc,race,20,5,0.5,0.25,"['matching', 'clustering', 'standard']",svc,0.43951101061118686,0.08679355889438722,0.9658155801167609,35.39574670791626,
datasets/adult.csv,xgb,race,20,5,0.5,0.25,"['ipw', 'stratified_sampling', 'undersampling', 'min_max_scaling']",xgb,0.44994763093478274,0.0777485252402698,0.9776437871098352,44.370219469070435,
datasets/adult.csv,rf,race,20,5,0.5,0.75,"['ipw', 'oversampling']",rf,0.4593913443449728,0.06813626564399507,0.9869189543339407,219.31154227256775,
datasets/adult.csv,lr,race,20,5,0.5,0.75,"['undersampling', 'stratified_sampling', 'clustering', 'standard']",lr,0.4477644817360233,0.07760206133473412,0.9731310248067807,57.38499641418457,
datasets/adult.csv,svc,race,20,5,0.5,0.75,"['clustering', 'ipw', 'min_max_scaling', 'standard', 'stratified_sampling', 'undersampling']",svc,0.44947876538199977,0.07590127590485483,0.9748588066688544,34.844452142715454,
datasets/adult.csv,xgb,race,20,5,0.5,0.75,"['oversampling', 'standard']",xgb,0.4533975482814254,0.08538171480337375,0.9921768113662246,45.983118534088135,
datasets/adult.csv,rf,race,20,5,0.75,0.25,"['min_max_scaling', 'ipw', 'undersampling', 'clustering']",rf,0.45728827942198885,0.0630674867672725,0.9776440456112502,216.70518350601196,
datasets/adult.csv,lr,race,20,5,0.75,0.25,"['ipw', 'oversampling', 'min_max_scaling']",lr,0.4394749097975192,0.0964939666543451,0.9754437862493834,57.59658336639404,
datasets/adult.csv,svc,race,20,5,0.75,0.25,"['clustering', 'standard']",svc,0.2831161594891214,0.20763676437415224,0.773869083352395,34.751620054244995,
datasets/adult.csv,xgb,race,20,5,0.75,0.25,"['oversampling', 'standard', 'min_max_scaling']",xgb,0.4533975482814254,0.08538171480337375,0.9921768113662246,47.63052701950073,
datasets/adult.csv,rf,race,20,5,0.75,0.5,"['min_max_scaling', 'oversampling', 'ipw', 'stratified_sampling', 'matching']",rf,0.4592929682519089,0.06802172384424186,0.9866076603480597,189.20262932777405,
datasets/adult.csv,lr,race,20,5,0.75,0.5,"['oversampling', 'min_max_scaling', 'clustering']",lr,0.4394628773075298,0.0965124493243698,0.9754382039394294,52.7580885887146,
datasets/adult.csv,svc,race,20,5,0.75,0.5,"['min_max_scaling', 'undersampling']",svc,0.4481073664075169,0.07871815321630805,0.9749328860313419,33.45436716079712,
datasets/adult.csv,xgb,race,20,5,0.75,0.5,"['min_max_scaling', 'clustering', 'standard', 'matching', 'oversampling', 'undersampling']",xgb,0.4557415198830802,0.08053232717604272,0.9920153669422032,53.52738332748413,
datasets/adult.csv,rf,race,20,5,0.75,0.75,"['standard', 'oversampling', 'clustering']",rf,0.46005208782377294,0.06657732767650816,0.986681503324054,186.98757338523865,
datasets/adult.csv,lr,race,20,5,0.75,0.75,"['oversampling', 'standard']",lr,0.44071032036993574,0.09433454433516147,0.975755185075033,54.349204778671265,
datasets/adult.csv,svc,race,20,5,0.75,0.75,"['undersampling', 'standard']",svc,0.4489142447333186,0.0765791448576537,0.9744076343242909,33.90721940994263,
datasets/adult.csv,xgb,race,20,5,0.75,0.75,"['ipw', 'clustering', 'oversampling']",xgb,0.4533975482814254,0.08538171480337375,0.9921768113662246,53.647011518478394,
datasets/adult.csv,rf,race,20,5,0.25,0.5,"['undersampling', 'oversampling', 'clustering', 'stratified_sampling', 'matching', 'min_max_scaling']",rf,0.46063430726746635,0.06546081314893876,0.9867294276838715,247.58175110816956,
datasets/adult.csv,lr,race,20,5,0.25,0.5,"['standard', 'min_max_scaling', 'oversampling']",lr,0.4405858300396668,0.09458382763226764,0.9757554877116013,95.7832522392273,
datasets/adult.csv,svc,race,20,5,0.25,0.5,"['standard', 'ipw', 'undersampling']",svc,0.4490659463544678,0.07627483804063938,0.974406730749575,33.81822180747986,
datasets/adult.csv,xgb,race,20,5,0.25,0.5,"['clustering', 'stratified_sampling', 'undersampling', 'oversampling']",xgb,0.45606932922066007,0.07782693264008099,0.9899655910814011,61.10128664970398,
datasets/adult.csv,rf,race,10,20,0.5,0.75,"['oversampling', 'standard']",rf,0.45982822166045817,0.06697329320874378,0.9866297365296601,421.532306432724,
datasets/adult.csv,lr,race,10,20,0.5,0.75,['undersampling'],lr,0.4098107091217766,0.014997384587157707,0.8346188028307109,1947.7596247196198,
datasets/adult.csv,svc,race,10,20,0.5,0.75,"['stratified_sampling', 'undersampling', 'ipw']",svc,0.4035458726328168,0.01747738383854581,0.8245691291041795,223.16257691383362,
datasets/adult.csv,xgb,race,10,20,0.5,0.75,"['stratified_sampling', 'undersampling', 'oversampling']",xgb,0.454120932842677,0.08150330505236104,0.9897451707377151,101.5253541469574,
datasets/adult.csv,rf,race,15,10,0.25,0.5,"['min_max_scaling', 'matching', 'stratified_sampling', 'standard', 'oversampling']",rf,0.4649480819549401,0.056715201155671933,0.9866113650655521,1071.2826192378998,
datasets/adult.csv,lr,race,15,10,0.25,0.5,"['min_max_scaling', 'undersampling']",lr,0.44780767694639095,0.07838561370160664,0.9740009675943886,205.17240977287292,
datasets/adult.csv,svc,race,15,10,0.25,0.5,['oversampling'],svc,0.39737717297875214,0.026863904837782213,0.8216182507952865,53.956727743148804,
datasets/adult.csv,xgb,race,15,10,0.25,0.5,"['undersampling', 'matching', 'oversampling', 'min_max_scaling', 'clustering']",xgb,0.45701531913015087,0.07506198339921512,0.9890926216595168,138.26828932762146,
datasets/adult.csv,rf,race,15,10,0.25,0.75,"['undersampling', 'stratified_sampling']",rf,0.4580766233083584,0.06157381268152809,0.9777270592982449,933.3002157211304,
datasets/adult.csv,lr,race,15,10,0.25,0.75,"['clustering', 'undersampling', 'min_max_scaling', 'ipw']",lr,0.44780899923405576,0.07838561370160664,0.9740036121697182,178.982430934906,
datasets/adult.csv,svc,race,15,10,0.25,0.75,"['stratified_sampling', 'undersampling', 'min_max_scaling']",svc,0.4495572931332543,0.07578522557140284,0.9748998118379115,56.8471884727478,
datasets/adult.csv,xgb,race,15,10,0.25,0.75,"['oversampling', 'stratified_sampling', 'undersampling']",xgb,0.454120932842677,0.08150330505236104,0.9897451707377151,164.0227324962616,
datasets/adult.csv,rf,race,10,20,0.75,0.5,"['oversampling', 'standard']",rf,0.45982822166045817,0.06697329320874378,0.9866297365296601,1242.4934878349304,
datasets/adult.csv,lr,race,10,20,0.75,0.5,"['standard', 'oversampling']",lr,0.44071032036993574,0.09433454433516147,0.975755185075033,991.5487825870514,
datasets/adult.csv,svc,race,10,20,0.75,0.5,['matching'],svc,0.38698465366025186,0.027194154480140103,0.8011634618006438,95.68268203735352,
datasets/adult.csv,xgb,race,10,20,0.75,0.5,['matching'],xgb,0.4396802127913492,0.09369551554101362,0.9730559411237121,189.265798330307,
datasets/adult.csv,rf,race,15,10,0.5,0.25,"['undersampling', 'min_max_scaling']",rf,0.4562601147040737,0.06500087106626012,0.9775211004744075,839.8836352825165,
datasets/adult.csv,lr,race,15,10,0.5,0.25,"['undersampling', 'ipw', 'stratified_sampling', 'min_max_scaling', 'oversampling']",lr,0.44346833311646666,0.08710634073292549,0.9740430069658588,158.3157298564911,
datasets/adult.csv,svc,race,15,10,0.5,0.25,"['matching', 'undersampling', 'oversampling', 'min_max_scaling']",svc,0.4473767834343944,0.08067433487000811,0.9754279017387969,55.54999661445618,
datasets/adult.csv,xgb,race,15,10,0.5,0.25,"['undersampling', 'clustering']",xgb,0.44654473505168457,0.084393222790133,0.9774826928935022,185.23397946357727,
datasets/adult.csv,rf,race,15,10,0.25,0.25,"['standard', 'undersampling', 'oversampling', 'matching']",rf,0.45720243093219026,0.07223221356446505,0.9866370754288456,1073.5749680995941,
datasets/adult.csv,lr,race,15,10,0.25,0.25,"['stratified_sampling', 'oversampling', 'undersampling']",lr,0.4125500727340755,0.012430483850083399,0.8375306293182344,214.48939728736877,
datasets/adult.csv,svc,race,15,10,0.25,0.25,['undersampling'],svc,0.40607463230949725,0.014636143517287098,0.8267854081362817,53.827109575271606,
datasets/adult.csv,xgb,race,15,10,0.25,0.25,"['stratified_sampling', 'oversampling', 'undersampling']",xgb,0.454120932842677,0.08150330505236104,0.9897451707377151,190.22743153572083,
datasets/adult.csv,rf,race,15,10,0.75,0.25,"['standard', 'clustering', 'oversampling', 'stratified_sampling']",rf,0.3423071420390197,0.17478390599887605,0.8593981900769154,791.7337300777435,
datasets/adult.csv,lr,race,15,10,0.75,0.25,"['undersampling', 'min_max_scaling']",lr,0.44780767694639095,0.07838561370160664,0.9740009675943886,142.08499789237976,
datasets/adult.csv,svc,race,15,10,0.75,0.25,['undersampling'],svc,0.40607463230949725,0.014636143517287098,0.8267854081362817,54.15494108200073,
datasets/adult.csv,xgb,race,15,10,0.75,0.25,"['undersampling', 'oversampling', 'stratified_sampling', 'matching']",xgb,0.3550729164955917,0.2094350330663767,0.9195808660575601,213.18702340126038,
datasets/adult.csv,rf,race,15,10,0.75,0.75,['oversampling'],rf,0.45982718307384557,0.06697370893059197,0.9866280750782831,644.882378578186,
datasets/adult.csv,lr,race,15,10,0.75,0.75,['undersampling'],lr,0.4098107091217766,0.014997384587157707,0.8346188028307109,107.76032328605652,
datasets/adult.csv,svc,race,15,10,0.75,0.75,"['clustering', 'oversampling']",svc,0.39510391584320154,0.026875963642239445,0.8170837953286425,55.56778120994568,
datasets/adult.csv,xgb,race,15,10,0.75,0.75,"['min_max_scaling', 'matching']",xgb,0.4396802127913492,0.09369551554101362,0.9730559411237121,254.33925485610962,
datasets/adult.csv,rf,race,10,20,0.75,0.75,['oversampling'],rf,0.45982718307384557,0.06697370893059197,0.9866280750782831,1560.7606449127197,
datasets/adult.csv,lr,race,10,20,0.75,0.75,"['standard', 'undersampling']",lr,0.44736466965099736,0.07873375997985742,0.9734630992818522,607.4714200496674,
datasets/adult.csv,svc,race,10,20,0.75,0.75,['undersampling'],svc,0.40607463230949725,0.014636143517287098,0.8267854081362817,83.14357161521912,
datasets/adult.csv,xgb,race,10,20,0.75,0.75,"['ipw', 'oversampling']",xgb,0.4533975482814254,0.08538171480337375,0.9921768113662246,317.822772026062,
datasets/adult.csv,rf,race,15,10,0.5,0.5,"['undersampling', 'stratified_sampling']",rf,0.4580766233083584,0.06157381268152809,0.9777270592982449,804.2996001243591,
datasets/adult.csv,lr,race,15,10,0.5,0.5,"['standard', 'undersampling', 'ipw']",lr,0.4471911561445313,0.07843830866002234,0.972820620949085,153.9939420223236,
datasets/adult.csv,svc,race,15,10,0.5,0.5,"['ipw', 'min_max_scaling', 'undersampling', 'stratified_sampling']",svc,0.44967555831880035,0.07553385925533211,0.9748849758929328,58.489266872406006,
datasets/adult.csv,xgb,race,15,10,0.5,0.5,"['standard', 'matching', 'min_max_scaling']",xgb,0.4396802127913492,0.09369551554101362,0.9730559411237121,297.8444230556488,
datasets/adult.csv,rf,race,15,10,0.5,0.75,"['undersampling', 'standard', 'oversampling', 'stratified_sampling']",rf,0.4709997020213577,0.04493161524284308,0.9869310192855585,807.6503121852875,
datasets/adult.csv,lr,race,15,10,0.5,0.75,"['standard', 'matching']",lr,0.4380066761645348,0.08983128670685914,0.9658446390359288,159.6182496547699,
datasets/adult.csv,svc,race,15,10,0.5,0.75,"['undersampling', 'oversampling', 'matching']",svc,0.39931734432498617,0.02697961082936694,0.8256142994793393,66.36592030525208,
datasets/adult.csv,xgb,race,15,10,0.5,0.75,"['stratified_sampling', 'clustering', 'matching', 'oversampling']",xgb,0.453622620160858,0.08286315701858814,0.9901083973403042,336.11495995521545,
datasets/adult.csv,rf,race,15,10,0.75,0.5,"['ipw', 'stratified_sampling', 'undersampling', 'standard']",rf,0.4561321983414604,0.06546974482827893,0.9777341415111998,784.428436756134,
datasets/adult.csv,lr,race,15,10,0.75,0.5,"['stratified_sampling', 'clustering', 'standard']",lr,0.27301225840943416,0.19222554343957124,0.7382500602584395,158.54204607009888,
datasets/adult.csv,svc,race,15,10,0.75,0.5,"['standard', 'undersampling']",svc,0.4489142447333186,0.0765791448576537,0.9744076343242909,74.4945616722107,
datasets/adult.csv,xgb,race,15,10,0.75,0.5,"['undersampling', 'standard', 'min_max_scaling']",xgb,0.44696905014360944,0.08344044550234853,0.9773785457895674,374.0872504711151,
datasets/adult.csv,rf,race,10,20,0.25,0.5,"['matching', 'min_max_scaling', 'oversampling', 'clustering']",rf,0.3427664597990307,0.1747232948171241,0.8602562144151855,4975.837437152863,
datasets/adult.csv,lr,race,10,20,0.25,0.5,"['standard', 'oversampling']",lr,0.44071032036993574,0.09433454433516147,0.975755185075033,232.23992156982422,
datasets/adult.csv,svc,race,10,20,0.25,0.5,"['standard', 'min_max_scaling', 'oversampling']",svc,0.4432446832217169,0.08916119681496047,0.9756505632583943,92.37431859970093,
datasets/adult.csv,xgb,race,10,20,0.25,0.5,"['ipw', 'stratified_sampling', 'clustering', 'min_max_scaling', 'undersampling', 'standard']",xgb,0.44994763093478274,0.0777485252402698,0.9776437871098352,600.19029545784,
datasets/adult.csv,rf,race,10,20,0.5,0.25,"['ipw', 'min_max_scaling', 'clustering', 'undersampling']",rf,0.45728827942198885,0.0630674867672725,0.9776440456112502,3753.6723971366882,
datasets/adult.csv,lr,race,10,20,0.5,0.25,"['ipw', 'matching']",lr,0.3922989059314101,0.018901101117489046,0.8034989129803092,120.34249758720398,
datasets/adult.csv,svc,race,10,20,0.5,0.25,"['matching', 'undersampling', 'oversampling', 'ipw']",svc,0.3996115533761304,0.022822836677808156,0.822045943430069,157.29508876800537,
datasets/adult.csv,xgb,race,10,20,0.5,0.25,"['standard', 'min_max_scaling']",xgb,0.31344594698028294,0.20275451404752756,0.8296464080080934,764.2055280208588,
datasets/adult.csv,rf,race,10,20,0.25,0.75,"['oversampling', 'clustering']",rf,0.45987439722600976,0.06695519150740571,0.9867039859594252,4774.697326421738,
datasets/adult.csv,lr,race,10,20,0.25,0.75,"['min_max_scaling', 'oversampling']",lr,0.4394749006321881,0.0964939666543451,0.9754437679187212,116.75842189788818,
datasets/adult.csv,svc,race,10,20,0.25,0.75,"['stratified_sampling', 'ipw', 'undersampling', 'min_max_scaling']",svc,0.44967555831880035,0.07553385925533211,0.9748849758929328,175.92986154556274,
datasets/adult.csv,xgb,race,10,20,0.25,0.75,"['stratified_sampling', 'undersampling']",xgb,0.44994763093478274,0.0777485252402698,0.9776437871098352,791.1646602153778,
datasets/adult.csv,rf,race,20,10,0.25,0.25,"['clustering', 'undersampling']",rf,0.45866682388437124,0.060558873540975354,0.9778925213097178,239.3995237350464,
datasets/adult.csv,lr,race,20,10,0.25,0.25,"['matching', 'standard']",lr,0.4380066761645348,0.08983128670685914,0.9658446390359288,88.24117708206177,
datasets/adult.csv,svc,race,20,10,0.25,0.25,"['matching', 'oversampling', 'undersampling', 'clustering', 'stratified_sampling']",svc,0.40299520768523467,0.02195694420878215,0.8279473595792515,568.236799955368,
datasets/adult.csv,xgb,race,20,10,0.25,0.25,"['ipw', 'matching']",xgb,0.4396802127913492,0.09369551554101362,0.9730559411237121,852.6348571777344,
datasets/adult.csv,rf,race,20,10,0.25,0.5,"['stratified_sampling', 'undersampling', 'standard']",rf,0.45816637394286946,0.06139751685645687,0.9777302647421958,238.09790182113647,
datasets/adult.csv,lr,race,20,10,0.25,0.5,"['undersampling', 'oversampling', 'stratified_sampling']",lr,0.4125500727340755,0.012430483850083399,0.8375306293182344,89.13915491104126,
datasets/adult.csv,svc,race,20,10,0.25,0.5,"['standard', 'clustering', 'oversampling']",svc,0.44324476767625015,0.08916119681496047,0.9756507321674608,576.9470150470734,
datasets/adult.csv,xgb,race,20,10,0.25,0.5,"['stratified_sampling', 'undersampling', 'oversampling']",xgb,0.454120932842677,0.08150330505236104,0.9897451707377151,852.8868982791901,
datasets/adult.csv,rf,race,10,20,0.75,0.25,"['oversampling', 'ipw', 'stratified_sampling']",rf,0.3514621939608571,0.14632635882041597,0.8492507467421302,2467.44886803627,
datasets/adult.csv,lr,race,10,20,0.75,0.25,"['min_max_scaling', 'clustering']",lr,0.26152461563235885,0.23801389256831504,0.7610631238330328,95.07270407676697,
datasets/adult.csv,svc,race,10,20,0.75,0.25,"['min_max_scaling', 'stratified_sampling', 'undersampling']",svc,0.4495572931332543,0.07578522557140284,0.9748998118379115,624.1376163959503,
datasets/adult.csv,xgb,race,10,20,0.75,0.25,"['ipw', 'stratified_sampling']",xgb,0.29627832036570206,0.19056385782622667,0.7831204985576308,852.5432872772217,
datasets/adult.csv,rf,race,15,15,0.25,0.25,"['clustering', 'matching', 'min_max_scaling', 'standard', 'ipw']",rf,0.45180561973057437,0.06541844142334949,0.9690296808844983,682.9091994762421,
datasets/adult.csv,lr,race,15,15,0.25,0.25,"['oversampling', 'clustering']",lr,0.4054856384326651,0.022652267969061626,0.8336235448343918,87.39101076126099,
datasets/adult.csv,svc,race,15,15,0.25,0.25,"['min_max_scaling', 'clustering', 'matching']",svc,0.44013530611178886,0.08544763510477175,0.9657182473283494,569.3746676445007,
datasets/adult.csv,xgb,race,15,15,0.25,0.25,"['oversampling', 'min_max_scaling', 'undersampling', 'matching', 'standard']",xgb,0.4557415198830802,0.08053232717604272,0.9920153669422032,967.7703161239624,
datasets/adult.csv,rf,race,15,15,0.25,0.75,"['min_max_scaling', 'matching', 'stratified_sampling', 'standard', 'oversampling']",rf,0.4649480819549401,0.056715201155671933,0.9866113650655521,651.761834859848,
datasets/adult.csv,lr,race,15,15,0.25,0.75,"['ipw', 'standard', 'undersampling']",lr,0.4471911561445313,0.07843830866002234,0.972820620949085,87.62346911430359,
datasets/adult.csv,svc,race,15,15,0.25,0.75,"['ipw', 'oversampling', 'clustering']",svc,0.3969180501826422,0.027310059283811198,0.8211461596490957,585.0592288970947,
datasets/adult.csv,xgb,race,15,15,0.25,0.75,"['undersampling', 'ipw', 'clustering']",xgb,0.44696905014360944,0.08344044550234853,0.9773785457895674,968.9885861873627,
datasets/adult.csv,rf,race,20,10,0.25,0.75,"['ipw', 'oversampling']",rf,0.4593913443449728,0.06813626564399507,0.9869189543339407,214.17467641830444,
datasets/adult.csv,lr,race,20,10,0.25,0.75,"['undersampling', 'min_max_scaling', 'clustering']",lr,0.4481255132724283,0.07780827788614282,0.9740593044309994,103.44068551063538,
datasets/adult.csv,svc,race,20,10,0.25,0.75,"['matching', 'standard']",svc,0.4397188432653652,0.08621362580871804,0.9656513123394485,654.9346945285797,
datasets/adult.csv,xgb,race,20,10,0.25,0.75,"['undersampling', 'oversampling', 'stratified_sampling']",xgb,0.454120932842677,0.08150330505236104,0.9897451707377151,855.7781839370728,
datasets/adult.csv,rf,race,15,15,0.5,0.25,['matching'],rf,0.45291121258897443,0.06272002618656093,0.9685424513645098,623.677948474884,
datasets/adult.csv,lr,race,15,15,0.5,0.25,"['min_max_scaling', 'matching']",lr,0.43504712003241197,0.09513005165830606,0.96522429172313,89.01608443260193,
datasets/adult.csv,svc,race,15,15,0.5,0.25,"['ipw', 'standard', 'undersampling']",svc,0.4490659463544678,0.07627483804063938,0.974406730749575,592.5078213214874,
datasets/adult.csv,xgb,race,15,15,0.5,0.25,"['matching', 'ipw']",xgb,0.4396802127913492,0.09369551554101362,0.9730559411237121,970.456458568573,
datasets/adult.csv,rf,race,15,15,0.25,0.5,"['undersampling', 'clustering', 'ipw', 'min_max_scaling']",rf,0.45728827942198885,0.0630674867672725,0.9776440456112502,659.6935408115387,
datasets/adult.csv,lr,race,15,15,0.25,0.5,"['matching', 'undersampling', 'oversampling', 'standard']",lr,0.4411221990732579,0.0933736851604069,0.9756180833069227,89.71353459358215,
datasets/adult.csv,svc,race,15,15,0.25,0.5,"['clustering', 'min_max_scaling', 'oversampling']",svc,0.4432736111122807,0.08911203866662039,0.9756592608911818,594.703243970871,
datasets/adult.csv,xgb,race,15,15,0.25,0.5,"['oversampling', 'standard']",xgb,0.4533975482814254,0.08538171480337375,0.9921768113662246,972.2583000659943,
datasets/adult.csv,rf,race,15,15,0.5,0.5,"['standard', 'undersampling']",rf,0.4562689579774085,0.06500087106626012,0.9775387870210771,598.8432083129883,
datasets/adult.csv,lr,race,15,15,0.5,0.5,['undersampling'],lr,0.4098107091217766,0.014997384587157707,0.8346188028307109,87.46843528747559,
datasets/adult.csv,svc,race,15,15,0.5,0.5,"['clustering', 'min_max_scaling', 'oversampling']",svc,0.4432736111122807,0.08911203866662039,0.9756592608911818,610.3738842010498,
datasets/adult.csv,xgb,race,15,15,0.5,0.5,"['min_max_scaling', 'oversampling', 'ipw', 'matching', 'undersampling']",xgb,0.45371905231576076,0.0846961156203057,0.9921342202518272,974.268177986145,
datasets/adult.csv,rf,race,15,15,0.5,0.75,"['oversampling', 'standard']",rf,0.45982822166045817,0.06697329320874378,0.9866297365296601,562.0971360206604,
datasets/adult.csv,lr,race,15,15,0.5,0.75,"['undersampling', 'min_max_scaling']",lr,0.44780767694639095,0.07838561370160664,0.9740009675943886,87.21932244300842,
datasets/adult.csv,svc,race,15,15,0.5,0.75,"['matching', 'ipw', 'standard']",svc,0.43971975324532475,0.08621362580871804,0.9656531322993676,630.8742232322693,
datasets/adult.csv,xgb,race,15,15,0.5,0.75,"['undersampling', 'min_max_scaling']",xgb,0.44696905014360944,0.08344044550234853,0.9773785457895674,978.203938961029,
datasets/adult.csv,rf,race,20,10,0.5,0.25,"['matching', 'ipw']",rf,0.451884581152352,0.06461100383410719,0.9683801661388113,195.02689290046692,
datasets/adult.csv,lr,race,20,10,0.5,0.25,"['ipw', 'matching']",lr,0.3922989059314101,0.018901101117489046,0.8034989129803092,116.84539675712585,
datasets/adult.csv,svc,race,20,10,0.5,0.25,"['matching', 'ipw', 'oversampling', 'undersampling']",svc,0.3996115533761304,0.022822836677808156,0.822045943430069,690.9702286720276,
datasets/adult.csv,xgb,race,20,10,0.5,0.25,"['undersampling', 'standard']",xgb,0.44696905014360944,0.08344044550234853,0.9773785457895674,866.7631306648254,
datasets/adult.csv,rf,race,20,10,0.5,0.5,"['clustering', 'oversampling', 'undersampling', 'matching', 'stratified_sampling', 'ipw']",rf,0.46332229355643717,0.06026985471488628,0.9869144418277607,190.8751401901245,
datasets/adult.csv,lr,race,20,10,0.5,0.5,"['standard', 'undersampling']",lr,0.44736466965099736,0.07873375997985742,0.9734630992818522,117.77969527244568,
datasets/adult.csv,svc,race,20,10,0.5,0.5,['oversampling'],svc,0.39737717297875214,0.026863904837782213,0.8216182507952865,688.3493390083313,
datasets/adult.csv,xgb,race,20,10,0.5,0.5,"['undersampling', 'clustering', 'min_max_scaling']",xgb,0.4516342909086662,0.07437568305382473,0.9776442648711571,874.4951009750366,
datasets/adult.csv,rf,race,15,15,0.75,0.25,"['standard', 'matching', 'oversampling', 'undersampling']",rf,0.45720243093219026,0.07223221356446505,0.9866370754288456,535.8716516494751,
datasets/adult.csv,lr,race,15,15,0.75,0.25,['matching'],lr,0.39229885887116916,0.018901101117489046,0.8034988188598273,89.4090347290039,
datasets/adult.csv,svc,race,15,15,0.75,0.25,"['ipw', 'min_max_scaling', 'matching']",svc,0.4395278415303701,0.08661838428011852,0.9656740673408587,653.5949580669403,
datasets/adult.csv,xgb,race,15,15,0.75,0.25,"['stratified_sampling', 'undersampling']",xgb,0.44994763093478274,0.0777485252402698,0.9776437871098352,983.9816105365753,
datasets/adult.csv,rf,race,20,10,0.5,0.75,"['stratified_sampling', 'oversampling', 'matching', 'ipw']",rf,0.4630736329655281,0.060971475634078766,0.987118741565135,176.50880193710327,
datasets/adult.csv,lr,race,20,10,0.5,0.75,"['undersampling', 'min_max_scaling']",lr,0.44780767694639095,0.07838561370160664,0.9740009675943886,126.48693656921387,
datasets/adult.csv,svc,race,20,10,0.5,0.75,"['min_max_scaling', 'stratified_sampling', 'clustering', 'undersampling']",svc,0.44955535254891255,0.07578522557140284,0.974895930669228,705.3769128322601,
datasets/adult.csv,xgb,race,20,10,0.5,0.75,"['standard', 'oversampling']",xgb,0.4533975482814254,0.08538171480337375,0.9921768113662246,888.5718579292297,
datasets/adult.csv,rf,race,20,10,0.75,0.25,"['matching', 'min_max_scaling']",rf,0.45291205689773867,0.06272002618656093,0.9685441399820383,159.46633458137512,
datasets/adult.csv,lr,race,20,10,0.75,0.25,"['ipw', 'clustering', 'matching', 'stratified_sampling']",lr,0.152673678355841,0.11156240498906204,0.41690976170074406,128.79676723480225,
datasets/adult.csv,svc,race,20,10,0.75,0.25,"['ipw', 'undersampling', 'clustering']",svc,0.4065793835652789,0.016701010016870337,0.8298597771474281,706.0996091365814,
datasets/adult.csv,xgb,race,20,10,0.75,0.25,"['matching', 'ipw', 'clustering', 'standard']",xgb,0.44180925588108805,0.08990904145248053,0.9735275532146567,885.0376048088074,
datasets/adult.csv,rf,race,15,15,0.75,0.5,['oversampling'],rf,0.45982718307384557,0.06697370893059197,0.9866280750782831,478.84244751930237,
datasets/adult.csv,lr,race,15,15,0.75,0.5,"['standard', 'ipw']",lr,0.27952720320102753,0.21162254908493303,0.7706769554869881,96.81894755363464,
datasets/adult.csv,svc,race,15,15,0.75,0.5,['undersampling'],svc,0.40607463230949725,0.014636143517287098,0.8267854081362817,668.6991066932678,
datasets/adult.csv,xgb,race,15,15,0.75,0.5,['oversampling'],xgb,0.4533975482814254,0.08538171480337375,0.9921768113662246,991.4055166244507,
datasets/adult.csv,rf,race,20,10,0.75,0.5,"['standard', 'oversampling']",rf,0.45982822166045817,0.06697329320874378,0.9866297365296601,137.93261909484863,
datasets/adult.csv,lr,race,20,10,0.75,0.5,"['min_max_scaling', 'undersampling', 'clustering']",lr,0.4481255132724283,0.07780827788614282,0.9740593044309994,141.1633586883545,
datasets/adult.csv,svc,race,20,10,0.75,0.5,"['matching', 'ipw']",svc,0.3861827958339481,0.02738115003908413,0.7997467417069803,735.1693794727325,
datasets/adult.csv,xgb,race,20,10,0.75,0.5,"['ipw', 'oversampling', 'min_max_scaling']",xgb,0.4533975482814254,0.08538171480337375,0.9921768113662246,895.0903873443604,
datasets/adult.csv,rf,race,15,15,0.75,0.75,['oversampling'],rf,0.45982718307384557,0.06697370893059197,0.9866280750782831,474.2118835449219,
datasets/adult.csv,lr,race,15,15,0.75,0.75,"['standard', 'oversampling']",lr,0.44071032036993574,0.09433454433516147,0.975755185075033,102.92625617980957,
datasets/adult.csv,svc,race,15,15,0.75,0.75,"['ipw', 'undersampling', 'matching', 'oversampling']",svc,0.3996115533761304,0.022822836677808156,0.822045943430069,702.3444983959198,
datasets/adult.csv,xgb,race,15,15,0.75,0.75,"['oversampling', 'ipw']",xgb,0.4533975482814254,0.08538171480337375,0.9921768113662246,1000.7433466911316,
datasets/adult.csv,rf,race,20,10,0.75,0.75,['oversampling'],rf,0.45982718307384557,0.06697370893059197,0.9866280750782831,89.74218940734863,
datasets/adult.csv,lr,race,20,10,0.75,0.75,"['min_max_scaling', 'undersampling']",lr,0.44780767694639095,0.07838561370160664,0.9740009675943886,204.58401703834534,
datasets/adult.csv,svc,race,20,10,0.75,0.75,"['oversampling', 'standard']",svc,0.44324232591938223,0.08916119681496047,0.975645848653725,811.7053689956665,
datasets/adult.csv,xgb,race,20,10,0.75,0.75,"['oversampling', 'standard']",xgb,0.4533975482814254,0.08538171480337375,0.9921768113662246,934.270349740982,
datasets/adult.csv,rf,race,15,20,0.25,0.75,"['oversampling', 'standard', 'matching', 'min_max_scaling']",rf,0.34228055880136765,0.17532839016377433,0.8598895077665096,491.70011591911316,
datasets/adult.csv,lr,race,15,20,0.25,0.75,"['standard', 'undersampling']",lr,0.44736466965099736,0.07873375997985742,0.9734630992818522,409.61264657974243,
datasets/adult.csv,svc,race,15,20,0.25,0.75,"['min_max_scaling', 'oversampling']",svc,0.44315873694437313,0.08934458605867852,0.9756620599474248,1318.2184433937073,
datasets/adult.csv,xgb,race,15,20,0.25,0.75,"['oversampling', 'standard', 'min_max_scaling']",xgb,0.4533975482814254,0.08538171480337375,0.9921768113662246,1533.5731189250946,
datasets/adult.csv,rf,race,15,20,0.5,0.25,"['clustering', 'ipw', 'matching', 'standard', 'min_max_scaling']",rf,0.45180561973057437,0.06541844142334949,0.9690296808844983,473.4194221496582,
datasets/adult.csv,lr,race,15,20,0.5,0.25,"['oversampling', 'ipw']",lr,0.4054862793797164,0.022652267969061626,0.8336248267284944,420.44819617271423,
datasets/adult.csv,svc,race,15,20,0.5,0.25,"['standard', 'ipw', 'undersampling']",svc,0.4490659463544678,0.07627483804063938,0.974406730749575,1319.6088995933533,
datasets/adult.csv,xgb,race,15,20,0.5,0.25,"['standard', 'undersampling']",xgb,0.44696905014360944,0.08344044550234853,0.9773785457895674,1534.0374763011932,
datasets/adult.csv,rf,race,15,20,0.25,0.5,"['clustering', 'undersampling']",rf,0.45866682388437124,0.060558873540975354,0.9778925213097178,495.16202545166016,
datasets/adult.csv,lr,race,15,20,0.25,0.5,"['stratified_sampling', 'oversampling', 'undersampling', 'min_max_scaling']",lr,0.4434677869340765,0.08710634073292549,0.9740419146010785,413.80976152420044,
datasets/adult.csv,svc,race,15,20,0.25,0.5,['undersampling'],svc,0.40607463230949725,0.014636143517287098,0.8267854081362817,1322.3157155513763,
datasets/adult.csv,xgb,race,15,20,0.25,0.5,"['matching', 'clustering', 'undersampling']",xgb,0.3012115450874799,0.17564945956644515,0.7780725497414049,1538.7134602069855,
datasets/adult.csv,rf,race,15,20,0.25,0.25,"['matching', 'standard', 'clustering', 'stratified_sampling']",rf,0.3038286900131936,0.1543174108866279,0.7619747909130151,498.9762899875641,
datasets/adult.csv,lr,race,15,20,0.25,0.25,"['ipw', 'undersampling']",lr,0.4098107091217766,0.014997384587157707,0.8346188028307109,424.5073983669281,
datasets/adult.csv,svc,race,15,20,0.25,0.25,['clustering'],svc,0.1716519513024945,0.14072950382206847,0.4840334064270575,1323.1318757534027,
datasets/adult.csv,xgb,race,15,20,0.25,0.25,"['clustering', 'undersampling', 'ipw']",xgb,0.44696905014360944,0.08344044550234853,0.9773785457895674,1529.9592163562775,
datasets/adult.csv,rf,race,15,20,0.5,0.5,"['stratified_sampling', 'undersampling', 'standard']",rf,0.45816637394286946,0.06139751685645687,0.9777302647421958,461.70627212524414,
datasets/adult.csv,lr,race,15,20,0.5,0.5,"['clustering', 'undersampling']",lr,0.4098107091217766,0.014997384587157707,0.8346188028307109,438.5378050804138,
datasets/adult.csv,svc,race,15,20,0.5,0.5,"['min_max_scaling', 'clustering', 'oversampling']",svc,0.4432736111122807,0.08911203866662039,0.9756592608911818,1328.5706386566162,
datasets/adult.csv,xgb,race,15,20,0.5,0.5,"['oversampling', 'min_max_scaling']",xgb,0.4533975482814254,0.08538171480337375,0.9921768113662246,1534.2061059474945,
datasets/adult.csv,rf,race,15,20,0.5,0.75,"['standard', 'min_max_scaling', 'undersampling']",rf,0.4562601147040737,0.06500087106626012,0.9775211004744075,425.59962368011475,
datasets/adult.csv,lr,race,15,20,0.5,0.75,"['standard', 'oversampling']",lr,0.44071032036993574,0.09433454433516147,0.975755185075033,434.70523262023926,
datasets/adult.csv,svc,race,15,20,0.5,0.75,"['oversampling', 'standard']",svc,0.44324232591938223,0.08916119681496047,0.975645848653725,1332.89106631279,
datasets/adult.csv,xgb,race,15,20,0.5,0.75,"['matching', 'min_max_scaling']",xgb,0.4396802127913492,0.09369551554101362,0.9730559411237121,1546.1352105140686,
datasets/adult.csv,rf,race,15,20,0.75,0.25,"['standard', 'matching']",rf,0.45297708275735427,0.06259423215924621,0.9685483976739547,424.88820147514343,
datasets/adult.csv,lr,race,15,20,0.75,0.25,"['undersampling', 'standard']",lr,0.44736466965099736,0.07873375997985742,0.9734630992818522,479.1445288658142,
datasets/adult.csv,svc,race,15,20,0.75,0.25,"['matching', 'clustering', 'standard']",svc,0.43951101061118686,0.08679355889438722,0.9658155801167609,1341.7899522781372,
datasets/adult.csv,xgb,race,15,20,0.75,0.25,"['min_max_scaling', 'undersampling']",xgb,0.44696905014360944,0.08344044550234853,0.9773785457895674,1538.2279369831085,
datasets/adult.csv,rf,race,15,20,0.75,0.75,['undersampling'],rf,0.45625718264683324,0.06500087106626012,0.9775152363599267,388.7639174461365,
datasets/adult.csv,lr,race,15,20,0.75,0.75,"['clustering', 'undersampling']",lr,0.4098107091217766,0.014997384587157707,0.8346188028307109,499.0947744846344,
datasets/adult.csv,svc,race,15,20,0.75,0.75,"['ipw', 'oversampling', 'standard']",svc,0.44324300988513127,0.08916119681496047,0.975647216585223,1344.2176682949066,
datasets/adult.csv,xgb,race,15,20,0.75,0.75,"['standard', 'oversampling']",xgb,0.4533975482814254,0.08538171480337375,0.9921768113662246,1543.999257326126,
datasets/adult.csv,rf,race,15,20,0.75,0.5,"['undersampling', 'standard', 'stratified_sampling']",rf,0.45816637394286946,0.06139751685645687,0.9777302647421958,394.4711515903473,
datasets/adult.csv,lr,race,15,20,0.75,0.5,"['clustering', 'matching', 'min_max_scaling']",lr,0.4352338283298412,0.09473353956769036,0.9652011962273728,506.03937244415283,
datasets/adult.csv,svc,race,15,20,0.75,0.5,"['min_max_scaling', 'ipw', 'undersampling']",svc,0.44810638410774944,0.07871815321630805,0.9749309214318069,1345.4634408950806,
datasets/adult.csv,xgb,race,15,20,0.75,0.5,"['oversampling', 'undersampling', 'stratified_sampling']",xgb,0.454120932842677,0.08150330505236104,0.9897451707377151,1539.6484661102295,
datasets/adult.csv,rf,race,20,15,0.25,0.25,"['clustering', 'oversampling']",rf,0.45987439722600976,0.06695519150740571,0.9867039859594252,133.1788833141327,
datasets/adult.csv,lr,race,20,15,0.25,0.25,['undersampling'],lr,0.4098107091217766,0.014997384587157707,0.8346188028307109,962.1526465415955,
datasets/adult.csv,svc,race,20,15,0.25,0.25,['standard'],svc,0.28103301258577734,0.20868262761779233,0.770748652789347,1455.268545627594,
datasets/adult.csv,xgb,race,20,15,0.25,0.25,"['min_max_scaling', 'standard', 'undersampling', 'stratified_sampling']",xgb,0.44994763093478274,0.0777485252402698,0.9776437871098352,1453.6115028858185,
datasets/adult.csv,rf,race,20,15,0.25,0.5,"['oversampling', 'undersampling', 'min_max_scaling', 'ipw', 'matching']",rf,0.45961746766547656,0.06719449915832779,0.9864294344892809,138.85792899131775,
datasets/adult.csv,lr,race,20,15,0.25,0.5,"['undersampling', 'stratified_sampling', 'oversampling']",lr,0.4125500727340755,0.012430483850083399,0.8375306293182344,994.0183494091034,
datasets/adult.csv,svc,race,20,15,0.25,0.5,"['undersampling', 'standard']",svc,0.4489142447333186,0.0765791448576537,0.9744076343242909,1450.8465898036957,
datasets/adult.csv,xgb,race,20,15,0.25,0.5,"['undersampling', 'min_max_scaling', 'stratified_sampling', 'ipw']",xgb,0.44994763093478274,0.0777485252402698,0.9776437871098352,1449.8087623119354,
datasets/adult.csv,rf,race,20,15,0.25,0.75,"['stratified_sampling', 'matching', 'ipw', 'oversampling']",rf,0.4630736329655281,0.060971475634078766,0.987118741565135,164.42071652412415,
datasets/adult.csv,lr,race,20,15,0.25,0.75,"['standard', 'undersampling']",lr,0.44736466965099736,0.07873375997985742,0.9734630992818522,1124.3787353038788,
datasets/adult.csv,svc,race,20,15,0.25,0.75,"['standard', 'matching', 'ipw', 'undersampling', 'oversampling']",svc,0.28357496050041486,0.20050402256229358,0.7676539435631233,1493.0014598369598,
datasets/adult.csv,xgb,race,20,15,0.25,0.75,"['oversampling', 'undersampling', 'min_max_scaling']",xgb,0.4516630633455722,0.08867776266700013,0.9920038893581445,1406.6167392730713,
datasets/adult.csv,rf,race,20,15,0.5,0.25,"['ipw', 'clustering', 'matching']",rf,0.45265108438751545,0.0632414289626855,0.9685435977377164,167.28960609436035,
datasets/adult.csv,lr,race,20,15,0.5,0.25,"['matching', 'ipw', 'clustering']",lr,0.392298912967765,0.018901101117489046,0.803498927053019,1130.207267999649,
datasets/adult.csv,svc,race,20,15,0.5,0.25,"['oversampling', 'clustering', 'ipw']",svc,0.3969180501826422,0.027310059283811198,0.8211461596490957,1499.027731180191,
datasets/adult.csv,xgb,race,20,15,0.5,0.25,"['oversampling', 'matching', 'stratified_sampling']",xgb,0.35436081460366875,0.21007140452972983,0.9187930337370673,1401.660522699356,
datasets/adult.csv,rf,race,20,15,0.5,0.5,"['matching', 'oversampling', 'stratified_sampling']",rf,0.4599139682682603,0.06670403055082495,0.9865319670873456,168.79316687583923,
datasets/adult.csv,lr,race,20,15,0.5,0.5,"['clustering', 'undersampling', 'min_max_scaling']",lr,0.4481255132724283,0.07780827788614282,0.9740593044309994,1135.859925031662,
datasets/adult.csv,svc,race,20,15,0.5,0.5,"['stratified_sampling', 'ipw', 'undersampling', 'standard', 'clustering']",svc,0.4489741207264514,0.07621393077795059,0.9741621722308533,1494.012103319168,
datasets/adult.csv,xgb,race,20,15,0.5,0.5,"['undersampling', 'stratified_sampling']",xgb,0.44994763093478274,0.0777485252402698,0.9776437871098352,1402.085304737091,
datasets/adult.csv,rf,race,20,15,0.5,0.75,"['oversampling', 'ipw']",rf,0.4593913443449728,0.06813626564399507,0.9869189543339407,187.7885706424713,
datasets/adult.csv,lr,race,20,15,0.5,0.75,"['undersampling', 'min_max_scaling']",lr,0.44780767694639095,0.07838561370160664,0.9740009675943886,1181.749902009964,
datasets/adult.csv,svc,race,20,15,0.5,0.75,"['stratified_sampling', 'min_max_scaling', 'undersampling']",svc,0.4495572931332543,0.07578522557140284,0.9748998118379115,1502.048640012741,
datasets/adult.csv,xgb,race,20,15,0.5,0.75,"['stratified_sampling', 'undersampling', 'oversampling']",xgb,0.454120932842677,0.08150330505236104,0.9897451707377151,1386.9081954956055,
datasets/adult.csv,rf,race,20,15,0.75,0.25,"['ipw', 'min_max_scaling', 'undersampling', 'clustering', 'oversampling', 'matching']",rf,0.45989092690271205,0.06694046991680595,0.98672232372223,244.22187542915344,
datasets/adult.csv,lr,race,20,15,0.75,0.25,"['standard', 'undersampling']",lr,0.44736466965099736,0.07873375997985742,0.9734630992818522,1241.1635084152222,
datasets/adult.csv,svc,race,20,15,0.75,0.25,"['clustering', 'matching']",svc,0.38789645043451526,0.027646297500586826,0.8034391983696173,1530.1665546894073,
datasets/adult.csv,xgb,race,20,15,0.75,0.25,"['stratified_sampling', 'undersampling']",xgb,0.44994763093478274,0.0777485252402698,0.9776437871098352,1329.9772622585297,
datasets/adult.csv,rf,race,20,15,0.75,0.5,"['matching', 'min_max_scaling', 'standard', 'oversampling', 'undersampling']",rf,0.44869416322368716,0.08966017846259226,0.9870485049099665,277.9781901836395,
datasets/adult.csv,lr,race,20,15,0.75,0.5,"['undersampling', 'clustering']",lr,0.4098107091217766,0.014997384587157707,0.8346188028307109,1262.4102010726929,
datasets/adult.csv,svc,race,20,15,0.75,0.5,"['undersampling', 'min_max_scaling']",svc,0.4481073664075169,0.07871815321630805,0.9749328860313419,1541.3501996994019,
datasets/adult.csv,xgb,race,20,15,0.75,0.5,"['oversampling', 'ipw']",xgb,0.4533975482814254,0.08538171480337375,0.9921768113662246,1302.9197733402252,
datasets/adult.csv,rf,race,20,15,0.75,0.75,['oversampling'],rf,0.45982718307384557,0.06697370893059197,0.9866280750782831,678.0894451141357,
datasets/adult.csv,lr,race,20,15,0.75,0.75,"['undersampling', 'min_max_scaling']",lr,0.44780767694639095,0.07838561370160664,0.9740009675943886,1383.5247185230255,
datasets/adult.csv,svc,race,20,15,0.75,0.75,"['standard', 'oversampling']",svc,0.44324232591938223,0.08916119681496047,0.975645848653725,1512.842469215393,
datasets/adult.csv,xgb,race,20,15,0.75,0.75,['oversampling'],xgb,0.4533975482814254,0.08538171480337375,0.9921768113662246,1070.6821188926697,
datasets/adult.csv,rf,race,20,20,0.25,0.25,"['undersampling', 'ipw']",rf,0.4556050014731563,0.06638766355608032,0.9775976665023929,1166.7777757644653,
datasets/adult.csv,lr,race,20,20,0.25,0.25,"['clustering', 'standard', 'matching']",lr,0.437186651244424,0.09167876799262986,0.9660520704814779,1979.8383634090424,
datasets/adult.csv,svc,race,20,20,0.25,0.25,"['ipw', 'stratified_sampling', 'oversampling', 'undersampling', 'min_max_scaling']",svc,0.4515269292180328,0.07280904882726823,0.9758629072633338,1519.07195186615,
datasets/adult.csv,xgb,race,20,20,0.25,0.25,"['matching', 'clustering', 'ipw', 'min_max_scaling']",xgb,0.4406463678993211,0.09157082962148151,0.9728635654201238,1080.4743967056274,
datasets/adult.csv,rf,race,20,20,0.25,0.5,"['undersampling', 'clustering']",rf,0.45866682388437124,0.060558873540975354,0.9778925213097178,1307.591276884079,
datasets/adult.csv,lr,race,20,20,0.25,0.5,"['clustering', 'matching', 'ipw', 'min_max_scaling']",lr,0.43526035366598187,0.0947457432509478,0.9652664505829115,2024.2973322868347,
datasets/adult.csv,svc,race,20,20,0.25,0.5,"['min_max_scaling', 'oversampling']",svc,0.44315873694437313,0.08934458605867852,0.9756620599474248,1414.9722023010254,
datasets/adult.csv,xgb,race,20,20,0.25,0.5,"['undersampling', 'stratified_sampling']",xgb,0.44994763093478274,0.0777485252402698,0.9776437871098352,1087.708326101303,
datasets/adult.csv,rf,race,20,20,0.25,0.75,"['stratified_sampling', 'oversampling', 'matching']",rf,0.4599139682682603,0.06670403055082495,0.9865319670873456,1324.4157500267029,
datasets/adult.csv,lr,race,20,20,0.25,0.75,"['clustering', 'undersampling']",lr,0.4098107091217766,0.014997384587157707,0.8346188028307109,2023.8848042488098,
datasets/adult.csv,svc,race,20,20,0.25,0.75,"['ipw', 'oversampling']",svc,0.3968276455426624,0.029555878533585263,0.82321116961891,1407.8276085853577,
datasets/adult.csv,xgb,race,20,20,0.25,0.75,"['min_max_scaling', 'standard', 'oversampling']",xgb,0.4533975482814254,0.08538171480337375,0.9921768113662246,1084.8426830768585,
datasets/adult.csv,rf,race,20,20,0.5,0.25,"['ipw', 'undersampling', 'stratified_sampling', 'standard']",rf,0.4561321983414604,0.06546974482827893,0.9777341415111998,1354.0024495124817,
datasets/adult.csv,lr,race,20,20,0.5,0.25,"['undersampling', 'clustering']",lr,0.4098107091217766,0.014997384587157707,0.8346188028307109,2029.8578569889069,
datasets/adult.csv,svc,race,20,20,0.5,0.25,"['clustering', 'oversampling', 'standard']",svc,0.44324476767625015,0.08916119681496047,0.9756507321674608,1385.475843667984,
datasets/adult.csv,xgb,race,20,20,0.5,0.25,"['undersampling', 'matching']",xgb,0.3012185944314753,0.1756189600643632,0.7780561489273138,1082.7427456378937,
datasets/adult.csv,rf,race,20,20,0.75,0.25,"['undersampling', 'stratified_sampling', 'clustering', 'min_max_scaling', 'standard', 'oversampling']",rf,0.4711425587281883,0.04453958769834356,0.9868247051547201,1406.3837049007416,
datasets/adult.csv,lr,race,20,20,0.75,0.25,"['undersampling', 'min_max_scaling']",lr,0.44780767694639095,0.07838561370160664,0.9740009675943886,2036.4033455848694,
datasets/adult.csv,svc,race,20,20,0.75,0.25,"['min_max_scaling', 'stratified_sampling', 'undersampling', 'ipw']",svc,0.44967555831880035,0.07553385925533211,0.9748849758929328,1360.6961920261383,
datasets/adult.csv,xgb,race,20,20,0.75,0.25,"['stratified_sampling', 'undersampling', 'oversampling']",xgb,0.454120932842677,0.08150330505236104,0.9897451707377151,1064.474981546402,
datasets/adult.csv,rf,race,20,20,0.5,0.5,"['undersampling', 'clustering']",rf,0.45866682388437124,0.060558873540975354,0.9778925213097178,1394.384753227234,
datasets/adult.csv,lr,race,20,20,0.5,0.5,['oversampling'],lr,0.4054856327225527,0.022652267969061626,0.8336235334141671,2037.122694015503,
datasets/adult.csv,svc,race,20,20,0.5,0.5,"['stratified_sampling', 'undersampling']",svc,0.405475353058422,0.015927296258626922,0.8268780023754708,1367.3823900222778,
datasets/adult.csv,xgb,race,20,20,0.5,0.5,"['stratified_sampling', 'undersampling', 'oversampling']",xgb,0.454120932842677,0.08150330505236104,0.9897451707377151,1076.135588169098,
datasets/adult.csv,rf,race,20,20,0.5,0.75,"['oversampling', 'matching', 'stratified_sampling', 'ipw']",rf,0.4630736329655281,0.060971475634078766,0.987118741565135,1408.242428302765,
datasets/adult.csv,lr,race,20,20,0.5,0.75,"['standard', 'undersampling']",lr,0.44736466965099736,0.07873375997985742,0.9734630992818522,2032.180416584015,
datasets/adult.csv,svc,race,20,20,0.5,0.75,"['min_max_scaling', 'undersampling']",svc,0.4481073664075169,0.07871815321630805,0.9749328860313419,1360.0140535831451,
datasets/adult.csv,xgb,race,20,20,0.5,0.75,"['undersampling', 'stratified_sampling']",xgb,0.44994763093478274,0.0777485252402698,0.9776437871098352,1072.5094912052155,
datasets/adult.csv,rf,race,20,20,0.75,0.5,"['undersampling', 'clustering']",rf,0.45866682388437124,0.060558873540975354,0.9778925213097178,1415.05664229393,
datasets/adult.csv,lr,race,20,20,0.75,0.5,"['ipw', 'undersampling']",lr,0.4098107091217766,0.014997384587157707,0.8346188028307109,2027.6939535140991,
datasets/adult.csv,svc,race,20,20,0.75,0.5,"['ipw', 'min_max_scaling', 'undersampling']",svc,0.44810638410774944,0.07871815321630805,0.9749309214318069,1367.567545890808,
datasets/adult.csv,xgb,race,20,20,0.75,0.5,"['min_max_scaling', 'undersampling', 'ipw']",xgb,0.44696905014360944,0.08344044550234853,0.9773785457895674,1067.095491886139,
datasets/adult.csv,rf,race,20,20,0.75,0.75,"['clustering', 'oversampling']",rf,0.45987439722600976,0.06695519150740571,0.9867039859594252,1419.5818326473236,
datasets/adult.csv,lr,race,20,20,0.75,0.75,"['standard', 'undersampling']",lr,0.44736466965099736,0.07873375997985742,0.9734630992818522,2035.5047636032104,
datasets/adult.csv,svc,race,20,20,0.75,0.75,['undersampling'],svc,0.40607463230949725,0.014636143517287098,0.8267854081362817,1360.7944297790527,
datasets/adult.csv,xgb,race,20,20,0.75,0.75,"['oversampling', 'clustering']",xgb,0.4533975482814254,0.08538171480337375,0.9921768113662246,1059.444769859314,
datasets/adult.csv,rf,sex,5,5,0.25,0.25,['undersampling'],rf,-0.05472164116912315,0.8911358476743384,0.7816925653360921,9900.464569091797,
datasets/adult.csv,lr,sex,5,5,0.25,0.25,"['oversampling', 'undersampling', 'matching', 'ipw']",lr,0.060361328557922506,0.3131255492414497,0.4338482063572947,3442.301244735718,
datasets/adult.csv,svc,sex,5,5,0.25,0.25,"['standard', 'clustering', 'matching', 'undersampling', 'ipw', 'oversampling', 'stratified_sampling', 'min_max_scaling']",svc,-0.05865029306052377,0.8872866248578174,0.7699860387367699,1564.3312952518463,
datasets/adult.csv,xgb,sex,5,5,0.25,0.25,['oversampling'],xgb,0.07309508171447654,0.7428764055594802,0.8890665689884333,11965.002482175827,
datasets/adult.csv,rf,sex,5,15,0.75,0.25,"['standard', 'clustering']",rf,-0.07345705270097819,0.9471041363080027,0.8001900309060463,12277.09082865715,
datasets/adult.csv,lr,sex,5,15,0.75,0.25,"['oversampling', 'min_max_scaling']",lr,-0.0993310063944251,0.9430894455229847,0.7444274327341345,4053.613039970398,
datasets/adult.csv,svc,sex,5,15,0.75,0.25,"['min_max_scaling', 'clustering', 'standard']",svc,-0.020247551245640816,0.8107744340796499,0.7702793315883683,5557.277284145355,
datasets/adult.csv,xgb,sex,5,15,0.75,0.25,['stratified_sampling'],xgb,0.4108328857543313,0.15756689894821083,0.9792326704568735,9123.838312387466,
datasets/adult.csv,rf,sex,5,5,0.25,0.75,"['ipw', 'clustering', 'matching', 'min_max_scaling', 'standard']",rf,0.4173991413382882,0.13385994957873593,0.9686582322553123,14134.117864608765,
datasets/adult.csv,lr,sex,5,5,0.25,0.75,"['ipw', 'min_max_scaling', 'standard']",lr,-0.0469124095048451,0.8645091320214245,0.7706843130117343,2618.612081050873,
datasets/adult.csv,svc,sex,5,5,0.25,0.75,"['standard', 'matching', 'ipw', 'clustering', 'oversampling', 'min_max_scaling', 'stratified_sampling', 'undersampling']",svc,-0.05865029306052377,0.8872866248578174,0.7699860387367699,1383.8794288635254,
datasets/adult.csv,xgb,sex,5,5,0.25,0.75,['matching'],xgb,0.40938416801809363,0.15428760508752484,0.9730559411237121,15221.915707588196,
datasets/adult.csv,rf,sex,5,10,0.25,0.25,"['min_max_scaling', 'clustering']",rf,-0.04981976676171074,0.8989346611155405,0.7992951275921191,12296.008319854736,
datasets/adult.csv,lr,sex,5,10,0.25,0.25,"['clustering', 'undersampling', 'stratified_sampling', 'standard', 'oversampling']",lr,-0.05782307198490849,0.8684744243484159,0.752828280378599,4192.208708763123,
datasets/adult.csv,svc,sex,5,10,0.25,0.25,"['standard', 'stratified_sampling', 'oversampling', 'min_max_scaling', 'ipw', 'matching']",svc,-0.06024665063081974,0.8740129049209311,0.7535196036592916,4942.6413679122925,
datasets/adult.csv,xgb,sex,5,10,0.25,0.25,['undersampling'],xgb,0.021115958140938973,0.7666886447858196,0.8089205610676975,14391.350806474686,
datasets/adult.csv,rf,sex,5,15,0.25,0.75,"['ipw', 'stratified_sampling', 'standard']",rf,0.4213110078606016,0.13448494527506277,0.9771069609962659,23893.9862473011,
datasets/adult.csv,lr,sex,5,15,0.25,0.75,"['min_max_scaling', 'clustering']",lr,-0.08728436118394628,0.9359192991113856,0.761350576743493,681.173357963562,
datasets/adult.csv,svc,sex,5,15,0.25,0.75,"['matching', 'min_max_scaling', 'undersampling']",svc,-0.034920646363332364,0.8305252395607435,0.7606839468340788,2517.6324532032013,
datasets/adult.csv,xgb,sex,5,15,0.25,0.75,['undersampling'],xgb,0.021115958140938973,0.7666886447858196,0.8089205610676975,8747.416874170303,
datasets/adult.csv,rf,sex,5,15,0.5,0.75,"['min_max_scaling', 'clustering']",rf,-0.04981976676171074,0.8989346611155405,0.7992951275921191,12455.371565818787,
datasets/adult.csv,lr,sex,5,15,0.5,0.75,"['undersampling', 'standard', 'ipw', 'clustering', 'min_max_scaling']",lr,-0.03800831582575176,0.8363948156674801,0.7603781840159766,5642.7514979839325,
datasets/adult.csv,svc,sex,5,15,0.5,0.75,"['stratified_sampling', 'ipw', 'undersampling', 'clustering']",svc,0.057624767797201965,0.3285990372948437,0.4438485728892476,7329.543884515762,
datasets/adult.csv,xgb,sex,5,15,0.5,0.75,['matching'],xgb,0.40938416801809363,0.15428760508752484,0.9730559411237121,10549.022253990173,
datasets/adult.csv,rf,sex,5,10,0.75,0.25,"['min_max_scaling', 'stratified_sampling', 'ipw']",rf,0.42227309617610304,0.13261282995174709,0.9771590223039531,19678.934867858887,
datasets/adult.csv,lr,sex,5,10,0.75,0.25,"['min_max_scaling', 'oversampling']",lr,-0.0993310063944251,0.9430894455229847,0.7444274327341345,558.3341646194458,
datasets/adult.csv,svc,sex,5,10,0.75,0.25,"['standard', 'matching', 'oversampling']",svc,-0.05627541184975421,0.866382845483162,0.7538320217836536,4608.323153972626,
datasets/adult.csv,xgb,sex,5,10,0.75,0.25,['ipw'],xgb,0.0011071121751212165,0.827432183657851,0.8296464080080934,12104.054950714111,
datasets/adult.csv,rf,sex,5,10,0.5,0.25,"['min_max_scaling', 'standard']",rf,-0.06833727299436043,0.9359293223238495,0.7992547763351286,10283.05039858818,
datasets/adult.csv,lr,sex,5,10,0.5,0.25,"['stratified_sampling', 'clustering', 'undersampling', 'matching']",lr,0.40049622396532186,0.026466273614834973,0.8274587215454787,5032.531612873077,
datasets/adult.csv,svc,sex,5,10,0.5,0.25,"['stratified_sampling', 'undersampling']",svc,0.05924966540314286,0.3317214570068685,0.4502207878131542,4844.0130569934845,
datasets/adult.csv,xgb,sex,5,10,0.5,0.25,['clustering'],xgb,0.0011071121751212165,0.827432183657851,0.8296464080080934,17747.2054810524,
datasets/adult.csv,rf,sex,5,5,0.25,0.5,"['min_max_scaling', 'stratified_sampling']",rf,0.41978283895991203,0.13770746147440568,0.9772731393942298,12381.963746070862,
datasets/adult.csv,lr,sex,5,5,0.25,0.5,"['standard', 'clustering', 'matching', 'undersampling', 'min_max_scaling']",lr,-0.03643748106557837,0.8343000116058529,0.7614250494746961,2776.509246110916,
datasets/adult.csv,svc,sex,5,5,0.25,0.5,"['oversampling', 'standard', 'stratified_sampling', 'undersampling', 'ipw']",svc,-0.05318284377434518,0.8594467146976777,0.7530810271489874,3800.5278816223145,
datasets/adult.csv,xgb,sex,5,5,0.25,0.5,"['oversampling', 'min_max_scaling', 'ipw', 'undersampling']",xgb,0.4242183189198951,0.13855788825860235,0.9869945260983926,19621.65275287628,
datasets/adult.csv,rf,sex,5,15,0.5,0.5,"['stratified_sampling', 'ipw', 'undersampling', 'oversampling']",rf,0.0019460722768250838,0.8283780858850017,0.8322702304386519,31092.571442127228,
datasets/adult.csv,lr,sex,5,15,0.5,0.5,"['stratified_sampling', 'oversampling']",lr,0.03718675332632718,0.3640578812390823,0.43843138789173663,1053.9993062019348,
datasets/adult.csv,svc,sex,5,15,0.5,0.5,"['stratified_sampling', 'clustering', 'oversampling']",svc,0.06535427355819337,0.32594250761504734,0.4566510547314341,989.2086651325226,
datasets/adult.csv,xgb,sex,5,15,0.5,0.5,['undersampling'],xgb,0.021115958140938973,0.7666886447858196,0.8089205610676975,5360.099356174469,
datasets/adult.csv,rf,sex,5,15,0.5,0.25,"['min_max_scaling', 'standard', 'undersampling', 'oversampling', 'clustering']",rf,0.43114613778093097,0.12129052286464481,0.9835827984265068,19452.711049079895,
datasets/adult.csv,lr,sex,5,15,0.5,0.25,"['undersampling', 'min_max_scaling']",lr,-0.09780495540282114,0.9390384937831197,0.7434285829774774,1628.2781674861908,
datasets/adult.csv,svc,sex,5,15,0.5,0.25,"['clustering', 'oversampling', 'ipw']",svc,0.06905306630183533,0.29222841692678625,0.4303345495304569,2284.550555706024,
datasets/adult.csv,xgb,sex,5,15,0.5,0.25,['standard'],xgb,0.0011071121751212165,0.827432183657851,0.8296464080080934,15187.906246185303,
datasets/adult.csv,rf,sex,5,5,0.5,0.25,"['undersampling', 'stratified_sampling', 'matching', 'clustering']",rf,0.4233152033625692,0.12938992044382822,0.9760203271689667,18843.273945093155,
datasets/adult.csv,lr,sex,5,5,0.5,0.25,"['standard', 'undersampling']",lr,-0.04108661105868594,0.8424305295435562,0.7602573074261844,453.67260932922363,
datasets/adult.csv,svc,sex,5,5,0.5,0.25,"['ipw', 'oversampling', 'clustering', 'min_max_scaling', 'stratified_sampling']",svc,-0.02452685800869414,0.8237104355903057,0.7746567195729174,3263.1337563991547,
datasets/adult.csv,xgb,sex,5,5,0.5,0.25,"['stratified_sampling', 'min_max_scaling']",xgb,0.4108328857543313,0.15756689894821083,0.9792326704568735,17829.551523685455,
datasets/adult.csv,rf,sex,5,5,0.75,0.25,"['oversampling', 'stratified_sampling', 'matching', 'clustering', 'min_max_scaling', 'ipw']",rf,0.04050911340726626,0.7678799090550741,0.8488981358696066,21125.886607408524,
datasets/adult.csv,lr,sex,5,5,0.75,0.25,"['clustering', 'min_max_scaling']",lr,-0.08728436118394628,0.9359192991113856,0.761350576743493,36.307565450668335,
datasets/adult.csv,svc,sex,5,5,0.75,0.25,"['standard', 'ipw', 'oversampling', 'undersampling']",svc,0.4200517883167836,0.13530354068732933,0.9754071173208965,748.891523361206,
datasets/adult.csv,xgb,sex,5,5,0.75,0.25,"['clustering', 'matching']",xgb,0.4096847469546566,0.15371733248719502,0.9730868263965082,18395.02510380745,
datasets/adult.csv,rf,sex,5,5,0.75,0.5,['standard'],rf,-0.06820807897354414,0.9356241639123724,0.7992080059652841,12193.257356405258,
datasets/adult.csv,lr,sex,5,5,0.75,0.5,"['matching', 'clustering', 'standard', 'min_max_scaling', 'oversampling']",lr,-0.06529595809515876,0.8851694900273214,0.7545775738370039,2782.280919313431,
datasets/adult.csv,svc,sex,5,5,0.75,0.5,"['ipw', 'oversampling', 'matching', 'stratified_sampling', 'clustering']",svc,0.07005441775185195,0.2939335664711089,0.4340424019748128,5187.590044021606,
datasets/adult.csv,xgb,sex,5,5,0.75,0.5,"['stratified_sampling', 'ipw', 'standard', 'clustering']",xgb,0.4113407593148771,0.15672340730745796,0.9794049259372122,20432.397824048996,
datasets/adult.csv,rf,sex,10,10,0.25,0.25,['stratified_sampling'],rf,0.419817114892608,0.13763725569840535,0.9772714854836213,12474.862047195435,
datasets/adult.csv,lr,sex,10,10,0.25,0.25,"['min_max_scaling', 'undersampling', 'stratified_sampling', 'standard', 'oversampling']",lr,-0.03741571281318501,0.8310811053739302,0.7562496797475602,4253.165025472641,
datasets/adult.csv,svc,sex,10,10,0.25,0.25,"['ipw', 'oversampling', 'matching']",svc,0.06957747336915729,0.2951190890300702,0.4342740357683848,4993.584325551987,
datasets/adult.csv,xgb,sex,10,10,0.25,0.25,"['min_max_scaling', 'clustering']",xgb,0.020025993383965768,0.7889675535036839,0.8290195402716154,17279.02636361122,
datasets/adult.csv,rf,sex,5,20,0.5,0.25,['undersampling'],rf,-0.05472164116912315,0.8911358476743384,0.7816925653360921,7753.144826412201,
datasets/adult.csv,lr,sex,5,20,0.5,0.25,"['undersampling', 'stratified_sampling', 'oversampling']",lr,0.0097860361517981,0.409627315084985,0.4291993873885812,5123.0081877708435,
datasets/adult.csv,svc,sex,5,20,0.5,0.25,"['stratified_sampling', 'clustering', 'standard']",svc,0.414651840868907,0.14559635114407046,0.9749000328818844,8361.886764764786,
datasets/adult.csv,xgb,sex,5,20,0.5,0.25,"['matching', 'undersampling']",xgb,0.00825138498510719,0.7994586597824204,0.8159614297526347,19895.690572738647,
datasets/adult.csv,rf,sex,5,5,0.5,0.5,"['min_max_scaling', 'oversampling', 'undersampling']",rf,-0.005081573059969924,0.8444030964903186,0.8342399503703788,15109.726356506348,
datasets/adult.csv,lr,sex,5,5,0.5,0.5,"['min_max_scaling', 'matching', 'undersampling', 'clustering', 'standard', 'ipw', 'stratified_sampling']",lr,0.4097204188800273,0.1548381912065769,0.9742790289666315,1087.3170936107635,
datasets/adult.csv,svc,sex,5,5,0.5,0.5,"['oversampling', 'undersampling', 'clustering', 'standard']",svc,-0.05078406533374147,0.8555085671297079,0.753940436462225,5144.288242101669,
datasets/adult.csv,xgb,sex,5,5,0.5,0.5,"['clustering', 'stratified_sampling', 'ipw']",xgb,0.4113407593148771,0.15672340730745796,0.9794049259372122,22454.179401636124,
datasets/adult.csv,rf,sex,5,10,0.75,0.5,"['min_max_scaling', 'oversampling', 'undersampling', 'ipw', 'matching', 'standard']",rf,0.43064077827778013,0.12299428303500291,0.9842758395905632,17052.632745027542,
datasets/adult.csv,lr,sex,5,10,0.75,0.5,"['stratified_sampling', 'clustering']",lr,0.40062788676306355,0.026438765141004118,0.8276945386671312,2456.531065940857,
datasets/adult.csv,svc,sex,5,10,0.75,0.5,"['stratified_sampling', 'oversampling', 'matching']",svc,0.07168652505200884,0.29171995894193625,0.43509300904595394,4404.013652801514,
datasets/adult.csv,xgb,sex,5,10,0.75,0.5,"['clustering', 'matching', 'min_max_scaling']",xgb,0.40847556026463205,0.15591244489085965,0.9728635654201238,19450.276823997498,
datasets/adult.csv,rf,sex,10,5,0.75,0.5,['stratified_sampling'],rf,0.419817114892608,0.13763725569840535,0.9772714854836213,11680.15974020958,
datasets/adult.csv,lr,sex,10,5,0.75,0.5,"['undersampling', 'oversampling', 'ipw']",lr,0.4055919614552899,0.025060019476520368,0.8362439423871002,4971.394761800766,
datasets/adult.csv,svc,sex,10,5,0.75,0.5,"['stratified_sampling', 'oversampling', 'matching', 'undersampling']",svc,0.07284339501643775,0.28870527410881386,0.43439206414168935,5580.552012681961,
datasets/adult.csv,xgb,sex,10,5,0.75,0.5,"['clustering', 'stratified_sampling']",xgb,0.4108328898481234,0.15756689894821083,0.9792326786444576,18704.856894254684,
datasets/adult.csv,rf,sex,5,5,0.5,0.75,"['matching', 'clustering', 'stratified_sampling', 'ipw', 'standard']",rf,0.42019922004060994,0.13678509277460663,0.9771835328558265,20156.128218650818,
datasets/adult.csv,lr,sex,5,5,0.5,0.75,"['min_max_scaling', 'stratified_sampling', 'ipw', 'standard', 'oversampling']",lr,-0.06867539008705381,0.8944499382000809,0.7570991580259733,468.9804780483246,
datasets/adult.csv,svc,sex,5,5,0.5,0.75,"['stratified_sampling', 'standard', 'ipw']",svc,0.41372653736818915,0.14738839249789956,0.9748414672342779,1211.3198311328888,
datasets/adult.csv,xgb,sex,5,5,0.5,0.75,"['clustering', 'undersampling', 'oversampling', 'matching', 'ipw']",xgb,0.0653399885375095,0.7533873983863636,0.8840673754613826,22490.33380842209,
datasets/adult.csv,rf,sex,10,5,0.25,0.5,"['undersampling', 'oversampling']",rf,0.43230432191192114,0.11852988963996026,0.9831385334638025,12412.268072843552,
datasets/adult.csv,lr,sex,10,5,0.25,0.5,"['oversampling', 'stratified_sampling', 'min_max_scaling', 'ipw', 'standard', 'undersampling']",lr,0.4099956004768543,0.1548823085247875,0.974873509478496,2109.3016409873962,
datasets/adult.csv,svc,sex,10,5,0.25,0.5,"['stratified_sampling', 'standard', 'matching', 'clustering']",svc,0.4136156886481849,0.14761429297992154,0.9748456702762913,2655.457864046097,
datasets/adult.csv,xgb,sex,10,5,0.25,0.5,['matching'],xgb,0.40938416801809363,0.15428760508752484,0.9730559411237121,24044.657996177673,
datasets/adult.csv,rf,sex,5,20,0.75,0.25,"['ipw', 'stratified_sampling', 'standard']",rf,0.4213110078606016,0.13448494527506277,0.9771069609962659,21250.747881889343,
datasets/adult.csv,lr,sex,5,20,0.75,0.25,"['matching', 'stratified_sampling', 'min_max_scaling']",lr,-0.09490065813922355,0.9366651367425249,0.7468638204640778,1073.5263440608978,
datasets/adult.csv,svc,sex,5,20,0.75,0.25,"['min_max_scaling', 'ipw', 'matching', 'undersampling']",svc,-0.03509892163951339,0.8309042952771106,0.7607064519980838,3235.452635526657,
datasets/adult.csv,xgb,sex,5,20,0.75,0.25,['clustering'],xgb,0.0011071121751212165,0.827432183657851,0.8296464080080934,17713.974047660828,
datasets/adult.csv,rf,sex,5,20,0.75,0.75,['stratified_sampling'],rf,0.419817114892608,0.13763725569840535,0.9772714854836213,15578.400342702866,
datasets/adult.csv,lr,sex,5,20,0.75,0.75,"['stratified_sampling', 'min_max_scaling']",lr,0.40915380187118006,0.1559939666840532,0.9743015704264133,1928.4202966690063,
datasets/adult.csv,svc,sex,5,20,0.75,0.75,"['min_max_scaling', 'stratified_sampling']",svc,0.41320048943565657,0.14853482436255952,0.9749358032338726,5578.127637386322,
datasets/adult.csv,xgb,sex,5,20,0.75,0.75,['stratified_sampling'],xgb,0.4108328857543313,0.15756689894821083,0.9792326704568735,20304.060181856155,
datasets/adult.csv,rf,sex,5,20,0.5,0.75,['undersampling'],rf,-0.05472164116912315,0.8911358476743384,0.7816925653360921,7502.08580327034,
datasets/adult.csv,lr,sex,5,20,0.5,0.75,"['min_max_scaling', 'stratified_sampling']",lr,0.40915380187118006,0.1559939666840532,0.9743015704264133,5667.1400945186615,
datasets/adult.csv,svc,sex,5,20,0.5,0.75,"['min_max_scaling', 'matching']",svc,0.4089986668108264,0.1476758801685728,0.9656732137902256,9816.969690799713,
datasets/adult.csv,xgb,sex,5,20,0.5,0.75,['stratified_sampling'],xgb,0.4108328857543313,0.15756689894821083,0.9792326704568735,20676.98736023903,
datasets/adult.csv,rf,sex,5,5,0.75,0.75,"['ipw', 'min_max_scaling', 'stratified_sampling']",rf,0.42227309617610304,0.13261282995174709,0.9771590223039531,27515.934527635574,
datasets/adult.csv,lr,sex,5,5,0.75,0.75,"['standard', 'matching', 'clustering']",lr,0.4053736430448535,0.15514518060973792,0.965892466699445,1944.3349742889404,
datasets/adult.csv,svc,sex,5,5,0.75,0.75,"['clustering', 'oversampling', 'standard', 'ipw', 'stratified_sampling', 'undersampling', 'matching']",svc,-0.0020602976176739562,0.7849540111012351,0.7808334158658872,34.674432039260864,
datasets/adult.csv,xgb,sex,5,5,0.75,0.75,['oversampling'],xgb,0.07309508171447654,0.7428764055594802,0.8890665689884333,16283.972774028778,
datasets/adult.csv,rf,sex,5,20,0.25,0.5,"['undersampling', 'clustering']",rf,-0.05163684702846205,0.8859888939326432,0.7827151998757191,30239.57526063919,
datasets/adult.csv,lr,sex,5,20,0.25,0.5,"['undersampling', 'stratified_sampling', 'min_max_scaling', 'standard', 'oversampling']",lr,-0.03741571281318501,0.8310811053739302,0.7562496797475602,1470.0965254306793,
datasets/adult.csv,svc,sex,5,20,0.25,0.5,"['stratified_sampling', 'standard', 'min_max_scaling']",svc,0.41325142098327267,0.14843230493461057,0.9749351469011559,1276.0909764766693,
datasets/adult.csv,xgb,sex,5,20,0.25,0.5,"['min_max_scaling', 'oversampling']",xgb,0.07309508171447654,0.7428764055594802,0.8890665689884333,11519.056654214859,
datasets/adult.csv,rf,sex,5,15,0.25,0.5,"['min_max_scaling', 'clustering']",rf,-0.04981976676171074,0.8989346611155405,0.7992951275921191,18456.457353830338,
datasets/adult.csv,lr,sex,5,15,0.25,0.5,"['undersampling', 'oversampling']",lr,0.40559185716379015,0.025060019476520368,0.8362437338041007,232.82809591293335,
datasets/adult.csv,svc,sex,5,15,0.25,0.5,"['standard', 'clustering', 'matching', 'stratified_sampling', 'oversampling']",svc,-0.04826960059411767,0.8667211061402101,0.7701819049519748,5734.021938800812,
datasets/adult.csv,xgb,sex,5,15,0.25,0.5,"['undersampling', 'matching', 'stratified_sampling', 'min_max_scaling', 'ipw']",xgb,0.412254779913514,0.15484661110168182,0.9793561709287099,20286.547149419785,
datasets/adult.csv,rf,sex,5,10,0.25,0.75,['stratified_sampling'],rf,0.419817114892608,0.13763725569840535,0.9772714854836213,12676.87205338478,
datasets/adult.csv,lr,sex,5,10,0.25,0.75,"['clustering', 'undersampling', 'matching']",lr,0.025454935975917997,0.38896456611786046,0.43987443806969645,6483.453082323074,
datasets/adult.csv,svc,sex,5,10,0.25,0.75,"['min_max_scaling', 'stratified_sampling', 'ipw']",svc,0.41327369643927186,0.14839194820203097,0.9749393410805747,4441.342322349548,
datasets/adult.csv,xgb,sex,5,10,0.25,0.75,['matching'],xgb,0.40938416801809363,0.15428760508752484,0.9730559411237121,22380.30315065384,
datasets/adult.csv,rf,sex,10,5,0.25,0.25,"['clustering', 'ipw', 'undersampling', 'standard', 'stratified_sampling', 'matching']",rf,0.41812612081640005,0.14116875063623044,0.9774209922690306,14463.608901500702,
datasets/adult.csv,lr,sex,10,5,0.25,0.25,"['min_max_scaling', 'stratified_sampling', 'standard', 'ipw', 'clustering', 'matching']",lr,0.40915995556749496,0.1560294764712325,0.9743493876062225,2010.140955209732,
datasets/adult.csv,svc,sex,10,5,0.25,0.25,"['undersampling', 'standard', 'stratified_sampling', 'matching', 'clustering', 'ipw']",svc,0.41218603714171526,0.149414432252182,0.9737865065356125,2858.6463248729706,
datasets/adult.csv,xgb,sex,10,5,0.25,0.25,"['standard', 'undersampling']",xgb,0.021115958140938973,0.7666886447858196,0.8089205610676975,25192.459955215454,
datasets/adult.csv,rf,sex,10,5,0.5,0.25,"['stratified_sampling', 'clustering', 'standard']",rf,0.421643693995004,0.13390339337379464,0.9771907813638027,12969.942116498947,
datasets/adult.csv,lr,sex,10,5,0.5,0.25,"['standard', 'matching']",lr,0.4059649668699388,0.15390792867276612,0.9658378624126438,3783.6346356868744,
datasets/adult.csv,svc,sex,10,5,0.5,0.25,"['undersampling', 'stratified_sampling', 'clustering', 'oversampling']",svc,0.07265909583769103,0.29028887242993906,0.43560706410532113,4673.155054569244,
datasets/adult.csv,xgb,sex,10,5,0.5,0.25,['undersampling'],xgb,0.021115958140938973,0.7666886447858196,0.8089205610676975,21780.393749952316,
datasets/adult.csv,rf,sex,10,5,0.25,0.75,"['matching', 'clustering', 'min_max_scaling']",rf,0.41824709344004407,0.13211144691147705,0.9686056337915652,28029.93605351448,
datasets/adult.csv,lr,sex,10,5,0.25,0.75,"['undersampling', 'clustering', 'min_max_scaling', 'matching', 'standard', 'ipw', 'stratified_sampling']",lr,0.4097204188800273,0.1548381912065769,0.9742790289666315,139.54050302505493,
datasets/adult.csv,svc,sex,10,5,0.25,0.75,"['min_max_scaling', 'matching', 'standard', 'oversampling']",svc,-0.0562747792936637,0.866382845483162,0.7538332868958346,1989.4621076583862,
datasets/adult.csv,xgb,sex,10,5,0.25,0.75,"['ipw', 'stratified_sampling', 'clustering', 'undersampling', 'standard', 'min_max_scaling', 'matching']",xgb,0.4136000892613919,0.152265482157251,0.9794656606800348,13050.013939857483,
datasets/adult.csv,rf,sex,10,5,0.75,0.25,"['ipw', 'matching', 'undersampling', 'clustering', 'oversampling']",rf,0.4306562477881284,0.12291848236467519,0.984230977940932,18406.39906024933,
datasets/adult.csv,lr,sex,10,5,0.75,0.25,"['ipw', 'clustering', 'undersampling', 'matching']",lr,0.024842965900290642,0.3836041213964419,0.4332900531970232,1622.780493736267,
datasets/adult.csv,svc,sex,10,5,0.75,0.25,"['matching', 'oversampling', 'undersampling']",svc,0.0752013336725301,0.2969603301795431,0.4473629975246033,3186.133154630661,
datasets/adult.csv,xgb,sex,10,5,0.75,0.25,"['matching', 'undersampling', 'min_max_scaling', 'stratified_sampling']",xgb,0.4151401147674059,0.14781678366958215,0.978097013204394,20127.578919887543,
datasets/adult.csv,rf,sex,10,10,0.75,0.5,['stratified_sampling'],rf,0.419817114892608,0.13763725569840535,0.9772714854836213,19066.36981534958,
datasets/adult.csv,lr,sex,10,10,0.75,0.5,"['min_max_scaling', 'clustering', 'stratified_sampling']",lr,0.40935304909747033,0.15565275052601737,0.974358848720958,3161.8226277828217,
datasets/adult.csv,svc,sex,10,10,0.75,0.5,"['stratified_sampling', 'oversampling', 'matching']",svc,0.07168652505200884,0.29171995894193625,0.43509300904595394,1389.6946034431458,
datasets/adult.csv,xgb,sex,10,10,0.75,0.5,"['min_max_scaling', 'clustering']",xgb,0.020025993383965768,0.7889675535036839,0.8290195402716154,18690.33498263359,
datasets/adult.csv,rf,sex,5,15,0.25,0.25,['standard'],rf,-0.06820807897354414,0.9356241639123724,0.7992080059652841,9709.489029169083,
datasets/adult.csv,lr,sex,5,15,0.25,0.25,"['standard', 'min_max_scaling']",lr,-0.08879257450328015,0.9387149328479308,0.7611297838413705,2022.6498506069183,
datasets/adult.csv,svc,sex,5,15,0.25,0.25,"['oversampling', 'ipw', 'stratified_sampling']",svc,0.07128562969460198,0.2919722437059648,0.43454350309516876,4373.284504652023,
datasets/adult.csv,xgb,sex,5,15,0.25,0.25,"['ipw', 'matching', 'undersampling', 'standard']",xgb,0.01590245043424776,0.7783279866136347,0.8101328874821302,29195.994547605515,
datasets/adult.csv,rf,sex,5,10,0.5,0.75,"['ipw', 'stratified_sampling']",rf,0.4222776225336876,0.1326050046756785,0.9771602497430537,20574.64411854744,
datasets/adult.csv,lr,sex,5,10,0.5,0.75,"['standard', 'clustering', 'oversampling', 'min_max_scaling', 'undersampling', 'matching', 'ipw', 'stratified_sampling']",lr,-0.013184646054717752,0.7942725023001801,0.7679032101907446,1803.3914258480072,
datasets/adult.csv,svc,sex,5,10,0.5,0.75,"['undersampling', 'clustering', 'standard']",svc,-0.028436816557126487,0.8175005573847115,0.7606269242704585,5406.933997869492,
datasets/adult.csv,xgb,sex,5,10,0.5,0.75,"['stratified_sampling', 'ipw']",xgb,0.4108328857543313,0.15756689894821083,0.9792326704568735,18564.33172917366,
datasets/adult.csv,rf,sex,10,10,0.25,0.75,"['oversampling', 'undersampling']",rf,0.43230432191192114,0.11852988963996026,0.9831385334638025,27014.698212862015,
datasets/adult.csv,lr,sex,10,10,0.25,0.75,"['matching', 'clustering', 'oversampling']",lr,0.0666392338666687,0.30931246070200147,0.44259092843533887,2259.223274707794,
datasets/adult.csv,svc,sex,10,10,0.25,0.75,"['undersampling', 'ipw', 'matching', 'clustering', 'stratified_sampling', 'standard', 'min_max_scaling']",svc,0.4128038638930654,0.14950838077131745,0.9751161085574482,2627.078854084015,
datasets/adult.csv,xgb,sex,10,10,0.25,0.75,['stratified_sampling'],xgb,0.4108328857543313,0.15756689894821083,0.9792326704568735,10994.041386127472,
datasets/adult.csv,rf,sex,10,10,0.5,0.5,['oversampling'],rf,0.008618422747205978,0.8177824878989827,0.8350193333933946,8885.876811265945,
datasets/adult.csv,lr,sex,10,10,0.5,0.5,"['min_max_scaling', 'matching']",lr,0.4037711671639996,0.15768195739513077,0.96522429172313,3954.130698442459,
datasets/adult.csv,svc,sex,10,10,0.5,0.5,"['oversampling', 'min_max_scaling', 'matching', 'clustering', 'undersampling', 'stratified_sampling', 'standard']",svc,-0.011796800249426198,0.7917300730524423,0.7681364725535899,6609.262216567993,
datasets/adult.csv,xgb,sex,10,10,0.5,0.5,['matching'],xgb,0.40938416801809363,0.15428760508752484,0.9730559411237121,23269.175091266632,
datasets/adult.csv,rf,sex,10,15,0.25,0.25,"['standard', 'ipw', 'stratified_sampling']",rf,0.4213110078606016,0.13448494527506277,0.9771069609962659,14147.206173181534,
datasets/adult.csv,lr,sex,10,15,0.25,0.25,"['stratified_sampling', 'min_max_scaling', 'ipw', 'oversampling', 'matching', 'undersampling', 'standard']",lr,-0.12474478537304629,1.0034746947268924,0.7539851239807999,1402.2865636348724,
datasets/adult.csv,svc,sex,10,15,0.25,0.25,"['oversampling', 'stratified_sampling']",svc,0.06619812638582409,0.3166421983576719,0.44903845112932006,5076.5126395225525,
datasets/adult.csv,xgb,sex,10,15,0.25,0.25,['clustering'],xgb,0.0011071121751212165,0.827432183657851,0.8296464080080934,21650.265830278397,
datasets/adult.csv,rf,sex,10,5,0.5,0.75,"['standard', 'undersampling', 'min_max_scaling', 'oversampling', 'ipw']",rf,0.0013366766186726498,0.8308971408907403,0.8335704941280856,34918.66859650612,
datasets/adult.csv,lr,sex,10,5,0.5,0.75,"['min_max_scaling', 'clustering', 'undersampling', 'stratified_sampling', 'standard', 'matching', 'ipw']",lr,0.4097204188800273,0.1548381912065769,0.9742790289666315,1261.9573199748993,
datasets/adult.csv,svc,sex,10,5,0.5,0.75,"['ipw', 'standard', 'stratified_sampling']",svc,0.41372653736818915,0.14738839249789956,0.9748414672342779,1474.3225305080414,
datasets/adult.csv,xgb,sex,10,5,0.5,0.75,"['matching', 'standard', 'min_max_scaling']",xgb,0.40938416801809363,0.15428760508752484,0.9730559411237121,6021.400826931,
datasets/adult.csv,rf,sex,10,5,0.5,0.5,"['undersampling', 'oversampling']",rf,0.43230432191192114,0.11852988963996026,0.9831385334638025,19190.46628022194,
datasets/adult.csv,lr,sex,10,5,0.5,0.5,"['ipw', 'min_max_scaling', 'clustering', 'oversampling', 'undersampling']",lr,0.41400199295588486,0.14680413747470678,0.9748081233864765,1639.1903147697449,
datasets/adult.csv,svc,sex,10,5,0.5,0.5,"['min_max_scaling', 'undersampling', 'stratified_sampling', 'oversampling']",svc,0.4140893485248412,0.14731126575575404,0.9754899628054364,2088.0538251399994,
datasets/adult.csv,xgb,sex,10,5,0.5,0.5,"['min_max_scaling', 'ipw', 'oversampling']",xgb,0.07309508171447654,0.7428764055594802,0.8890665689884333,20818.98454451561,
datasets/adult.csv,rf,sex,5,10,0.25,0.5,"['ipw', 'stratified_sampling', 'min_max_scaling']",rf,0.42227309617610304,0.13261282995174709,0.9771590223039531,19837.39873290062,
datasets/adult.csv,lr,sex,5,10,0.25,0.5,"['undersampling', 'oversampling']",lr,0.40559185716379015,0.025060019476520368,0.8362437338041007,1841.9538803100586,
datasets/adult.csv,svc,sex,5,10,0.25,0.5,"['oversampling', 'standard', 'ipw', 'min_max_scaling', 'matching', 'clustering']",svc,-0.056274939410603575,0.866382845483162,0.7538329666619549,1116.304256439209,
datasets/adult.csv,xgb,sex,5,10,0.25,0.5,"['ipw', 'stratified_sampling', 'matching']",xgb,0.411965125394538,0.15596073924005951,0.9798909900291355,24027.320746421814,
datasets/adult.csv,rf,sex,10,10,0.75,0.75,['stratified_sampling'],rf,0.419817114892608,0.13763725569840535,0.9772714854836213,20518.34138894081,
datasets/adult.csv,lr,sex,10,10,0.75,0.75,"['undersampling', 'min_max_scaling', 'oversampling']",lr,0.4148541998183094,0.14506310118048263,0.9747715008171014,1749.0023896694183,
datasets/adult.csv,svc,sex,10,10,0.75,0.75,"['ipw', 'undersampling', 'oversampling', 'standard']",svc,0.4200517883167836,0.13530354068732933,0.9754071173208965,2063.0768671035767,
datasets/adult.csv,xgb,sex,10,10,0.75,0.75,"['stratified_sampling', 'clustering']",xgb,0.4108328898481234,0.15756689894821083,0.9792326786444576,18371.033451795578,
datasets/adult.csv,rf,sex,5,10,0.5,0.5,"['matching', 'clustering']",rf,0.4180420891163613,0.13247273458097994,0.9685569128137026,12761.89165353775,
datasets/adult.csv,lr,sex,5,10,0.5,0.5,"['min_max_scaling', 'matching', 'stratified_sampling', 'oversampling']",lr,-0.08991019492221713,0.934563858324248,0.7547434684798138,4177.866000652313,
datasets/adult.csv,svc,sex,5,10,0.5,0.5,"['clustering', 'standard', 'min_max_scaling']",svc,-0.020247551245640816,0.8107744340796499,0.7702793315883683,3296.2375133037567,
datasets/adult.csv,xgb,sex,5,10,0.5,0.5,"['min_max_scaling', 'stratified_sampling', 'ipw', 'oversampling', 'matching', 'clustering']",xgb,0.4194918282329614,0.15002189698162363,0.9890055534475464,26555.038138628006,
datasets/adult.csv,rf,sex,5,15,0.75,0.75,"['undersampling', 'oversampling']",rf,0.43230432191192114,0.11852988963996026,0.9831385334638025,23192.388646364212,
datasets/adult.csv,lr,sex,5,15,0.75,0.75,"['oversampling', 'undersampling']",lr,0.40559185716379015,0.025060019476520368,0.8362437338041007,1396.692358493805,
datasets/adult.csv,svc,sex,5,15,0.75,0.75,"['clustering', 'ipw', 'undersampling', 'matching']",svc,0.06483027682048492,0.323202911655355,0.4528634652963248,1447.7906429767609,
datasets/adult.csv,xgb,sex,5,15,0.75,0.75,"['ipw', 'stratified_sampling', 'matching', 'clustering']",xgb,0.4126151704478842,0.15469318113686967,0.9799235220326381,19521.485237836838,
datasets/adult.csv,rf,sex,10,15,0.5,0.75,"['stratified_sampling', 'clustering']",rf,0.4206831377017727,0.13592929606679108,0.9772955714703364,24373.092311620712,
datasets/adult.csv,lr,sex,10,15,0.5,0.75,"['ipw', 'standard', 'clustering', 'oversampling']",lr,-0.07325763368508753,0.9022564344526542,0.7557411670824792,1840.1278057098389,
datasets/adult.csv,svc,sex,10,15,0.5,0.75,"['standard', 'min_max_scaling', 'matching']",svc,0.40901062321336334,0.14765260430055402,0.9656738507272807,3718.529195547104,
datasets/adult.csv,xgb,sex,10,15,0.5,0.75,['stratified_sampling'],xgb,0.4108328857543313,0.15756689894821083,0.9792326704568735,11292.510052204132,
datasets/adult.csv,rf,sex,10,15,0.75,0.25,"['clustering', 'stratified_sampling']",rf,0.4206831377017727,0.13592929606679108,0.9772955714703364,13351.847772359848,
datasets/adult.csv,lr,sex,10,15,0.75,0.25,"['matching', 'clustering', 'standard']",lr,0.4053736430448535,0.15514518060973792,0.965892466699445,3263.149178981781,
datasets/adult.csv,svc,sex,10,15,0.75,0.25,"['stratified_sampling', 'min_max_scaling', 'clustering']",svc,0.41338911843370235,0.14816540369972467,0.9749436405671293,5853.0589282512665,
datasets/adult.csv,xgb,sex,10,15,0.75,0.25,"['stratified_sampling', 'min_max_scaling']",xgb,0.4108328857543313,0.15756689894821083,0.9792326704568735,18788.202665567398,
datasets/adult.csv,rf,sex,10,5,0.75,0.75,"['ipw', 'matching', 'standard']",rf,0.4179747660969376,0.13242770802253429,0.9683772402164095,16890.14374065399,
datasets/adult.csv,lr,sex,10,5,0.75,0.75,"['oversampling', 'undersampling', 'min_max_scaling', 'ipw', 'clustering']",lr,0.41400199295588486,0.14680413747470678,0.9748081233864765,1822.6563222408295,
datasets/adult.csv,svc,sex,10,5,0.75,0.75,"['undersampling', 'min_max_scaling', 'matching', 'clustering', 'stratified_sampling']",svc,0.41442551054225957,0.14492549293085066,0.9737765140153698,5102.919748306274,
datasets/adult.csv,xgb,sex,10,5,0.75,0.75,['stratified_sampling'],xgb,0.4108328857543313,0.15756689894821083,0.9792326704568735,20333.745534420013,
datasets/adult.csv,rf,sex,10,10,0.25,0.5,"['min_max_scaling', 'ipw', 'matching']",rf,0.4178762147712433,0.1326250607862175,0.9683774903287041,21207.61182999611,
datasets/adult.csv,lr,sex,10,10,0.25,0.5,"['ipw', 'standard', 'stratified_sampling', 'min_max_scaling', 'undersampling']",lr,-0.04435990351515551,0.8494964124895086,0.7607766054591976,581.4002618789673,
datasets/adult.csv,svc,sex,10,10,0.25,0.5,"['stratified_sampling', 'matching', 'min_max_scaling', 'oversampling']",svc,0.41385130559284455,0.14774696034363657,0.9754495715293257,1531.6349155902863,
datasets/adult.csv,xgb,sex,10,10,0.25,0.5,"['matching', 'ipw', 'undersampling', 'oversampling', 'min_max_scaling']",xgb,0.06699601763312868,0.7526348068512481,0.8866268421175054,20755.571294784546,
datasets/adult.csv,rf,sex,5,10,0.75,0.75,"['undersampling', 'clustering']",rf,-0.05163684702846205,0.8859888939326432,0.7827151998757191,22149.243754148483,
datasets/adult.csv,lr,sex,5,10,0.75,0.75,"['undersampling', 'ipw']",lr,0.020842403756312466,0.3961498548982721,0.437834662410897,975.0543990135193,
datasets/adult.csv,svc,sex,5,10,0.75,0.75,"['standard', 'undersampling', 'stratified_sampling']",svc,-0.02495148241325279,0.8109709590120374,0.7610679941855318,1931.7787935733795,
datasets/adult.csv,xgb,sex,5,10,0.75,0.75,"['standard', 'min_max_scaling', 'matching', 'stratified_sampling', 'clustering']",xgb,0.411965125394538,0.15596073924005951,0.9798909900291355,22111.709227323532,
datasets/adult.csv,rf,sex,5,20,0.25,0.25,"['stratified_sampling', 'ipw', 'undersampling', 'min_max_scaling']",rf,-0.08461905867697839,0.960934890952256,0.7916967735982993,30222.013833761215,
datasets/adult.csv,lr,sex,5,20,0.25,0.25,['standard'],lr,-0.04691577283247117,0.8645091320214245,0.7706775863564822,1545.4173893928528,
datasets/adult.csv,svc,sex,5,20,0.25,0.25,"['stratified_sampling', 'oversampling', 'ipw', 'clustering', 'min_max_scaling', 'undersampling', 'standard']",svc,-0.024055211088683637,0.8026524739668378,0.7545420517894705,1306.8232471942902,
datasets/adult.csv,xgb,sex,5,20,0.25,0.25,"['undersampling', 'stratified_sampling', 'clustering']",xgb,0.007673048633225155,0.8009674256507893,0.8163135229172396,13441.289663553238,
datasets/adult.csv,rf,sex,10,10,0.75,0.25,"['standard', 'stratified_sampling', 'clustering']",rf,0.421643693995004,0.13390339337379464,0.9771907813638027,35736.370082616806,
datasets/adult.csv,lr,sex,10,10,0.75,0.25,"['undersampling', 'matching', 'stratified_sampling']",lr,0.4022537666625804,0.02750211448650396,0.8320096478116648,3322.489473104477,
datasets/adult.csv,svc,sex,10,10,0.75,0.25,"['undersampling', 'oversampling']",svc,0.401703531995907,0.027216549300662418,0.8306236132924765,3153.3947327136993,
datasets/adult.csv,xgb,sex,10,10,0.75,0.25,['matching'],xgb,0.40938416801809363,0.15428760508752484,0.9730559411237121,1726.4695909023285,
datasets/adult.csv,rf,sex,15,5,0.25,0.25,"['undersampling', 'min_max_scaling', 'oversampling', 'matching', 'ipw', 'stratified_sampling', 'clustering']",rf,-0.01112772447091187,0.8559441421700353,0.8336886932282116,2105.4007716178894,
datasets/adult.csv,lr,sex,15,5,0.25,0.25,"['min_max_scaling', 'undersampling', 'oversampling', 'ipw']",lr,0.4148817170005976,0.14500858639063433,0.9747720203918295,2602.887594461441,
datasets/adult.csv,svc,sex,15,5,0.25,0.25,"['oversampling', 'stratified_sampling', 'undersampling', 'clustering']",svc,0.07265909583769103,0.29028887242993906,0.43560706410532113,2373.501064300537,
datasets/adult.csv,xgb,sex,15,5,0.25,0.25,['stratified_sampling'],xgb,0.4108328857543313,0.15756689894821083,0.9792326704568735,1963.6660804748535,
datasets/adult.csv,rf,sex,15,5,0.25,0.75,"['oversampling', 'standard', 'clustering', 'undersampling']",rf,0.432776382296821,0.1177017079559523,0.9832544725495944,2531.3123729228973,
datasets/adult.csv,lr,sex,15,5,0.25,0.75,"['undersampling', 'standard', 'clustering', 'stratified_sampling', 'min_max_scaling', 'matching', 'ipw']",lr,0.4097204188800273,0.1548381912065769,0.9742790289666315,2513.576899290085,
datasets/adult.csv,svc,sex,15,5,0.25,0.75,"['matching', 'min_max_scaling', 'stratified_sampling']",svc,0.41336175837759415,0.14820654638543862,0.9749300631406269,1703.1265437602997,
datasets/adult.csv,xgb,sex,15,5,0.25,0.75,['stratified_sampling'],xgb,0.4108328857543313,0.15756689894821083,0.9792326704568735,1078.609256029129,
datasets/adult.csv,rf,sex,15,5,0.5,0.25,"['stratified_sampling', 'standard', 'ipw']",rf,0.4213110078606016,0.13448494527506277,0.9771069609962659,2563.522753715515,
datasets/adult.csv,lr,sex,15,5,0.5,0.25,"['oversampling', 'ipw', 'undersampling', 'standard', 'clustering', 'min_max_scaling', 'stratified_sampling']",lr,0.4099956004768543,0.1548823085247875,0.974873509478496,2405.396140575409,
datasets/adult.csv,svc,sex,15,5,0.5,0.25,"['ipw', 'oversampling', 'standard', 'clustering', 'undersampling', 'min_max_scaling']",svc,0.4200752570092226,0.13529019795403682,0.975440711972482,1537.7223868370056,
datasets/adult.csv,xgb,sex,15,5,0.5,0.25,"['stratified_sampling', 'standard', 'ipw']",xgb,0.4108328857543313,0.15756689894821083,0.9792326704568735,935.5611257553101,
datasets/adult.csv,rf,sex,5,20,0.25,0.75,"['matching', 'stratified_sampling', 'undersampling']",rf,0.42068982498964536,0.13551046805361924,0.9768901180329099,33477.71751356125,
datasets/adult.csv,lr,sex,5,20,0.25,0.75,"['oversampling', 'undersampling', 'min_max_scaling', 'ipw']",lr,0.4148817170005976,0.14500858639063433,0.9747720203918295,2791.740432739258,
datasets/adult.csv,svc,sex,5,20,0.25,0.75,"['ipw', 'min_max_scaling']",svc,-0.027423020148751365,0.824825481265388,0.7699794409678853,2402.9015526771545,
datasets/adult.csv,xgb,sex,5,20,0.25,0.75,"['matching', 'min_max_scaling', 'clustering', 'stratified_sampling']",xgb,0.411965125394538,0.15596073924005951,0.9798909900291355,8161.802233219147,
datasets/adult.csv,rf,sex,15,5,0.25,0.5,"['clustering', 'stratified_sampling']",rf,0.4206831377017727,0.13592929606679108,0.9772955714703364,2561.7240493297577,
datasets/adult.csv,lr,sex,15,5,0.25,0.5,"['ipw', 'stratified_sampling', 'undersampling', 'clustering', 'matching', 'standard']",lr,0.40946145594058325,0.1545383725420413,0.9734612844232078,2493.0288004875183,
datasets/adult.csv,svc,sex,15,5,0.25,0.5,"['min_max_scaling', 'oversampling', 'undersampling', 'matching', 'clustering']",svc,-0.018884228160880923,0.7942702896976283,0.7565018333758664,1695.4959120750427,
datasets/adult.csv,xgb,sex,15,5,0.25,0.5,"['stratified_sampling', 'standard']",xgb,0.4108328857543313,0.15756689894821083,0.9792326704568735,1367.1149308681488,
datasets/adult.csv,rf,sex,15,5,0.5,0.5,"['stratified_sampling', 'standard']",rf,0.4197318714954017,0.13781093612840892,0.9772746791192123,2563.825476884842,
datasets/adult.csv,lr,sex,15,5,0.5,0.5,"['stratified_sampling', 'ipw', 'min_max_scaling', 'clustering']",lr,0.40935304909747033,0.15565275052601737,0.974358848720958,2447.088075876236,
datasets/adult.csv,svc,sex,15,5,0.5,0.5,"['undersampling', 'stratified_sampling', 'clustering', 'standard', 'min_max_scaling', 'matching']",svc,0.41399137993309154,0.14693184163929957,0.9749146015054826,1653.1376581192017,
datasets/adult.csv,xgb,sex,15,5,0.5,0.5,"['ipw', 'stratified_sampling', 'matching']",xgb,0.411965125394538,0.15596073924005951,0.9798909900291355,1341.6359701156616,
datasets/adult.csv,rf,sex,10,20,0.25,0.25,['ipw'],rf,-0.06181367442908581,0.922075137888919,0.7984477890307474,15874.682579517365,
datasets/adult.csv,lr,sex,10,20,0.25,0.25,"['clustering', 'matching', 'ipw', 'stratified_sampling', 'undersampling']",lr,0.4007482250426797,0.02777857240789615,0.8292750224932556,2358.116446495056,
datasets/adult.csv,svc,sex,10,20,0.25,0.25,"['stratified_sampling', 'matching', 'oversampling']",svc,0.07168652505200884,0.29171995894193625,0.43509300904595394,3077.976959466934,
datasets/adult.csv,xgb,sex,10,20,0.25,0.25,"['clustering', 'min_max_scaling', 'matching', 'ipw', 'stratified_sampling', 'oversampling']",xgb,0.4194918282329614,0.15002189698162363,0.9890055534475464,21514.908652067184,
datasets/adult.csv,rf,sex,10,10,0.5,0.75,"['min_max_scaling', 'oversampling', 'stratified_sampling']",rf,0.033073043529473545,0.784336637428642,0.8504827244875891,31660.94496369362,
datasets/adult.csv,lr,sex,10,10,0.5,0.75,"['min_max_scaling', 'stratified_sampling', 'clustering']",lr,0.40935304909747033,0.15565275052601737,0.974358848720958,1588.1190650463104,
datasets/adult.csv,svc,sex,10,10,0.5,0.75,"['oversampling', 'undersampling']",svc,0.401703531995907,0.027216549300662418,0.8306236132924765,1986.3274192810059,
datasets/adult.csv,xgb,sex,10,10,0.5,0.75,['stratified_sampling'],xgb,0.4108328857543313,0.15756689894821083,0.9792326704568735,9520.661621332169,
datasets/adult.csv,rf,sex,10,15,0.25,0.5,"['undersampling', 'standard', 'stratified_sampling', 'clustering', 'min_max_scaling', 'matching']",rf,0.4187877514455965,0.1391510895410355,0.9767265924322285,26384.108111143112,
datasets/adult.csv,lr,sex,10,15,0.25,0.5,"['ipw', 'oversampling', 'matching']",lr,0.057027018048768974,0.3193148605099896,0.43336889660752753,2046.8992388248444,
datasets/adult.csv,svc,sex,10,15,0.25,0.5,"['min_max_scaling', 'standard', 'undersampling', 'ipw']",svc,-0.02931545884798903,0.8192491116135985,0.7606181939176204,2272.16810297966,
datasets/adult.csv,xgb,sex,10,15,0.25,0.5,"['oversampling', 'matching', 'clustering', 'undersampling', 'stratified_sampling', 'min_max_scaling', 'standard']",xgb,0.41655518320047336,0.15544976377773573,0.9885601301786824,12448.524141550064,
datasets/adult.csv,rf,sex,15,5,0.75,0.25,"['min_max_scaling', 'stratified_sampling']",rf,0.41978283895991203,0.13770746147440568,0.9772731393942298,2508.054495573044,
datasets/adult.csv,lr,sex,15,5,0.75,0.25,"['min_max_scaling', 'clustering', 'stratified_sampling']",lr,0.40935304909747033,0.15565275052601737,0.974358848720958,1730.9895532131195,
datasets/adult.csv,svc,sex,15,5,0.75,0.25,"['standard', 'oversampling', 'clustering', 'undersampling', 'ipw', 'min_max_scaling']",svc,0.4200752570092226,0.13529019795403682,0.975440711972482,1085.376554965973,
datasets/adult.csv,xgb,sex,15,5,0.75,0.25,"['standard', 'stratified_sampling', 'matching']",xgb,0.411965125394538,0.15596073924005951,0.9798909900291355,623.0951178073883,
datasets/adult.csv,rf,sex,10,15,0.5,0.25,"['stratified_sampling', 'matching']",rf,0.4215499411963283,0.13411389023176581,0.9772137726244224,16015.268400669098,
datasets/adult.csv,lr,sex,10,15,0.5,0.25,"['oversampling', 'ipw', 'min_max_scaling', 'undersampling']",lr,0.4148817170005976,0.14500858639063433,0.9747720203918295,1912.351741552353,
datasets/adult.csv,svc,sex,10,15,0.5,0.25,"['clustering', 'standard']",svc,-0.036724991619377534,0.8462343643711406,0.7727843811323856,4324.292476177216,
datasets/adult.csv,xgb,sex,10,15,0.5,0.25,"['undersampling', 'oversampling', 'clustering', 'standard']",xgb,0.42153871715640406,0.1438100613735355,0.9868874956863436,20795.294905900955,
datasets/adult.csv,rf,sex,15,5,0.75,0.5,"['stratified_sampling', 'ipw']",rf,0.4222776225336876,0.1326050046756785,0.9771602497430537,2457.540571451187,
datasets/adult.csv,lr,sex,15,5,0.75,0.5,"['min_max_scaling', 'ipw', 'clustering', 'stratified_sampling']",lr,0.40935304909747033,0.15565275052601737,0.974358848720958,1642.6600906848907,
datasets/adult.csv,svc,sex,15,5,0.75,0.5,"['matching', 'standard', 'min_max_scaling', 'undersampling', 'ipw', 'stratified_sampling']",svc,0.41552538835210295,0.14304745904683683,0.9740982357510427,1014.0304796695709,
datasets/adult.csv,xgb,sex,15,5,0.75,0.5,"['stratified_sampling', 'min_max_scaling']",xgb,0.4108328857543313,0.15756689894821083,0.9792326704568735,623.456179857254,
datasets/adult.csv,rf,sex,10,15,0.5,0.5,"['ipw', 'stratified_sampling', 'clustering']",rf,0.42101085508938707,0.13517242566380142,0.9771941358425755,30002.05902481079,
datasets/adult.csv,lr,sex,10,15,0.5,0.5,"['stratified_sampling', 'standard', 'clustering', 'min_max_scaling']",lr,0.40935304909747033,0.15565275052601737,0.974358848720958,2325.8833451271057,
datasets/adult.csv,svc,sex,10,15,0.5,0.5,"['matching', 'clustering', 'stratified_sampling', 'oversampling', 'standard', 'min_max_scaling']",svc,-0.030103826663522626,0.8312115015094643,0.7710038481824191,6819.609525918961,
datasets/adult.csv,xgb,sex,10,15,0.5,0.5,"['stratified_sampling', 'standard']",xgb,0.4108328857543313,0.15756689894821083,0.9792326704568735,4022.104128599167,
datasets/adult.csv,rf,sex,15,5,0.75,0.75,"['stratified_sampling', 'clustering']",rf,0.4206831377017727,0.13592929606679108,0.9772955714703364,2320.9137828350067,
datasets/adult.csv,lr,sex,15,5,0.75,0.75,"['min_max_scaling', 'matching', 'clustering']",lr,0.4037877848308873,0.15762562656559823,0.9652011962273728,1276.0422668457031,
datasets/adult.csv,svc,sex,15,5,0.75,0.75,"['matching', 'undersampling']",svc,0.055567729932041704,0.3340067092711549,0.4451421691352383,784.3344378471375,
datasets/adult.csv,xgb,sex,15,5,0.75,0.75,"['standard', 'stratified_sampling', 'ipw']",xgb,0.4108328857543313,0.15756689894821083,0.9792326704568735,539.3535907268524,
datasets/adult.csv,rf,sex,15,5,0.5,0.75,"['oversampling', 'standard', 'min_max_scaling', 'undersampling', 'clustering']",rf,0.43114613778093097,0.12129052286464481,0.9835827984265068,2617.9737758636475,
datasets/adult.csv,lr,sex,15,5,0.5,0.75,"['standard', 'stratified_sampling']",lr,0.4109282426961045,0.1529420990330013,0.9747985844252103,2361.0286931991577,
datasets/adult.csv,svc,sex,15,5,0.5,0.75,"['matching', 'stratified_sampling', 'min_max_scaling', 'oversampling']",svc,0.41385130559284455,0.14774696034363657,0.9754495715293257,1371.1400187015533,
datasets/adult.csv,xgb,sex,15,5,0.5,0.75,"['clustering', 'min_max_scaling', 'stratified_sampling']",xgb,0.4113407593148771,0.15672340730745796,0.9794049259372122,1484.1812672615051,
datasets/adult.csv,rf,sex,5,20,0.5,0.5,"['min_max_scaling', 'ipw', 'stratified_sampling']",rf,0.42227309617610304,0.13261282995174709,0.9771590223039531,43203.43508338928,
datasets/adult.csv,lr,sex,5,20,0.5,0.5,"['stratified_sampling', 'min_max_scaling']",lr,0.40915380187118006,0.1559939666840532,0.9743015704264133,2454.701615333557,
datasets/adult.csv,svc,sex,5,20,0.5,0.5,"['ipw', 'undersampling', 'oversampling', 'standard', 'min_max_scaling', 'clustering']",svc,0.4200752570092226,0.13529019795403682,0.975440711972482,1211.8625314235687,
datasets/adult.csv,xgb,sex,5,20,0.5,0.5,"['standard', 'matching', 'clustering']",xgb,0.4096847469546566,0.15371733248719502,0.9730868263965082,635.3887205123901,
datasets/adult.csv,rf,sex,10,20,0.25,0.75,['matching'],rf,0.4172223161985724,0.13416241214898564,0.9686070445461304,2819.0991361141205,
datasets/adult.csv,lr,sex,10,20,0.25,0.75,"['clustering', 'min_max_scaling', 'matching', 'standard']",lr,0.40431559708923165,0.1566353330070572,0.9652665271855205,3826.7418003082275,
datasets/adult.csv,svc,sex,10,20,0.25,0.75,"['undersampling', 'stratified_sampling']",svc,0.05924966540314286,0.3317214570068685,0.4502207878131542,6467.947416782379,
datasets/adult.csv,xgb,sex,10,20,0.25,0.75,['stratified_sampling'],xgb,0.4108328857543313,0.15756689894821083,0.9792326704568735,2786.413238763809,
datasets/adult.csv,rf,sex,5,15,0.75,0.5,"['oversampling', 'undersampling']",rf,0.43230432191192114,0.11852988963996026,0.9831385334638025,45632.82070302963,
datasets/adult.csv,lr,sex,5,15,0.75,0.5,"['ipw', 'undersampling']",lr,0.020842403756312466,0.3961498548982721,0.437834662410897,1113.12806391716,
datasets/adult.csv,svc,sex,5,15,0.75,0.5,"['stratified_sampling', 'min_max_scaling', 'oversampling']",svc,-0.05969744341880162,0.8734025160865722,0.7540076292489689,627.560460805893,
datasets/adult.csv,xgb,sex,5,15,0.75,0.5,"['min_max_scaling', 'matching']",xgb,0.40938416801809363,0.15428760508752484,0.9730559411237121,285.00580859184265,
datasets/adult.csv,rf,sex,10,20,0.5,0.25,['min_max_scaling'],rf,-0.06833727299436043,0.9359293223238495,0.7992547763351286,3192.7122416496277,
datasets/adult.csv,lr,sex,10,20,0.5,0.25,"['oversampling', 'clustering', 'stratified_sampling', 'ipw']",lr,0.058862046739850654,0.3156275370616713,0.4333516305413726,4890.821586608887,
datasets/adult.csv,svc,sex,10,20,0.5,0.25,"['min_max_scaling', 'standard', 'ipw']",svc,-0.026988841136291353,0.8239538340700298,0.769976151797447,5535.323663949966,
datasets/adult.csv,xgb,sex,10,20,0.5,0.25,['stratified_sampling'],xgb,0.4108328857543313,0.15756689894821083,0.9792326704568735,1612.1035676002502,
datasets/adult.csv,rf,sex,10,10,0.5,0.25,"['standard', 'clustering', 'matching', 'min_max_scaling']",rf,0.4171918585046147,0.13433382133025398,0.9687175383394834,40397.32327795029,
datasets/adult.csv,lr,sex,10,10,0.5,0.25,"['min_max_scaling', 'matching']",lr,0.4037711671639996,0.15768195739513077,0.96522429172313,2630.00187087059,
datasets/adult.csv,svc,sex,10,10,0.5,0.25,"['standard', 'min_max_scaling', 'oversampling', 'matching', 'ipw']",svc,-0.010749799768520252,0.7893527372089247,0.7678531376718842,1292.6717541217804,
datasets/adult.csv,xgb,sex,10,10,0.5,0.25,['stratified_sampling'],xgb,0.4108328857543313,0.15756689894821083,0.9792326704568735,777.4209179878235,
datasets/adult.csv,rf,sex,5,20,0.75,0.5,"['stratified_sampling', 'ipw']",rf,0.4222776225336876,0.1326050046756785,0.9771602497430537,45294.15977692604,
datasets/adult.csv,lr,sex,5,20,0.75,0.5,"['matching', 'oversampling', 'clustering']",lr,0.0666392338666687,0.30931246070200147,0.44259092843533887,1391.3114953041077,
datasets/adult.csv,svc,sex,5,20,0.75,0.5,"['min_max_scaling', 'matching', 'ipw']",svc,0.4089981064933085,0.14767685623702415,0.9656730692236412,709.5599048137665,
datasets/adult.csv,xgb,sex,5,20,0.75,0.5,"['standard', 'clustering']",xgb,0.013424075936036617,0.8031475629218167,0.8299957147938899,319.96584701538086,
datasets/adult.csv,rf,sex,10,15,0.75,0.5,"['stratified_sampling', 'standard', 'clustering']",rf,0.421643693995004,0.13390339337379464,0.9771907813638027,37272.28833556175,
datasets/adult.csv,lr,sex,10,15,0.75,0.5,"['standard', 'min_max_scaling', 'stratified_sampling', 'clustering']",lr,0.40935304909747033,0.15565275052601737,0.974358848720958,4135.266471862793,
datasets/adult.csv,svc,sex,10,15,0.75,0.5,"['standard', 'matching', 'min_max_scaling']",svc,0.40901062321336334,0.14765260430055402,0.9656738507272807,1647.6280446052551,
datasets/adult.csv,xgb,sex,10,15,0.75,0.5,"['ipw', 'stratified_sampling']",xgb,0.4108328857543313,0.15756689894821083,0.9792326704568735,587.4907429218292,
datasets/adult.csv,rf,sex,20,5,0.25,0.25,"['clustering', 'stratified_sampling', 'standard']",rf,0.421643693995004,0.13390339337379464,0.9771907813638027,1214.7808125019073,
datasets/adult.csv,lr,sex,20,5,0.25,0.25,"['ipw', 'stratified_sampling', 'oversampling']",lr,0.03718692336362897,0.3640578812390823,0.4384317279663402,645.9170620441437,
datasets/adult.csv,svc,sex,20,5,0.25,0.25,"['standard', 'matching']",svc,0.4092466815413853,0.1471576959415191,0.9656510590242897,330.05522775650024,
datasets/adult.csv,xgb,sex,20,5,0.25,0.25,"['standard', 'oversampling', 'undersampling', 'stratified_sampling', 'clustering']",xgb,0.41951424058345504,0.14941005320037917,0.9884385343672892,250.5334222316742,
datasets/adult.csv,rf,sex,20,5,0.25,0.75,['stratified_sampling'],rf,0.419817114892608,0.13763725569840535,0.9772714854836213,1124.7729995250702,
datasets/adult.csv,lr,sex,20,5,0.25,0.75,"['oversampling', 'undersampling', 'min_max_scaling', 'ipw']",lr,0.4148817170005976,0.14500858639063433,0.9747720203918295,472.55376958847046,
datasets/adult.csv,svc,sex,20,5,0.25,0.75,"['min_max_scaling', 'undersampling', 'clustering', 'oversampling']",svc,0.4196201686262178,0.13625711659794923,0.9754974538503849,334.65502738952637,
datasets/adult.csv,xgb,sex,20,5,0.25,0.75,"['matching', 'undersampling', 'stratified_sampling', 'ipw']",xgb,0.4110147393815871,0.1571155267477344,0.9791450055109087,325.9136459827423,
datasets/adult.csv,rf,sex,10,15,0.25,0.75,['matching'],rf,0.4172223161985724,0.13416241214898564,0.9686070445461304,41309.771401405334,
datasets/adult.csv,lr,sex,10,15,0.25,0.75,"['clustering', 'undersampling', 'matching']",lr,0.025454935975917997,0.38896456611786046,0.43987443806969645,1725.877320766449,
datasets/adult.csv,svc,sex,10,15,0.25,0.75,"['matching', 'clustering', 'undersampling', 'min_max_scaling', 'oversampling', 'standard']",svc,0.022984493404835826,0.7268604208099639,0.7728294076196356,550.9249722957611,
datasets/adult.csv,xgb,sex,10,15,0.25,0.75,"['oversampling', 'stratified_sampling', 'standard', 'undersampling', 'clustering']",xgb,0.41951424058345504,0.14941005320037917,0.9884385343672892,510.9358117580414,
datasets/adult.csv,rf,sex,20,5,0.5,0.5,"['clustering', 'stratified_sampling']",rf,0.4206831377017727,0.13592929606679108,0.9772955714703364,846.8559432029724,
datasets/adult.csv,lr,sex,20,5,0.5,0.5,"['undersampling', 'oversampling']",lr,0.40559185716379015,0.025060019476520368,0.8362437338041007,294.46569657325745,
datasets/adult.csv,svc,sex,20,5,0.5,0.5,"['clustering', 'ipw', 'standard', 'stratified_sampling', 'matching']",svc,0.41361075991214463,0.14761429297992154,0.9748358128042108,274.40549755096436,
datasets/adult.csv,xgb,sex,20,5,0.5,0.5,"['oversampling', 'stratified_sampling', 'min_max_scaling', 'ipw', 'clustering', 'matching']",xgb,0.4194918282329614,0.15002189698162363,0.9890055534475464,456.9472019672394,
datasets/adult.csv,rf,sex,10,15,0.75,0.75,"['ipw', 'matching']",rf,0.41787688316437155,0.1326250607862175,0.9683788271149606,41748.224840164185,
datasets/adult.csv,lr,sex,10,15,0.75,0.75,"['min_max_scaling', 'ipw', 'stratified_sampling']",lr,0.4091535651674818,0.1559939666840532,0.9743010970190168,1395.230608701706,
datasets/adult.csv,svc,sex,10,15,0.75,0.75,"['matching', 'oversampling', 'ipw', 'stratified_sampling']",svc,0.39220969447934556,0.0273691432811231,0.8117885322398142,467.7851665019989,
datasets/adult.csv,xgb,sex,10,15,0.75,0.75,['oversampling'],xgb,0.07309508171447654,0.7428764055594802,0.8890665689884333,504.11890411376953,
datasets/adult.csv,rf,sex,10,20,0.5,0.75,['stratified_sampling'],rf,0.419817114892608,0.13763725569840535,0.9772714854836213,5999.664029598236,
datasets/adult.csv,lr,sex,10,20,0.5,0.75,"['min_max_scaling', 'matching', 'ipw']",lr,0.4037538758218912,0.15771586717658614,0.9652236188203686,4370.048321008682,
datasets/adult.csv,svc,sex,10,20,0.5,0.75,"['matching', 'standard', 'stratified_sampling']",svc,0.41330894298015386,0.14815259003438483,0.9747704759946926,1033.4749782085419,
datasets/adult.csv,xgb,sex,10,20,0.5,0.75,['stratified_sampling'],xgb,0.4108328857543313,0.15756689894821083,0.9792326704568735,656.0379915237427,
datasets/adult.csv,rf,sex,20,5,0.75,0.75,"['ipw', 'matching']",rf,0.41787688316437155,0.1326250607862175,0.9683788271149606,717.3062019348145,
datasets/adult.csv,lr,sex,20,5,0.75,0.75,"['standard', 'stratified_sampling', 'matching', 'min_max_scaling']",lr,0.4097957067961619,0.15488594130503922,0.974477354897363,314.5954465866089,
datasets/adult.csv,svc,sex,20,5,0.75,0.75,"['standard', 'matching', 'undersampling', 'stratified_sampling', 'clustering', 'min_max_scaling']",svc,0.41399137993309154,0.14693184163929957,0.9749146015054826,222.11542296409607,
datasets/adult.csv,xgb,sex,20,5,0.75,0.75,"['oversampling', 'undersampling']",xgb,0.4242183189198951,0.13855788825860235,0.9869945260983926,429.2791266441345,
datasets/adult.csv,rf,sex,10,20,0.5,0.5,"['clustering', 'ipw', 'matching', 'min_max_scaling']",rf,0.4167259656735086,0.13496604182856586,0.9684179731755831,4498.293147325516,
datasets/adult.csv,lr,sex,10,20,0.5,0.5,"['clustering', 'matching', 'stratified_sampling', 'min_max_scaling']",lr,0.40933433180963136,0.15561688725101278,0.9742855508702755,6142.043293952942,
datasets/adult.csv,svc,sex,10,20,0.5,0.5,"['clustering', 'matching']",svc,0.38173671406121196,0.03805121412277108,0.801524642245195,2045.1540749073029,
datasets/adult.csv,xgb,sex,10,20,0.5,0.5,"['matching', 'stratified_sampling', 'undersampling']",xgb,0.4110147393815871,0.1571155267477344,0.9791450055109087,943.819253206253,
datasets/adult.csv,rf,sex,10,20,0.75,0.5,['matching'],rf,0.4172223161985724,0.13416241214898564,0.9686070445461304,6100.411808490753,
datasets/adult.csv,lr,sex,10,20,0.75,0.5,"['stratified_sampling', 'oversampling', 'undersampling', 'matching', 'clustering']",lr,0.002783210299082073,0.42749567643219805,0.4330620970303622,4067.583608150482,
datasets/adult.csv,svc,sex,10,20,0.75,0.5,"['standard', 'min_max_scaling', 'matching']",svc,0.40901062321336334,0.14765260430055402,0.9656738507272807,1025.7955656051636,
datasets/adult.csv,xgb,sex,10,20,0.75,0.5,['stratified_sampling'],xgb,0.4108328857543313,0.15756689894821083,0.9792326704568735,633.0733296871185,
datasets/adult.csv,rf,sex,15,10,0.25,0.25,['matching'],rf,0.4172223161985724,0.13416241214898564,0.9686070445461304,3369.208156824112,
datasets/adult.csv,lr,sex,15,10,0.25,0.25,"['undersampling', 'min_max_scaling', 'standard', 'stratified_sampling', 'oversampling', 'ipw']",lr,0.4099956004768543,0.1548823085247875,0.974873509478496,1193.0858759880066,
datasets/adult.csv,svc,sex,15,10,0.25,0.25,"['clustering', 'undersampling', 'matching', 'ipw', 'standard']",svc,-0.02052273775671931,0.8074444209945039,0.7663989454810652,436.8127658367157,
datasets/adult.csv,xgb,sex,15,10,0.25,0.25,"['clustering', 'ipw', 'min_max_scaling', 'matching', 'stratified_sampling', 'oversampling']",xgb,0.4194918282329614,0.15002189698162363,0.9890055534475464,508.91943430900574,
datasets/adult.csv,rf,sex,15,10,0.5,0.25,['stratified_sampling'],rf,0.419817114892608,0.13763725569840535,0.9772714854836213,3226.1591861248016,
datasets/adult.csv,lr,sex,15,10,0.5,0.25,"['clustering', 'min_max_scaling', 'undersampling', 'standard', 'stratified_sampling', 'matching']",lr,0.4097661843632838,0.15465746758326768,0.9741898363098354,1084.8425097465515,
datasets/adult.csv,svc,sex,15,10,0.5,0.25,"['undersampling', 'oversampling', 'ipw', 'clustering', 'standard', 'matching']",svc,0.022985572179160974,0.7268604208099639,0.7728315651682859,422.18367981910706,
datasets/adult.csv,xgb,sex,15,10,0.5,0.25,"['clustering', 'min_max_scaling', 'stratified_sampling']",xgb,0.4113407593148771,0.15672340730745796,0.9794049259372122,510.2322895526886,
datasets/adult.csv,rf,sex,20,5,0.75,0.25,"['min_max_scaling', 'stratified_sampling', 'ipw']",rf,0.42227309617610304,0.13261282995174709,0.9771590223039531,806.2350556850433,
datasets/adult.csv,lr,sex,20,5,0.75,0.25,"['stratified_sampling', 'standard']",lr,0.4109282426961045,0.1529420990330013,0.9747985844252103,294.1017470359802,
datasets/adult.csv,svc,sex,20,5,0.75,0.25,"['undersampling', 'oversampling', 'ipw', 'stratified_sampling']",svc,0.05955616397319591,0.31853111434242276,0.4376434422888146,259.70993280410767,
datasets/adult.csv,xgb,sex,20,5,0.75,0.25,"['standard', 'stratified_sampling']",xgb,0.4108328857543313,0.15756689894821083,0.9792326704568735,506.5159864425659,
datasets/adult.csv,rf,sex,10,20,0.75,0.75,['stratified_sampling'],rf,0.419817114892608,0.13763725569840535,0.9772714854836213,6328.2518658638,
datasets/adult.csv,lr,sex,10,20,0.75,0.75,"['min_max_scaling', 'clustering', 'oversampling', 'ipw', 'undersampling']",lr,0.41400199295588486,0.14680413747470678,0.9748081233864765,3462.9894323349,
datasets/adult.csv,svc,sex,10,20,0.75,0.75,"['stratified_sampling', 'clustering']",svc,0.38620060946968954,0.029769656536771816,0.8021708754761508,918.4537260532379,
datasets/adult.csv,xgb,sex,10,20,0.75,0.75,['stratified_sampling'],xgb,0.4108328857543313,0.15756689894821083,0.9792326704568735,584.535338640213,
datasets/adult.csv,rf,sex,20,5,0.5,0.75,"['oversampling', 'undersampling']",rf,0.43230432191192114,0.11852988963996026,0.9831385334638025,822.8577270507812,
datasets/adult.csv,lr,sex,20,5,0.5,0.75,"['clustering', 'ipw', 'stratified_sampling', 'min_max_scaling']",lr,0.40935304909747033,0.15565275052601737,0.974358848720958,294.7523078918457,
datasets/adult.csv,svc,sex,20,5,0.5,0.75,"['clustering', 'undersampling', 'min_max_scaling', 'ipw', 'standard', 'oversampling']",svc,0.4200752570092226,0.13529019795403682,0.975440711972482,260.660835981369,
datasets/adult.csv,xgb,sex,20,5,0.5,0.75,"['clustering', 'stratified_sampling', 'ipw', 'min_max_scaling']",xgb,0.4108328857543313,0.15756689894821083,0.9792326704568735,506.23177194595337,
datasets/adult.csv,rf,sex,10,20,0.75,0.25,['stratified_sampling'],rf,0.419817114892608,0.13763725569840535,0.9772714854836213,5860.320685625076,
datasets/adult.csv,lr,sex,10,20,0.75,0.25,"['oversampling', 'stratified_sampling', 'clustering']",lr,0.03718675332632718,0.3640578812390823,0.43843138789173663,4533.741284132004,
datasets/adult.csv,svc,sex,10,20,0.75,0.25,"['clustering', 'ipw']",svc,0.07580289422847891,0.3369645997673474,0.4885703882243052,1059.7096009254456,
datasets/adult.csv,xgb,sex,10,20,0.75,0.25,"['clustering', 'stratified_sampling']",xgb,0.4108328898481234,0.15756689894821083,0.9792326786444576,742.1044948101044,
datasets/adult.csv,rf,sex,20,5,0.75,0.5,"['stratified_sampling', 'clustering']",rf,0.4206831377017727,0.13592929606679108,0.9772955714703364,770.6145417690277,
datasets/adult.csv,lr,sex,20,5,0.75,0.5,"['oversampling', 'undersampling', 'min_max_scaling']",lr,0.4148541998183094,0.14506310118048263,0.9747715008171014,294.9388041496277,
datasets/adult.csv,svc,sex,20,5,0.75,0.5,"['oversampling', 'undersampling', 'min_max_scaling', 'clustering']",svc,0.4196201686262178,0.13625711659794923,0.9754974538503849,243.30768656730652,
datasets/adult.csv,xgb,sex,20,5,0.75,0.5,"['clustering', 'ipw', 'oversampling', 'undersampling']",xgb,0.423045812154745,0.14089012481543423,0.9869817491249243,496.54478669166565,
datasets/adult.csv,rf,sex,15,10,0.5,0.75,"['matching', 'undersampling', 'ipw', 'standard', 'stratified_sampling']",rf,0.423379566641375,0.1291784959950188,0.9759376292777688,2893.1483747959137,
datasets/adult.csv,lr,sex,15,10,0.5,0.75,"['matching', 'standard', 'stratified_sampling', 'clustering']",lr,0.4097648884678771,0.15500183601070325,0.9745316129464575,908.3898112773895,
datasets/adult.csv,svc,sex,15,10,0.5,0.75,"['ipw', 'stratified_sampling', 'min_max_scaling', 'matching']",svc,0.4134117662770706,0.1481061630876261,0.9749296956417673,408.20539140701294,
datasets/adult.csv,xgb,sex,15,10,0.5,0.75,"['stratified_sampling', 'matching', 'undersampling']",xgb,0.4110147393815871,0.1571155267477344,0.9791450055109087,499.5165009498596,
datasets/adult.csv,rf,sex,15,10,0.75,0.25,['oversampling'],rf,0.008618422747205978,0.8177824878989827,0.8350193333933946,2762.10418009758,
datasets/adult.csv,lr,sex,15,10,0.75,0.25,"['ipw', 'min_max_scaling', 'oversampling', 'undersampling', 'standard', 'matching']",lr,-0.02572182222697522,0.8096175449457953,0.7581739004918449,862.9872314929962,
datasets/adult.csv,svc,sex,15,10,0.75,0.25,"['matching', 'min_max_scaling']",svc,0.4089986668108264,0.1476758801685728,0.9656732137902256,405.64386010169983,
datasets/adult.csv,xgb,sex,15,10,0.75,0.25,['undersampling'],xgb,0.021115958140938973,0.7666886447858196,0.8089205610676975,494.9608151912689,
datasets/adult.csv,rf,sex,10,20,0.25,0.5,"['matching', 'stratified_sampling']",rf,0.4215499411963283,0.13411389023176581,0.9772137726244224,18578.946728229523,
datasets/adult.csv,lr,sex,10,20,0.25,0.5,"['undersampling', 'min_max_scaling', 'ipw', 'stratified_sampling', 'matching']",lr,0.41011290006558593,0.15356803127332472,0.9737938314044966,2954.7277421951294,
datasets/adult.csv,svc,sex,10,20,0.25,0.5,"['matching', 'clustering', 'standard', 'ipw', 'min_max_scaling']",svc,0.4090000659124595,0.14771910329055202,0.9657192351154711,697.4339849948883,
datasets/adult.csv,xgb,sex,10,20,0.25,0.5,"['oversampling', 'clustering', 'matching', 'ipw', 'standard', 'stratified_sampling']",xgb,0.418660747704404,0.1519685375758964,0.9892900329847043,547.0224573612213,
datasets/adult.csv,rf,sex,15,10,0.75,0.5,"['oversampling', 'standard']",rf,0.008496483911486441,0.8180545876371327,0.8350475554601056,2353.926546573639,
datasets/adult.csv,lr,sex,15,10,0.75,0.5,"['stratified_sampling', 'matching', 'standard', 'min_max_scaling']",lr,0.4097957067961619,0.15488594130503922,0.974477354897363,795.299332857132,
datasets/adult.csv,svc,sex,15,10,0.75,0.5,"['standard', 'matching']",svc,0.4092466815413853,0.1471576959415191,0.9656510590242897,438.7439773082733,
datasets/adult.csv,xgb,sex,15,10,0.75,0.5,"['clustering', 'stratified_sampling']",xgb,0.4108328898481234,0.15756689894821083,0.9792326786444576,436.9271869659424,
datasets/adult.csv,rf,sex,15,10,0.75,0.75,"['undersampling', 'oversampling']",rf,0.43230432191192114,0.11852988963996026,0.9831385334638025,2228.34211230278,
datasets/adult.csv,lr,sex,15,10,0.75,0.75,"['min_max_scaling', 'standard', 'oversampling', 'undersampling', 'clustering']",lr,0.41383382779611805,0.1471303891128162,0.9747980447050523,765.3613238334656,
datasets/adult.csv,svc,sex,15,10,0.75,0.75,"['ipw', 'min_max_scaling', 'standard', 'clustering', 'oversampling', 'undersampling']",svc,0.4200752570092226,0.13529019795403682,0.975440711972482,454.469694852829,
datasets/adult.csv,xgb,sex,15,10,0.75,0.75,"['ipw', 'min_max_scaling', 'stratified_sampling']",xgb,0.4108328857543313,0.15756689894821083,0.9792326704568735,407.30236649513245,
datasets/adult.csv,rf,sex,15,10,0.25,0.5,['stratified_sampling'],rf,0.419817114892608,0.13763725569840535,0.9772714854836213,3388.5988113880157,
datasets/adult.csv,lr,sex,15,10,0.25,0.5,"['oversampling', 'standard', 'undersampling']",lr,0.4150526023032938,0.14526518983237965,0.9753703944389673,1208.6970179080963,
datasets/adult.csv,svc,sex,15,10,0.25,0.5,"['oversampling', 'matching', 'ipw', 'undersampling', 'stratified_sampling', 'clustering']",svc,0.06597367304970456,0.29959147577546635,0.43153882187487547,438.9566671848297,
datasets/adult.csv,xgb,sex,15,10,0.25,0.5,['stratified_sampling'],xgb,0.4108328857543313,0.15756689894821083,0.9792326704568735,558.5530211925507,
datasets/adult.csv,rf,sex,20,5,0.25,0.5,"['ipw', 'stratified_sampling', 'clustering']",rf,0.42101085508938707,0.13517242566380142,0.9771941358425755,2055.2226457595825,
datasets/adult.csv,lr,sex,20,5,0.25,0.5,"['oversampling', 'undersampling', 'min_max_scaling']",lr,0.4148541998183094,0.14506310118048263,0.9747715008171014,219.92287921905518,
datasets/adult.csv,svc,sex,20,5,0.25,0.5,"['clustering', 'standard', 'stratified_sampling', 'undersampling', 'ipw', 'min_max_scaling', 'matching']",svc,0.4128038638930654,0.14950838077131745,0.9751161085574482,432.7130401134491,
datasets/adult.csv,xgb,sex,20,5,0.25,0.5,['matching'],xgb,0.40938416801809363,0.15428760508752484,0.9730559411237121,91.05504250526428,
datasets/adult.csv,rf,sex,20,5,0.5,0.25,"['stratified_sampling', 'matching', 'clustering']",rf,0.42021576918596026,0.13668138238762767,0.9771129207595483,1474.0465710163116,
datasets/adult.csv,lr,sex,20,5,0.5,0.25,"['oversampling', 'clustering']",lr,0.060193733462505644,0.31272835689950196,0.43311582382451325,364.6455159187317,
datasets/adult.csv,svc,sex,20,5,0.5,0.25,"['undersampling', 'oversampling', 'clustering', 'min_max_scaling']",svc,0.4196201686262178,0.13625711659794923,0.9754974538503849,181.4653398990631,
datasets/adult.csv,xgb,sex,20,5,0.5,0.25,"['matching', 'clustering', 'stratified_sampling', 'min_max_scaling']",xgb,0.411965125394538,0.15596073924005951,0.9798909900291355,81.15800285339355,
datasets/adult.csv,rf,sex,15,10,0.25,0.75,"['clustering', 'stratified_sampling', 'ipw', 'min_max_scaling']",rf,0.42060751140842195,0.13586966906931294,0.9770846918861569,4372.548088550568,
datasets/adult.csv,lr,sex,15,10,0.25,0.75,"['undersampling', 'clustering', 'min_max_scaling', 'matching', 'stratified_sampling', 'standard', 'ipw']",lr,0.4097204188800273,0.1548381912065769,0.9742790289666315,405.4566764831543,
datasets/adult.csv,svc,sex,15,10,0.25,0.75,"['matching', 'clustering', 'oversampling', 'ipw', 'undersampling', 'standard']",svc,0.022985572179160974,0.7268604208099639,0.7728315651682859,506.26485538482666,
datasets/adult.csv,xgb,sex,15,10,0.25,0.75,"['standard', 'undersampling', 'stratified_sampling', 'matching', 'ipw', 'min_max_scaling']",xgb,0.4136000892613919,0.152265482157251,0.9794656606800348,120.06400299072266,
datasets/adult.csv,rf,sex,15,10,0.5,0.5,"['stratified_sampling', 'matching', 'undersampling']",rf,0.42068982498964536,0.13551046805361924,0.9768901180329099,4043.1774804592133,
datasets/adult.csv,lr,sex,15,10,0.5,0.5,"['standard', 'matching']",lr,0.4059649668699388,0.15390792867276612,0.9658378624126438,447.9680001735687,
datasets/adult.csv,svc,sex,15,10,0.5,0.5,"['stratified_sampling', 'clustering']",svc,0.38620060946968954,0.029769656536771816,0.8021708754761508,397.12517523765564,
datasets/adult.csv,xgb,sex,15,10,0.5,0.5,['stratified_sampling'],xgb,0.4108328857543313,0.15756689894821083,0.9792326704568735,119.1982536315918,
datasets/adult.csv,rf,sex,15,15,0.25,0.25,"['standard', 'ipw', 'matching']",rf,0.4179747660969376,0.13242770802253429,0.9683772402164095,2730.056395292282,
datasets/adult.csv,lr,sex,15,15,0.25,0.25,"['stratified_sampling', 'clustering']",lr,0.40062788676306355,0.026438765141004118,0.8276945386671312,652.8826293945312,
datasets/adult.csv,svc,sex,15,15,0.25,0.25,"['min_max_scaling', 'stratified_sampling']",svc,0.41320048943565657,0.14853482436255952,0.9749358032338726,453.2082026004791,
datasets/adult.csv,xgb,sex,15,15,0.25,0.25,"['standard', 'min_max_scaling', 'ipw', 'clustering', 'undersampling', 'oversampling']",xgb,0.4242183189198951,0.13855788825860235,0.9869945260983926,178.1262354850769,
datasets/adult.csv,rf,sex,15,15,0.5,0.25,"['ipw', 'stratified_sampling']",rf,0.4222776225336876,0.1326050046756785,0.9771602497430537,2489.6245951652527,
datasets/adult.csv,lr,sex,15,15,0.5,0.25,"['stratified_sampling', 'min_max_scaling']",lr,0.40915380187118006,0.1559939666840532,0.9743015704264133,678.1612956523895,
datasets/adult.csv,svc,sex,15,15,0.5,0.25,"['clustering', 'standard', 'stratified_sampling', 'ipw', 'oversampling']",svc,-0.026021057770259703,0.828425071912677,0.7763829563721576,397.3725154399872,
datasets/adult.csv,xgb,sex,15,15,0.5,0.25,"['matching', 'stratified_sampling', 'standard', 'min_max_scaling', 'clustering']",xgb,0.411965125394538,0.15596073924005951,0.9798909900291355,177.53244972229004,
datasets/adult.csv,rf,sex,15,15,0.5,0.5,"['undersampling', 'matching', 'ipw', 'stratified_sampling', 'standard', 'clustering', 'oversampling']",rf,-0.017433484845075342,0.8784186516097044,0.8435516819195538,2484.8291404247284,
datasets/adult.csv,lr,sex,15,15,0.5,0.5,"['clustering', 'standard', 'stratified_sampling', 'min_max_scaling']",lr,0.40935304909747033,0.15565275052601737,0.974358848720958,683.4257428646088,
datasets/adult.csv,svc,sex,15,15,0.5,0.5,"['standard', 'stratified_sampling']",svc,0.41372653736818915,0.14738839249789956,0.9748414672342779,396.05808663368225,
datasets/adult.csv,xgb,sex,15,15,0.5,0.5,"['stratified_sampling', 'standard']",xgb,0.4108328857543313,0.15756689894821083,0.9792326704568735,178.47344088554382,
datasets/adult.csv,rf,sex,15,15,0.25,0.75,['matching'],rf,0.4172223161985724,0.13416241214898564,0.9686070445461304,2497.3015007972717,
datasets/adult.csv,lr,sex,15,15,0.25,0.75,"['oversampling', 'min_max_scaling', 'undersampling', 'standard', 'ipw', 'stratified_sampling']",lr,0.4099956004768543,0.1548823085247875,0.974873509478496,698.9495303630829,
datasets/adult.csv,svc,sex,15,15,0.25,0.75,"['matching', 'min_max_scaling', 'standard', 'undersampling']",svc,-0.022029642700365393,0.8059611132244892,0.7619018278237584,375.36944103240967,
datasets/adult.csv,xgb,sex,15,15,0.25,0.75,['stratified_sampling'],xgb,0.4108328857543313,0.15756689894821083,0.9792326704568735,179.87671518325806,
datasets/adult.csv,rf,sex,15,15,0.5,0.75,['stratified_sampling'],rf,0.419817114892608,0.13763725569840535,0.9772714854836213,2355.7344176769257,
datasets/adult.csv,lr,sex,15,15,0.5,0.75,"['oversampling', 'undersampling', 'standard']",lr,0.4150526023032938,0.14526518983237965,0.9753703944389673,706.2402291297913,
datasets/adult.csv,svc,sex,15,15,0.5,0.75,"['matching', 'min_max_scaling', 'clustering', 'stratified_sampling', 'standard']",svc,0.4120497726160438,0.15080793505439433,0.974907480286482,353.68225479125977,
datasets/adult.csv,xgb,sex,15,15,0.5,0.75,"['stratified_sampling', 'ipw']",xgb,0.4108328857543313,0.15756689894821083,0.9792326704568735,181.43071007728577,
datasets/adult.csv,rf,sex,15,15,0.75,0.25,"['standard', 'ipw', 'stratified_sampling', 'min_max_scaling']",rf,0.4211835679417692,0.13473026287848622,0.9770973987620246,2351.627370119095,
datasets/adult.csv,lr,sex,15,15,0.75,0.25,"['ipw', 'oversampling', 'stratified_sampling', 'undersampling', 'clustering']",lr,0.060256440327217914,0.31275013053623196,0.4332630111906678,714.7162108421326,
datasets/adult.csv,svc,sex,15,15,0.75,0.25,"['standard', 'min_max_scaling', 'clustering']",svc,-0.020247551245640816,0.8107744340796499,0.7702793315883683,342.6211688518524,
datasets/adult.csv,xgb,sex,15,15,0.75,0.25,['stratified_sampling'],xgb,0.4108328857543313,0.15756689894821083,0.9792326704568735,183.15530490875244,
datasets/adult.csv,rf,sex,15,15,0.75,0.5,"['stratified_sampling', 'clustering']",rf,0.4206831377017727,0.13592929606679108,0.9772955714703364,2314.396151781082,
datasets/adult.csv,lr,sex,15,15,0.75,0.5,"['min_max_scaling', 'matching']",lr,0.4037711671639996,0.15768195739513077,0.96522429172313,725.5916566848755,
datasets/adult.csv,svc,sex,15,15,0.75,0.5,"['min_max_scaling', 'stratified_sampling', 'clustering']",svc,0.41338911843370235,0.14816540369972467,0.9749436405671293,329.1751103401184,
datasets/adult.csv,xgb,sex,15,15,0.75,0.5,"['matching', 'clustering']",xgb,0.4096847469546566,0.15371733248719502,0.9730868263965082,184.45060110092163,
datasets/adult.csv,rf,sex,15,15,0.75,0.75,['stratified_sampling'],rf,0.419817114892608,0.13763725569840535,0.9772714854836213,2303.925321340561,
datasets/adult.csv,lr,sex,15,15,0.75,0.75,"['min_max_scaling', 'ipw', 'undersampling', 'oversampling']",lr,0.4148817170005976,0.14500858639063433,0.9747720203918295,732.3864064216614,
datasets/adult.csv,svc,sex,15,15,0.75,0.75,"['min_max_scaling', 'matching', 'oversampling', 'standard', 'ipw']",svc,-0.010749799768520252,0.7893527372089247,0.7678531376718842,321.8749556541443,
datasets/adult.csv,xgb,sex,15,15,0.75,0.75,"['min_max_scaling', 'standard', 'stratified_sampling', 'ipw']",xgb,0.4108328857543313,0.15756689894821083,0.9792326704568735,184.97629618644714,
datasets/adult.csv,rf,sex,20,10,0.25,0.25,"['standard', 'undersampling', 'stratified_sampling', 'matching', 'clustering']",rf,0.4201436313718817,0.13658299467029275,0.9768702574140562,1004.6475355625153,
datasets/adult.csv,lr,sex,20,10,0.25,0.25,"['clustering', 'stratified_sampling', 'standard', 'ipw', 'undersampling', 'min_max_scaling', 'matching']",lr,0.4097204188800273,0.1548381912065769,0.9742790289666315,611.6113421916962,
datasets/adult.csv,svc,sex,20,10,0.25,0.25,"['oversampling', 'matching', 'clustering', 'stratified_sampling']",svc,0.07223760772986615,0.290526604597151,0.4350018200568833,162.14184165000916,
datasets/adult.csv,xgb,sex,20,10,0.25,0.25,"['min_max_scaling', 'matching', 'clustering', 'stratified_sampling', 'ipw', 'oversampling']",xgb,0.4194918282329614,0.15002189698162363,0.9890055534475464,165.8698444366455,
datasets/adult.csv,rf,sex,20,10,0.25,0.5,"['min_max_scaling', 'oversampling', 'stratified_sampling', 'undersampling', 'clustering']",rf,-0.0027272516481671727,0.8383124742899654,0.832857970993631,979.0652205944061,
datasets/adult.csv,lr,sex,20,10,0.25,0.5,"['ipw', 'stratified_sampling', 'standard', 'oversampling', 'min_max_scaling', 'undersampling', 'clustering']",lr,0.4099956004768543,0.1548823085247875,0.974873509478496,603.2368099689484,
datasets/adult.csv,svc,sex,20,10,0.25,0.5,"['min_max_scaling', 'standard', 'ipw', 'clustering', 'undersampling', 'oversampling']",svc,0.4200752570092226,0.13529019795403682,0.975440711972482,162.3675181865692,
datasets/adult.csv,xgb,sex,20,10,0.25,0.5,"['ipw', 'stratified_sampling']",xgb,0.4108328857543313,0.15756689894821083,0.9792326704568735,167.99723029136658,
datasets/adult.csv,rf,sex,20,10,0.5,0.25,"['standard', 'matching', 'clustering']",rf,0.4180452553176329,0.13246334759077924,0.9685538582260451,773.5537302494049,
datasets/adult.csv,lr,sex,20,10,0.5,0.25,"['clustering', 'min_max_scaling', 'ipw', 'stratified_sampling']",lr,0.40935304909747033,0.15565275052601737,0.974358848720958,558.8057117462158,
datasets/adult.csv,svc,sex,20,10,0.5,0.25,"['oversampling', 'min_max_scaling', 'standard', 'undersampling', 'ipw', 'clustering']",svc,0.4200752570092226,0.13529019795403682,0.975440711972482,157.9134120941162,
datasets/adult.csv,xgb,sex,20,10,0.5,0.25,"['min_max_scaling', 'clustering']",xgb,0.020025993383965768,0.7889675535036839,0.8290195402716154,169.05504369735718,
datasets/adult.csv,rf,sex,20,10,0.5,0.5,"['ipw', 'stratified_sampling']",rf,0.4222776225336876,0.1326050046756785,0.9771602497430537,712.8502089977264,
datasets/adult.csv,lr,sex,20,10,0.5,0.5,"['stratified_sampling', 'min_max_scaling', 'ipw', 'clustering']",lr,0.40935304909747033,0.15565275052601737,0.974358848720958,547.2391669750214,
datasets/adult.csv,svc,sex,20,10,0.5,0.5,"['clustering', 'min_max_scaling', 'stratified_sampling']",svc,0.41338911843370235,0.14816540369972467,0.9749436405671293,157.28211903572083,
datasets/adult.csv,xgb,sex,20,10,0.5,0.5,['matching'],xgb,0.40938416801809363,0.15428760508752484,0.9730559411237121,170.79983139038086,
datasets/adult.csv,rf,sex,20,10,0.5,0.75,['stratified_sampling'],rf,0.419817114892608,0.13763725569840535,0.9772714854836213,619.767139673233,
datasets/adult.csv,lr,sex,20,10,0.5,0.75,"['min_max_scaling', 'standard', 'matching']",lr,0.4037711671639996,0.15768195739513077,0.96522429172313,551.6103503704071,
datasets/adult.csv,svc,sex,20,10,0.5,0.75,"['undersampling', 'oversampling', 'min_max_scaling', 'stratified_sampling']",svc,0.4140893485248412,0.14731126575575404,0.9754899628054364,158.30922389030457,
datasets/adult.csv,xgb,sex,20,10,0.5,0.75,"['clustering', 'stratified_sampling', 'standard']",xgb,0.4138332847115644,0.15151331959206685,0.9791798890151956,168.64983749389648,
datasets/adult.csv,rf,sex,20,10,0.75,0.25,"['stratified_sampling', 'standard']",rf,0.4197318714954017,0.13781093612840892,0.9772746791192123,588.6487946510315,
datasets/adult.csv,lr,sex,20,10,0.75,0.25,"['min_max_scaling', 'undersampling', 'clustering', 'matching', 'stratified_sampling']",lr,0.4094750914780234,0.15438337144887676,0.9733335544049236,552.3343832492828,
datasets/adult.csv,svc,sex,20,10,0.75,0.25,"['oversampling', 'matching']",svc,0.08733268305694639,0.27367123087653494,0.4483365969904277,160.55994582176208,
datasets/adult.csv,xgb,sex,20,10,0.75,0.25,"['standard', 'stratified_sampling']",xgb,0.4108328857543313,0.15756689894821083,0.9792326704568735,168.40380191802979,
datasets/adult.csv,rf,sex,20,10,0.75,0.75,['stratified_sampling'],rf,0.419817114892608,0.13763725569840535,0.9772714854836213,579.3896996974945,
datasets/adult.csv,lr,sex,20,10,0.75,0.75,"['standard', 'stratified_sampling', 'clustering']",lr,0.4111341409675613,0.1525483840290755,0.9748166659641981,554.2294237613678,
datasets/adult.csv,svc,sex,20,10,0.75,0.75,"['clustering', 'undersampling', 'stratified_sampling', 'min_max_scaling', 'matching']",svc,0.41442551054225957,0.14492549293085066,0.9737765140153698,157.84498953819275,
datasets/adult.csv,xgb,sex,20,10,0.75,0.75,"['ipw', 'stratified_sampling']",xgb,0.4108328857543313,0.15756689894821083,0.9792326704568735,168.45123314857483,
datasets/adult.csv,rf,sex,20,10,0.75,0.5,"['matching', 'stratified_sampling', 'standard', 'min_max_scaling']",rf,0.4215520957541994,0.13411389023176581,0.9772180817401646,580.5484869480133,
datasets/adult.csv,lr,sex,20,10,0.75,0.5,"['clustering', 'min_max_scaling', 'stratified_sampling']",lr,0.40935304909747033,0.15565275052601737,0.974358848720958,555.1107161045074,
datasets/adult.csv,svc,sex,20,10,0.75,0.5,"['matching', 'clustering', 'oversampling']",svc,0.08461450304535245,0.2769329383669395,0.4461619444576444,157.81429409980774,
datasets/adult.csv,xgb,sex,20,10,0.75,0.5,"['undersampling', 'oversampling']",xgb,0.4242183189198951,0.13855788825860235,0.9869945260983926,169.2930817604065,
datasets/adult.csv,rf,sex,15,15,0.25,0.5,"['standard', 'stratified_sampling', 'clustering']",rf,0.421643693995004,0.13390339337379464,0.9771907813638027,3124.2190556526184,
datasets/adult.csv,lr,sex,15,15,0.25,0.5,"['matching', 'clustering', 'min_max_scaling', 'standard', 'ipw', 'undersampling', 'stratified_sampling']",lr,0.4097204188800273,0.1548381912065769,0.9742790289666315,572.7589681148529,
datasets/adult.csv,svc,sex,15,15,0.25,0.5,"['ipw', 'stratified_sampling', 'min_max_scaling']",svc,0.41327369643927186,0.14839194820203097,0.9749393410805747,179.1892499923706,
datasets/adult.csv,xgb,sex,15,15,0.25,0.5,['stratified_sampling'],xgb,0.4108328857543313,0.15756689894821083,0.9792326704568735,188.1749029159546,
datasets/adult.csv,rf,sex,20,10,0.25,0.75,"['standard', 'stratified_sampling', 'ipw']",rf,0.4213110078606016,0.13448494527506277,0.9771069609962659,1366.0625729560852,
datasets/adult.csv,lr,sex,20,10,0.25,0.75,"['undersampling', 'oversampling', 'min_max_scaling', 'clustering', 'standard']",lr,0.41383382779611805,0.1471303891128162,0.9747980447050523,160.24666380882263,
datasets/adult.csv,svc,sex,20,10,0.25,0.75,"['clustering', 'matching', 'min_max_scaling', 'stratified_sampling']",svc,0.41394284783278057,0.14712991815303453,0.9750156138185957,167.4058074951172,
datasets/adult.csv,xgb,sex,20,10,0.25,0.75,"['oversampling', 'standard', 'undersampling', 'clustering']",xgb,0.42153871715640406,0.1438100613735355,0.9868874956863436,156.92202496528625,
datasets/adult.csv,rf,sex,15,20,0.25,0.5,"['ipw', 'min_max_scaling', 'stratified_sampling', 'standard', 'clustering']",rf,0.4212090547987925,0.1347712359280461,0.9771893455256311,2431.9638302326202,
datasets/adult.csv,lr,sex,15,20,0.25,0.5,"['clustering', 'stratified_sampling', 'matching']",lr,0.04176336471490161,0.3522327531195155,0.43575948254931873,742.102787733078,
datasets/adult.csv,svc,sex,15,20,0.25,0.5,"['undersampling', 'clustering', 'min_max_scaling', 'standard', 'ipw', 'oversampling']",svc,0.4200752570092226,0.13529019795403682,0.975440711972482,246.72030019760132,
datasets/adult.csv,xgb,sex,15,20,0.25,0.5,"['matching', 'clustering', 'standard', 'min_max_scaling']",xgb,0.4096847469546566,0.15371733248719502,0.9730868263965082,236.96444153785706,
datasets/adult.csv,rf,sex,15,20,0.25,0.75,['stratified_sampling'],rf,0.419817114892608,0.13763725569840535,0.9772714854836213,2398.1399998664856,
datasets/adult.csv,lr,sex,15,20,0.25,0.75,"['undersampling', 'min_max_scaling', 'oversampling']",lr,0.4148541998183094,0.14506310118048263,0.9747715008171014,725.5604410171509,
datasets/adult.csv,svc,sex,15,20,0.25,0.75,"['undersampling', 'matching']",svc,0.055567729932041704,0.3340067092711549,0.4451421691352383,245.8398473262787,
datasets/adult.csv,xgb,sex,15,20,0.25,0.75,['stratified_sampling'],xgb,0.4108328857543313,0.15756689894821083,0.9792326704568735,237.54407048225403,
datasets/adult.csv,rf,sex,15,20,0.5,0.25,"['ipw', 'stratified_sampling', 'undersampling', 'standard', 'matching']",rf,0.423379566641375,0.1291784959950188,0.9759376292777688,2404.2493710517883,
datasets/adult.csv,lr,sex,15,20,0.5,0.25,"['ipw', 'min_max_scaling', 'undersampling', 'oversampling']",lr,0.4148817170005976,0.14500858639063433,0.9747720203918295,720.3078620433807,
datasets/adult.csv,svc,sex,15,20,0.5,0.25,"['matching', 'oversampling', 'ipw']",svc,0.06957747336915729,0.2951190890300702,0.4342740357683848,245.94973134994507,
datasets/adult.csv,xgb,sex,15,20,0.5,0.25,['stratified_sampling'],xgb,0.4108328857543313,0.15756689894821083,0.9792326704568735,238.44552946090698,
datasets/adult.csv,rf,sex,15,20,0.5,0.5,"['ipw', 'min_max_scaling', 'stratified_sampling']",rf,0.42227309617610304,0.13261282995174709,0.9771590223039531,2361.440097808838,
datasets/adult.csv,lr,sex,15,20,0.5,0.5,"['oversampling', 'undersampling']",lr,0.40559185716379015,0.025060019476520368,0.8362437338041007,715.147914648056,
datasets/adult.csv,svc,sex,15,20,0.5,0.5,"['stratified_sampling', 'min_max_scaling', 'ipw']",svc,0.41327369643927186,0.14839194820203097,0.9749393410805747,245.6215968132019,
datasets/adult.csv,xgb,sex,15,20,0.5,0.5,"['clustering', 'stratified_sampling']",xgb,0.4108328898481234,0.15756689894821083,0.9792326786444576,239.48203253746033,
datasets/adult.csv,rf,sex,15,20,0.75,0.25,"['oversampling', 'ipw', 'stratified_sampling', 'undersampling']",rf,0.0019460722768250838,0.8283780858850017,0.8322702304386519,2307.4362111091614,
datasets/adult.csv,lr,sex,15,20,0.75,0.25,"['standard', 'stratified_sampling']",lr,0.4109282426961045,0.1529420990330013,0.9747985844252103,697.5360281467438,
datasets/adult.csv,svc,sex,15,20,0.75,0.25,"['oversampling', 'matching']",svc,0.08733268305694639,0.27367123087653494,0.4483365969904277,244.74983072280884,
datasets/adult.csv,xgb,sex,15,20,0.75,0.25,"['ipw', 'oversampling']",xgb,0.07309508171447654,0.7428764055594802,0.8890665689884333,240.028244972229,
datasets/adult.csv,rf,sex,15,20,0.75,0.5,"['clustering', 'stratified_sampling', 'ipw']",rf,0.42101085508938707,0.13517242566380142,0.9771941358425755,2260.068090438843,
datasets/adult.csv,lr,sex,15,20,0.75,0.5,"['oversampling', 'undersampling']",lr,0.40559185716379015,0.025060019476520368,0.8362437338041007,693.9612371921539,
datasets/adult.csv,svc,sex,15,20,0.75,0.5,"['stratified_sampling', 'standard']",svc,0.41372653736818915,0.14738839249789956,0.9748414672342779,245.26439118385315,
datasets/adult.csv,xgb,sex,15,20,0.75,0.5,['stratified_sampling'],xgb,0.4108328857543313,0.15756689894821083,0.9792326704568735,241.13008046150208,
datasets/adult.csv,rf,sex,15,20,0.75,0.75,['stratified_sampling'],rf,0.419817114892608,0.13763725569840535,0.9772714854836213,2235.1553976535797,
datasets/adult.csv,lr,sex,15,20,0.75,0.75,"['min_max_scaling', 'stratified_sampling', 'matching', 'standard']",lr,0.4097957067961619,0.15488594130503922,0.974477354897363,688.0046575069427,
datasets/adult.csv,svc,sex,15,20,0.75,0.75,"['matching', 'min_max_scaling']",svc,0.4089986668108264,0.1476758801685728,0.9656732137902256,246.20872235298157,
datasets/adult.csv,xgb,sex,15,20,0.75,0.75,['stratified_sampling'],xgb,0.4108328857543313,0.15756689894821083,0.9792326704568735,240.33536434173584,
datasets/adult.csv,rf,sex,20,15,0.25,0.25,['stratified_sampling'],rf,0.419817114892608,0.13763725569840535,0.9772714854836213,1009.9546320438385,
datasets/adult.csv,lr,sex,20,15,0.25,0.25,"['standard', 'oversampling', 'stratified_sampling', 'min_max_scaling', 'ipw', 'undersampling']",lr,0.4099956004768543,0.1548823085247875,0.974873509478496,251.03572487831116,
datasets/adult.csv,svc,sex,20,15,0.25,0.25,"['min_max_scaling', 'matching']",svc,0.4089986668108264,0.1476758801685728,0.9656732137902256,248.73241019248962,
datasets/adult.csv,xgb,sex,20,15,0.25,0.25,['matching'],xgb,0.40938416801809363,0.15428760508752484,0.9730559411237121,232.12396383285522,
datasets/adult.csv,rf,sex,15,20,0.25,0.25,"['stratified_sampling', 'clustering', 'min_max_scaling']",rf,0.420613627969303,0.1359178481274317,0.9771451040660377,3088.039042234421,
datasets/adult.csv,lr,sex,15,20,0.25,0.25,"['clustering', 'stratified_sampling', 'undersampling', 'matching', 'ipw', 'min_max_scaling']",lr,-0.09906099627103926,0.944479629291502,0.7463576367494235,250.1033718585968,
datasets/adult.csv,svc,sex,15,20,0.25,0.25,"['matching', 'min_max_scaling', 'oversampling', 'standard', 'stratified_sampling', 'clustering']",svc,-0.030103826663522626,0.8312115015094643,0.7710038481824191,248.40097618103027,
datasets/adult.csv,xgb,sex,15,20,0.25,0.25,"['standard', 'matching']",xgb,0.40938416801809363,0.15428760508752484,0.9730559411237121,233.8437249660492,
datasets/adult.csv,rf,sex,15,20,0.5,0.75,['stratified_sampling'],rf,0.419817114892608,0.13763725569840535,0.9772714854836213,2921.030267715454,
datasets/adult.csv,lr,sex,15,20,0.5,0.75,"['ipw', 'standard', 'clustering', 'matching', 'min_max_scaling']",lr,0.40596409420894425,0.15390792867276612,0.9658361170906546,246.93757247924805,
datasets/adult.csv,svc,sex,15,20,0.5,0.75,"['clustering', 'ipw', 'oversampling']",svc,0.06905306630183533,0.29222841692678625,0.4303345495304569,247.8832459449768,
datasets/adult.csv,xgb,sex,15,20,0.5,0.75,['stratified_sampling'],xgb,0.4108328857543313,0.15756689894821083,0.9792326704568735,236.26984977722168,
datasets/adult.csv,rf,sex,20,15,0.25,0.5,"['stratified_sampling', 'standard', 'min_max_scaling', 'matching', 'ipw']",rf,0.42058371202468775,0.1357989036019542,0.9769663276513297,987.6783113479614,
datasets/adult.csv,lr,sex,20,15,0.25,0.5,"['min_max_scaling', 'undersampling', 'oversampling', 'matching']",lr,-0.04772150693313837,0.8518345734789579,0.7563915596126811,248.70548915863037,
datasets/adult.csv,svc,sex,20,15,0.25,0.5,"['min_max_scaling', 'stratified_sampling']",svc,0.41320048943565657,0.14853482436255952,0.9749358032338726,248.26025938987732,
datasets/adult.csv,xgb,sex,20,15,0.25,0.5,['stratified_sampling'],xgb,0.4108328857543313,0.15756689894821083,0.9792326704568735,240.23101544380188,
datasets/adult.csv,rf,sex,20,15,0.25,0.75,"['stratified_sampling', 'standard', 'clustering']",rf,0.421643693995004,0.13390339337379464,0.9771907813638027,953.4651181697845,
datasets/adult.csv,lr,sex,20,15,0.25,0.75,"['oversampling', 'min_max_scaling', 'standard', 'undersampling', 'clustering']",lr,0.41383382779611805,0.1471303891128162,0.9747980447050523,240.71397519111633,
datasets/adult.csv,svc,sex,20,15,0.25,0.75,"['matching', 'min_max_scaling', 'stratified_sampling', 'undersampling', 'clustering']",svc,0.41442551054225957,0.14492549293085066,0.9737765140153698,246.17996096611023,
datasets/adult.csv,xgb,sex,20,15,0.25,0.75,"['min_max_scaling', 'standard', 'oversampling', 'clustering', 'undersampling']",xgb,0.4242183189198951,0.13855788825860235,0.9869945260983926,242.11650776863098,
datasets/adult.csv,rf,sex,20,15,0.5,0.25,"['stratified_sampling', 'ipw']",rf,0.4222776225336876,0.1326050046756785,0.9771602497430537,936.8806300163269,
datasets/adult.csv,lr,sex,20,15,0.5,0.25,"['clustering', 'ipw', 'oversampling', 'undersampling', 'min_max_scaling']",lr,0.41400199295588486,0.14680413747470678,0.9748081233864765,242.86436891555786,
datasets/adult.csv,svc,sex,20,15,0.5,0.25,"['oversampling', 'min_max_scaling', 'stratified_sampling', 'matching']",svc,0.41385130559284455,0.14774696034363657,0.9754495715293257,245.8058955669403,
datasets/adult.csv,xgb,sex,20,15,0.5,0.25,"['min_max_scaling', 'ipw', 'oversampling', 'clustering', 'matching']",xgb,0.05575009339403714,0.7730192579540859,0.8845194447421602,240.98092484474182,
datasets/adult.csv,rf,sex,20,15,0.5,0.5,"['matching', 'clustering', 'ipw', 'min_max_scaling', 'stratified_sampling', 'undersampling']",rf,0.421047125809633,0.1348567398359578,0.9769509914552238,915.0758390426636,
datasets/adult.csv,lr,sex,20,15,0.5,0.5,"['stratified_sampling', 'matching', 'undersampling', 'ipw', 'min_max_scaling']",lr,0.41011290006558593,0.15356803127332472,0.9737938314044966,242.07748198509216,
datasets/adult.csv,svc,sex,20,15,0.5,0.5,"['undersampling', 'stratified_sampling', 'matching', 'standard', 'ipw', 'min_max_scaling']",svc,0.41552538835210295,0.14304745904683683,0.9740982357510427,246.21121430397034,
datasets/adult.csv,xgb,sex,20,15,0.5,0.5,['stratified_sampling'],xgb,0.4108328857543313,0.15756689894821083,0.9792326704568735,240.60282921791077,
datasets/adult.csv,rf,sex,20,15,0.5,0.75,['stratified_sampling'],rf,0.419817114892608,0.13763725569840535,0.9772714854836213,914.7658376693726,
datasets/adult.csv,lr,sex,20,15,0.5,0.75,"['min_max_scaling', 'stratified_sampling', 'standard']",lr,0.41093672661382813,0.15287925779876124,0.9747527110264175,241.7421898841858,
datasets/adult.csv,svc,sex,20,15,0.5,0.75,"['matching', 'min_max_scaling']",svc,0.4089986668108264,0.1476758801685728,0.9656732137902256,246.09984350204468,
datasets/adult.csv,xgb,sex,20,15,0.5,0.75,"['matching', 'standard']",xgb,0.40938416801809363,0.15428760508752484,0.9730559411237121,240.88236331939697,
datasets/adult.csv,rf,sex,20,15,0.75,0.25,"['min_max_scaling', 'stratified_sampling']",rf,0.41978283895991203,0.13770746147440568,0.9772731393942298,895.7319462299347,
datasets/adult.csv,lr,sex,20,15,0.75,0.25,"['oversampling', 'matching', 'ipw']",lr,0.057027018048768974,0.3193148605099896,0.43336889660752753,237.2353868484497,
datasets/adult.csv,svc,sex,20,15,0.75,0.25,"['matching', 'min_max_scaling', 'oversampling', 'stratified_sampling']",svc,0.41385130559284455,0.14774696034363657,0.9754495715293257,244.7941553592682,
datasets/adult.csv,xgb,sex,20,15,0.75,0.25,"['clustering', 'matching']",xgb,0.4096847469546566,0.15371733248719502,0.9730868263965082,241.50124096870422,
datasets/adult.csv,rf,sex,20,15,0.75,0.5,['stratified_sampling'],rf,0.419817114892608,0.13763725569840535,0.9772714854836213,892.9500937461853,
datasets/adult.csv,lr,sex,20,15,0.75,0.5,"['min_max_scaling', 'undersampling', 'oversampling']",lr,0.4148541998183094,0.14506310118048263,0.9747715008171014,237.6133382320404,
datasets/adult.csv,svc,sex,20,15,0.75,0.5,"['clustering', 'min_max_scaling', 'matching']",svc,0.40883800700807044,0.1479765366314502,0.965652550647591,246.01387929916382,
datasets/adult.csv,xgb,sex,20,15,0.75,0.5,"['stratified_sampling', 'ipw']",xgb,0.4108328857543313,0.15756689894821083,0.9792326704568735,239.19905614852905,
datasets/adult.csv,rf,sex,20,15,0.75,0.75,['stratified_sampling'],rf,0.419817114892608,0.13763725569840535,0.9772714854836213,879.3852097988129,
datasets/adult.csv,lr,sex,20,15,0.75,0.75,"['undersampling', 'min_max_scaling', 'oversampling']",lr,0.4148541998183094,0.14506310118048263,0.9747715008171014,239.52677369117737,
datasets/adult.csv,svc,sex,20,15,0.75,0.75,"['stratified_sampling', 'standard', 'min_max_scaling']",svc,0.41325142098327267,0.14843230493461057,0.9749351469011559,245.77174472808838,
datasets/adult.csv,xgb,sex,20,15,0.75,0.75,['stratified_sampling'],xgb,0.4108328857543313,0.15756689894821083,0.9792326704568735,236.86589097976685,
datasets/adult.csv,rf,sex,20,20,0.25,0.25,"['min_max_scaling', 'undersampling', 'clustering', 'oversampling', 'ipw', 'matching']",rf,0.43055001805405924,0.12315800382996404,0.9842580399380825,779.0237765312195,
datasets/adult.csv,lr,sex,20,20,0.25,0.25,"['min_max_scaling', 'ipw', 'oversampling', 'undersampling']",lr,0.4148817170005976,0.14500858639063433,0.9747720203918295,325.94592928886414,
datasets/adult.csv,svc,sex,20,20,0.25,0.25,"['oversampling', 'matching', 'ipw']",svc,0.06957747336915729,0.2951190890300702,0.4342740357683848,308.7511956691742,
datasets/adult.csv,xgb,sex,20,20,0.25,0.25,['stratified_sampling'],xgb,0.4108328857543313,0.15756689894821083,0.9792326704568735,409.33658742904663,
datasets/adult.csv,rf,sex,20,20,0.25,0.5,"['stratified_sampling', 'clustering']",rf,0.4206831377017727,0.13592929606679108,0.9772955714703364,699.0877408981323,
datasets/adult.csv,lr,sex,20,20,0.25,0.5,"['matching', 'undersampling', 'stratified_sampling', 'ipw', 'oversampling']",lr,0.05971560050367031,0.31408260565342844,0.43351380666076905,326.6730716228485,
datasets/adult.csv,svc,sex,20,20,0.25,0.5,"['oversampling', 'clustering', 'min_max_scaling', 'undersampling']",svc,0.4196201686262178,0.13625711659794923,0.9754974538503849,294.74916076660156,
datasets/adult.csv,xgb,sex,20,20,0.25,0.5,['stratified_sampling'],xgb,0.4108328857543313,0.15756689894821083,0.9792326704568735,483.6712076663971,
datasets/adult.csv,rf,sex,20,20,0.25,0.75,['stratified_sampling'],rf,0.419817114892608,0.13763725569840535,0.9772714854836213,548.2974371910095,
datasets/adult.csv,lr,sex,20,20,0.25,0.75,"['ipw', 'undersampling', 'stratified_sampling', 'matching', 'min_max_scaling']",lr,0.41011290006558593,0.15356803127332472,0.9737938314044966,327.80712509155273,
datasets/adult.csv,svc,sex,20,20,0.25,0.75,"['ipw', 'matching', 'min_max_scaling', 'standard']",svc,0.409044637711823,0.14758470012664088,0.9656739755502868,289.1465699672699,
datasets/adult.csv,xgb,sex,20,20,0.25,0.75,['stratified_sampling'],xgb,0.4108328857543313,0.15756689894821083,0.9792326704568735,523.4149677753448,
datasets/adult.csv,rf,sex,20,20,0.5,0.25,"['matching', 'ipw']",rf,0.41787688316437155,0.1326250607862175,0.9683788271149606,436.7934777736664,
datasets/adult.csv,lr,sex,20,20,0.5,0.25,"['undersampling', 'ipw', 'clustering', 'oversampling', 'stratified_sampling', 'matching']",lr,0.032631697034435886,0.35648294285881965,0.4217463369276914,323.6234247684479,
datasets/adult.csv,svc,sex,20,20,0.5,0.25,"['min_max_scaling', 'matching']",svc,0.4089986668108264,0.1476758801685728,0.9656732137902256,289.69134759902954,
datasets/adult.csv,xgb,sex,20,20,0.5,0.25,"['ipw', 'undersampling']",xgb,0.021115958140938973,0.7666886447858196,0.8089205610676975,538.9865093231201,
datasets/adult.csv,rf,sex,20,20,0.5,0.5,['matching'],rf,0.4172223161985724,0.13416241214898564,0.9686070445461304,351.51907324790955,
datasets/adult.csv,lr,sex,20,20,0.5,0.5,"['clustering', 'standard', 'matching', 'min_max_scaling']",lr,0.40431559708923165,0.1566353330070572,0.9652665271855205,320.6875915527344,
datasets/adult.csv,svc,sex,20,20,0.5,0.5,"['undersampling', 'min_max_scaling', 'clustering', 'stratified_sampling', 'matching', 'standard']",svc,0.41399137993309154,0.14693184163929957,0.9749146015054826,293.8582706451416,
datasets/adult.csv,xgb,sex,20,20,0.5,0.5,"['ipw', 'stratified_sampling', 'standard']",xgb,0.4108328857543313,0.15756689894821083,0.9792326704568735,555.6562840938568,
datasets/adult.csv,rf,sex,20,20,0.5,0.75,['stratified_sampling'],rf,0.419817114892608,0.13763725569840535,0.9772714854836213,329.80030703544617,
datasets/adult.csv,lr,sex,20,20,0.5,0.75,"['min_max_scaling', 'stratified_sampling', 'clustering']",lr,0.40935304909747033,0.15565275052601737,0.974358848720958,317.06191635131836,
datasets/adult.csv,svc,sex,20,20,0.5,0.75,"['min_max_scaling', 'matching']",svc,0.4089986668108264,0.1476758801685728,0.9656732137902256,295.35273122787476,
datasets/adult.csv,xgb,sex,20,20,0.5,0.75,['stratified_sampling'],xgb,0.4108328857543313,0.15756689894821083,0.9792326704568735,561.1573793888092,
datasets/adult.csv,rf,sex,20,20,0.75,0.25,"['clustering', 'undersampling']",rf,-0.05163684702846205,0.8859888939326432,0.7827151998757191,331.2430763244629,
datasets/adult.csv,lr,sex,20,20,0.75,0.25,"['undersampling', 'oversampling']",lr,0.40559185716379015,0.025060019476520368,0.8362437338041007,308.4146566390991,
datasets/adult.csv,svc,sex,20,20,0.75,0.25,"['matching', 'min_max_scaling']",svc,0.4089986668108264,0.1476758801685728,0.9656732137902256,301.5678496360779,
datasets/adult.csv,xgb,sex,20,20,0.75,0.25,"['undersampling', 'ipw']",xgb,0.021115958140938973,0.7666886447858196,0.8089205610676975,569.1723628044128,
datasets/adult.csv,rf,sex,20,20,0.75,0.5,['stratified_sampling'],rf,0.419817114892608,0.13763725569840535,0.9772714854836213,329.4471640586853,
datasets/adult.csv,lr,sex,20,20,0.75,0.5,"['stratified_sampling', 'undersampling']",lr,0.03455175586150272,0.3618550127666829,0.43095852448968835,308.8318531513214,
datasets/adult.csv,svc,sex,20,20,0.75,0.5,"['oversampling', 'stratified_sampling', 'standard', 'clustering']",svc,-0.021276835262908356,0.8183448317005518,0.7757911611747351,301.9448118209839,
datasets/adult.csv,xgb,sex,20,20,0.75,0.5,"['standard', 'matching']",xgb,0.40938416801809363,0.15428760508752484,0.9730559411237121,571.7514770030975,
datasets/adult.csv,rf,sex,20,20,0.75,0.75,"['clustering', 'oversampling', 'standard', 'undersampling']",rf,0.432776382296821,0.1177017079559523,0.9832544725495944,328.5772566795349,
datasets/adult.csv,lr,sex,20,20,0.75,0.75,"['oversampling', 'standard', 'undersampling']",lr,0.4150526023032938,0.14526518983237965,0.9753703944389673,307.90746569633484,
datasets/adult.csv,svc,sex,20,20,0.75,0.75,"['ipw', 'stratified_sampling', 'min_max_scaling']",svc,0.41327369643927186,0.14839194820203097,0.9749393410805747,304.4543569087982,
datasets/adult.csv,xgb,sex,20,20,0.75,0.75,['stratified_sampling'],xgb,0.4108328857543313,0.15756689894821083,0.9792326704568735,577.8464984893799,
datasets/german.csv,rf,sex,5,5,0.25,0.25,"['clustering', 'standard', 'stratified_sampling']",rf,0.17718647456248265,0.23438844429341535,0.5887613934183806,702.9846384525299,
datasets/german.csv,lr,sex,5,5,0.25,0.25,"['oversampling', 'undersampling']",lr,0.3893210696037149,0.0,0.7786421392074298,89.69510293006897,
datasets/german.csv,svc,sex,5,5,0.25,0.25,"['clustering', 'undersampling', 'stratified_sampling']",svc,0.16217390367330123,0.28651347182049064,0.6108612791670931,76.84272503852844,
datasets/german.csv,xgb,sex,5,5,0.25,0.25,['stratified_sampling'],xgb,0.20327904325241342,0.1721783316510722,0.578736418155899,1258.567908525467,
datasets/german.csv,rf,sex,5,5,0.75,0.5,['matching'],rf,0.4050695260327079,0.07817991476921783,0.8883189668346336,757.3922669887543,
datasets/german.csv,lr,sex,5,5,0.75,0.5,"['ipw', 'stratified_sampling']",lr,,,0.3658939810546421,124.89939856529236,
datasets/german.csv,svc,sex,5,5,0.75,0.5,['matching'],svc,0.3854769731754304,0.11625719845203453,0.8872111448028953,71.33478808403015,
datasets/german.csv,xgb,sex,5,5,0.75,0.5,"['oversampling', 'min_max_scaling']",xgb,0.3649591305557743,0.20010607132027947,0.930024332431828,1239.0236287117004,
datasets/german.csv,rf,sex,5,10,0.25,0.25,['undersampling'],rf,0.16293363772265365,0.2504896398192816,0.5763569152645889,923.7898693084717,
datasets/german.csv,lr,sex,5,10,0.25,0.25,['min_max_scaling'],lr,0.1876064329207991,0.23102198560006382,0.606234851441662,114.30562090873718,
datasets/german.csv,svc,sex,5,10,0.25,0.25,"['clustering', 'oversampling']",svc,0.23426653097129424,0.21433362515406174,0.6828666870966502,213.01103830337524,
datasets/german.csv,xgb,sex,5,10,0.25,0.25,['matching'],xgb,0.3940532604884804,0.09754111987617979,0.8856476408531405,1036.8228154182434,
datasets/german.csv,rf,sex,5,5,0.75,0.25,"['ipw', 'min_max_scaling', 'matching']",rf,0.39586512461695744,0.0955015622695391,0.887231811503454,900.6384155750275,
datasets/german.csv,lr,sex,5,5,0.75,0.25,"['clustering', 'ipw', 'undersampling']",lr,,,0.3685642186405101,167.61292028427124,
datasets/german.csv,svc,sex,5,5,0.75,0.25,"['min_max_scaling', 'undersampling']",svc,0.17920174353702745,0.24037288114905328,0.5987763682231082,156.50819945335388,
datasets/german.csv,xgb,sex,5,5,0.75,0.25,"['standard', 'oversampling', 'stratified_sampling']",xgb,0.4276616138786092,0.10625762156131853,0.9615808493185369,1680.4794700145721,
datasets/german.csv,rf,sex,5,5,0.5,0.25,"['stratified_sampling', 'ipw', 'min_max_scaling']",rf,0.20406801831813864,0.19916368687179933,0.6072997235080766,951.4469928741455,
datasets/german.csv,lr,sex,5,5,0.5,0.25,"['matching', 'standard']",lr,0.38547027513452264,0.1225728014136881,0.8935133516827334,164.47619366645813,
datasets/german.csv,svc,sex,5,5,0.5,0.25,"['matching', 'oversampling', 'clustering', 'stratified_sampling', 'min_max_scaling', 'ipw']",svc,0.21173503527798268,0.271145953096876,0.6946160236528414,216.62877297401428,
datasets/german.csv,xgb,sex,5,5,0.5,0.25,"['ipw', 'clustering']",xgb,0.21219404172357104,0.193807983350333,0.6181960667974751,1602.8209173679352,
datasets/german.csv,rf,sex,5,5,0.5,0.5,"['ipw', 'min_max_scaling']",rf,0.19226991135451116,0.21187929721620238,0.5964191199252247,1552.2237117290497,
datasets/german.csv,lr,sex,5,5,0.5,0.5,['undersampling'],lr,,,0.36924420632763694,66.87517857551575,
datasets/german.csv,svc,sex,5,5,0.5,0.5,"['undersampling', 'stratified_sampling', 'min_max_scaling', 'oversampling', 'ipw']",svc,0.35567617358492754,0.19627691495285357,0.9076292621227087,351.36483550071716,
datasets/german.csv,xgb,sex,5,5,0.5,0.5,"['ipw', 'stratified_sampling']",xgb,0.20327904325241342,0.1721783316510722,0.578736418155899,1069.5736815929413,
datasets/german.csv,rf,sex,5,10,0.5,0.75,"['stratified_sampling', 'ipw']",rf,0.20978217744998845,0.18679406794365475,0.6063584228436316,1965.2166194915771,
datasets/german.csv,lr,sex,5,10,0.5,0.75,"['undersampling', 'stratified_sampling']",lr,0.3749507568467303,0.0,0.7499015136934606,229.594571352005,
datasets/german.csv,svc,sex,5,10,0.5,0.75,"['undersampling', 'oversampling', 'min_max_scaling']",svc,0.4111628875629205,0.09097741914181103,0.913303194267652,691.007406949997,
datasets/german.csv,xgb,sex,5,10,0.5,0.75,['ipw'],xgb,0.2323720023992689,0.14468528081179383,0.6094292856103316,375.9898443222046,
datasets/german.csv,rf,sex,5,5,0.25,0.5,"['undersampling', 'stratified_sampling', 'oversampling']",rf,0.2965467089872369,0.34070498349681744,0.9337984014712912,2226.1804537773132,
datasets/german.csv,lr,sex,5,5,0.25,0.5,"['undersampling', 'matching', 'oversampling', 'standard', 'stratified_sampling', 'ipw', 'min_max_scaling', 'clustering']",lr,0.445522749746079,0.1067274448802414,0.9977729443723995,190.1655194759369,
datasets/german.csv,svc,sex,5,5,0.25,0.5,"['stratified_sampling', 'min_max_scaling']",svc,0.20830171043307633,0.20946748805685766,0.6260709089230103,161.10862731933594,
datasets/german.csv,xgb,sex,5,5,0.25,0.5,"['undersampling', 'oversampling']",xgb,0.4184968173323795,0.1257128508587412,0.9627064855235001,850.2578070163727,
datasets/german.csv,rf,sex,5,5,0.5,0.75,"['matching', 'standard']",rf,0.40355611897673216,0.0811843086777866,0.8882965466312509,763.9840896129608,
datasets/german.csv,lr,sex,5,5,0.5,0.75,"['matching', 'min_max_scaling', 'oversampling']",lr,0.20903815693578773,0.26191226711555643,0.6799885809871319,83.76976442337036,
datasets/german.csv,svc,sex,5,5,0.5,0.75,['oversampling'],svc,0.22973517431023766,0.22439589097746415,0.6838662395979395,114.1468095779419,
datasets/german.csv,xgb,sex,5,5,0.5,0.75,"['ipw', 'matching']",xgb,0.3940532604884804,0.09754111987617979,0.8856476408531405,2486.068623781204,
datasets/german.csv,rf,sex,5,15,0.25,0.25,"['min_max_scaling', 'clustering']",rf,0.20607833521931523,0.1931491820418814,0.6053058524805118,1213.6996319293976,
datasets/german.csv,lr,sex,5,15,0.25,0.25,"['ipw', 'min_max_scaling']",lr,0.18779556431334005,0.23067094774902597,0.6062620763757061,326.3103587627411,
datasets/german.csv,svc,sex,5,15,0.25,0.25,"['ipw', 'min_max_scaling', 'undersampling']",svc,0.17925418442184826,0.24037288114905328,0.5988812499927498,303.09234952926636,
datasets/german.csv,xgb,sex,5,15,0.25,0.25,"['ipw', 'undersampling']",xgb,0.17340432365990893,0.2427543902630336,0.5895630375828514,1684.9992649555206,
datasets/german.csv,rf,sex,10,5,0.25,0.25,"['matching', 'clustering']",rf,0.40732893990242847,0.07603357200841358,0.8906914518132705,1543.8947002887726,
datasets/german.csv,lr,sex,10,5,0.25,0.25,"['clustering', 'undersampling', 'stratified_sampling', 'oversampling', 'min_max_scaling']",lr,0.2585865408078617,0.18965223659742772,0.7068253182131511,288.32074093818665,
datasets/german.csv,svc,sex,10,5,0.25,0.25,"['stratified_sampling', 'clustering', 'standard', 'matching']",svc,0.2471551840483815,0.1875243778901675,0.6818347459869305,545.768949508667,
datasets/german.csv,xgb,sex,10,5,0.25,0.25,['min_max_scaling'],xgb,0.2323720023992689,0.14468528081179383,0.6094292856103316,1257.706660270691,
datasets/german.csv,rf,sex,5,10,0.5,0.25,"['oversampling', 'min_max_scaling', 'undersampling']",rf,0.42357062013536095,0.13483053693102467,0.9819717772017466,2520.481807231903,
datasets/german.csv,lr,sex,5,10,0.5,0.25,"['undersampling', 'standard']",lr,0.1648036946962396,0.2738552273804396,0.6034626167729188,333.64604568481445,
datasets/german.csv,svc,sex,5,10,0.5,0.25,"['min_max_scaling', 'standard', 'stratified_sampling', 'ipw', 'undersampling', 'oversampling']",svc,0.35567617358492754,0.19627691495285357,0.9076292621227087,423.1743335723877,
datasets/german.csv,xgb,sex,5,10,0.5,0.25,"['standard', 'min_max_scaling']",xgb,0.2323720023992689,0.14468528081179383,0.6094292856103316,845.6014437675476,
datasets/german.csv,rf,sex,5,10,0.75,0.25,"['undersampling', 'oversampling']",rf,0.4242162982356225,0.13352253448708887,0.9819551309583339,1824.351365327835,
datasets/german.csv,lr,sex,5,10,0.75,0.25,"['stratified_sampling', 'clustering', 'oversampling', 'standard', 'matching']",lr,0.1863605607473465,0.30320615048501126,0.6759272719797043,289.0790021419525,
datasets/german.csv,svc,sex,5,10,0.75,0.25,"['standard', 'stratified_sampling', 'min_max_scaling', 'ipw']",svc,0.22010974094460733,0.18565678587687517,0.6258762677660898,242.14039945602417,
datasets/german.csv,xgb,sex,5,10,0.75,0.25,"['stratified_sampling', 'oversampling']",xgb,0.3440180940679079,0.14642381187040973,0.8344600000062256,1776.7150604724884,
datasets/german.csv,rf,sex,5,10,0.25,0.75,"['ipw', 'matching']",rf,0.3956085690196458,0.09657825193821233,0.887795389977504,2298.898595571518,
datasets/german.csv,lr,sex,5,10,0.25,0.75,['standard'],lr,0.18569242458192514,0.23342352191533292,0.6048083710791832,240.28695511817932,
datasets/german.csv,svc,sex,5,10,0.25,0.75,"['ipw', 'undersampling', 'min_max_scaling', 'standard', 'oversampling', 'stratified_sampling']",svc,0.35567617358492754,0.19627691495285357,0.9076292621227087,561.6947803497314,
datasets/german.csv,xgb,sex,5,10,0.25,0.75,"['min_max_scaling', 'standard']",xgb,0.2323720023992689,0.14468528081179383,0.6094292856103316,1105.6550269126892,
datasets/german.csv,rf,sex,5,15,0.75,0.25,"['min_max_scaling', 'ipw']",rf,0.19226991135451116,0.21187929721620238,0.5964191199252247,1654.13467669487,
datasets/german.csv,lr,sex,5,15,0.75,0.25,"['undersampling', 'stratified_sampling']",lr,0.3749507568467303,0.0,0.7499015136934606,231.88559865951538,
datasets/german.csv,svc,sex,5,15,0.75,0.25,['stratified_sampling'],svc,0.21429407196575084,0.19790005317312823,0.6264881971046299,414.70049262046814,
datasets/german.csv,xgb,sex,5,15,0.75,0.25,"['oversampling', 'stratified_sampling']",xgb,0.3440180940679079,0.14642381187040973,0.8344600000062256,1701.8280930519104,
datasets/german.csv,rf,sex,5,5,0.75,0.75,"['oversampling', 'stratified_sampling', 'clustering', 'min_max_scaling']",rf,0.42168295665005195,0.13893505885737215,0.982300972157476,2948.9857454299927,
datasets/german.csv,lr,sex,5,5,0.75,0.75,"['stratified_sampling', 'undersampling', 'min_max_scaling', 'ipw']",lr,0.371963807470263,0.12950658386728894,0.8734341988078149,280.36308670043945,
datasets/german.csv,svc,sex,5,5,0.75,0.75,"['undersampling', 'stratified_sampling']",svc,0.373845613914273,0.12217745795776712,0.8698686857863132,221.1391532421112,
datasets/german.csv,xgb,sex,5,5,0.75,0.75,"['oversampling', 'min_max_scaling', 'clustering']",xgb,0.3649591305557743,0.20010607132027947,0.930024332431828,844.7199680805206,
datasets/german.csv,rf,sex,5,10,0.5,0.5,"['stratified_sampling', 'min_max_scaling']",rf,0.19611638087371525,0.2158222079945956,0.6080549697420261,949.6050982475281,
datasets/german.csv,lr,sex,5,10,0.5,0.5,['stratified_sampling'],lr,,,0.3678416595467168,137.92543125152588,
datasets/german.csv,svc,sex,5,10,0.5,0.5,"['ipw', 'matching', 'min_max_scaling']",svc,0.38635609593770276,0.1145588515925453,0.8872710434679508,364.6477150917053,
datasets/german.csv,xgb,sex,5,10,0.5,0.5,"['ipw', 'oversampling']",xgb,0.3649591305557743,0.20010607132027947,0.930024332431828,2885.5369985103607,
datasets/german.csv,rf,sex,10,5,0.25,0.75,['ipw'],rf,0.1994428965791296,0.1979886214354372,0.5968744145936964,1182.023107767105,
datasets/german.csv,lr,sex,10,5,0.25,0.75,['matching'],lr,0.3701707549325245,0.0,0.740341509865049,447.86155104637146,
datasets/german.csv,svc,sex,10,5,0.25,0.75,"['oversampling', 'min_max_scaling', 'undersampling']",svc,0.4111628875629205,0.09097741914181103,0.913303194267652,570.2400696277618,
datasets/german.csv,xgb,sex,10,5,0.25,0.75,['matching'],xgb,0.3940532604884804,0.09754111987617979,0.8856476408531405,1633.9426774978638,
datasets/german.csv,rf,sex,5,15,0.5,0.25,"['min_max_scaling', 'undersampling']",rf,0.16094382682357958,0.25619560750447284,0.578083261151632,2387.297694683075,
datasets/german.csv,lr,sex,5,15,0.5,0.25,"['stratified_sampling', 'undersampling']",lr,0.3749507568467303,0.0,0.7499015136934606,600.5789716243744,
datasets/german.csv,svc,sex,5,15,0.5,0.25,"['clustering', 'ipw']",svc,0.19603945150497526,0.2176918415034315,0.609770744513382,625.0398552417755,
datasets/german.csv,xgb,sex,5,15,0.5,0.25,"['undersampling', 'ipw']",xgb,0.17340432365990893,0.2427543902630336,0.5895630375828514,513.7165293693542,
datasets/german.csv,rf,sex,5,15,0.5,0.5,"['min_max_scaling', 'oversampling']",rf,0.3460960764083748,0.25518433466514484,0.9473764874818945,2043.6704173088074,
datasets/german.csv,lr,sex,5,15,0.5,0.5,"['clustering', 'undersampling']",lr,,,0.36924420632763694,483.4407789707184,
datasets/german.csv,svc,sex,5,15,0.5,0.5,"['clustering', 'min_max_scaling']",svc,0.19337929890562078,0.22034910670836402,0.6071077045196056,843.4200437068939,
datasets/german.csv,xgb,sex,5,15,0.5,0.5,['oversampling'],xgb,0.3649591305557743,0.20010607132027947,0.930024332431828,777.6448001861572,
datasets/german.csv,rf,sex,5,15,0.5,0.75,['matching'],rf,0.4050695260327079,0.07817991476921783,0.8883189668346336,295.79885029792786,
datasets/german.csv,lr,sex,5,15,0.5,0.75,"['stratified_sampling', 'oversampling']",lr,,,0.3251348604304129,432.3149802684784,
datasets/german.csv,svc,sex,5,15,0.5,0.75,['stratified_sampling'],svc,0.21429407196575084,0.19790005317312823,0.6264881971046299,198.5740087032318,
datasets/german.csv,xgb,sex,5,15,0.5,0.75,"['clustering', 'matching']",xgb,0.39354378154750613,0.09737099747074311,0.8844585605657553,3240.619998693466,
datasets/german.csv,rf,sex,5,10,0.75,0.5,"['min_max_scaling', 'matching']",rf,0.4047665528754561,0.07921064762973791,0.8887437533806501,1988.2062101364136,
datasets/german.csv,lr,sex,5,10,0.75,0.5,"['matching', 'clustering']",lr,0.3701076236193932,0.0,0.7402152472387864,381.1696858406067,
datasets/german.csv,svc,sex,5,10,0.75,0.5,"['oversampling', 'ipw', 'matching', 'min_max_scaling', 'undersampling', 'standard']",svc,0.2624167596681461,0.19462960682822958,0.7194631261645218,483.41693663597107,
datasets/german.csv,xgb,sex,5,10,0.75,0.5,"['oversampling', 'undersampling', 'ipw']",xgb,0.4184968173323795,0.1257128508587412,0.9627064855235001,1511.6312370300293,
datasets/german.csv,rf,sex,10,5,0.75,0.75,"['undersampling', 'oversampling']",rf,0.4242162982356225,0.13352253448708887,0.9819551309583339,967.9854125976562,
datasets/german.csv,lr,sex,10,5,0.75,0.75,['matching'],lr,0.3701707549325245,0.0,0.740341509865049,226.89360785484314,
datasets/german.csv,svc,sex,10,5,0.75,0.75,"['undersampling', 'matching']",svc,0.39681934046300016,0.10187148771709005,0.8955101686430904,620.4561851024628,
datasets/german.csv,xgb,sex,10,5,0.75,0.75,"['oversampling', 'standard']",xgb,0.3649591305557743,0.20010607132027947,0.930024332431828,2000.3641214370728,
datasets/german.csv,rf,sex,5,20,0.5,0.25,"['clustering', 'oversampling']",rf,0.3408973252150913,0.26037537187313714,0.9421700223033198,903.9149568080902,
datasets/german.csv,lr,sex,5,20,0.5,0.25,"['standard', 'clustering']",lr,0.22557327404240007,0.18712111253310149,0.6382676606179016,256.2976746559143,
datasets/german.csv,svc,sex,5,20,0.5,0.25,"['clustering', 'undersampling']",svc,0.18820132993949068,0.22318515585002222,0.5995878157290035,764.8120217323303,
datasets/german.csv,xgb,sex,5,20,0.5,0.25,"['min_max_scaling', 'matching']",xgb,0.3940532604884804,0.09754111987617979,0.8856476408531405,2266.946346282959,
datasets/german.csv,rf,sex,5,5,0.25,0.75,"['ipw', 'clustering', 'matching', 'undersampling']",rf,0.4001607563204217,0.09550196416891547,0.8958234768097588,4013.524514436722,
datasets/german.csv,lr,sex,5,5,0.25,0.75,['oversampling'],lr,,,0.3831147233819078,165.62569904327393,
datasets/german.csv,svc,sex,5,5,0.25,0.75,"['ipw', 'oversampling', 'undersampling']",svc,0.404688206328724,0.10338108548293486,0.9127574981403829,170.64045667648315,
datasets/german.csv,xgb,sex,5,5,0.25,0.75,['clustering'],xgb,0.21219404172357104,0.193807983350333,0.6181960667974751,244.15278339385986,
datasets/german.csv,rf,sex,10,5,0.5,0.25,"['oversampling', 'stratified_sampling', 'clustering']",rf,0.42118940188667625,0.14000361055883523,0.9823824143321878,1198.0395250320435,
datasets/german.csv,lr,sex,10,5,0.5,0.25,['standard'],lr,0.18569242458192514,0.23342352191533292,0.6048083710791832,230.34738683700562,
datasets/german.csv,svc,sex,10,5,0.5,0.25,"['matching', 'clustering', 'ipw']",svc,0.38823171479566526,0.11004538646538886,0.8865088160567194,501.7764127254486,
datasets/german.csv,xgb,sex,10,5,0.5,0.25,"['matching', 'ipw', 'clustering', 'standard']",xgb,0.39354378154750613,0.09737099747074311,0.8844585605657553,2165.311581850052,
datasets/german.csv,rf,sex,5,10,0.75,0.75,"['matching', 'min_max_scaling']",rf,0.4047665528754561,0.07921064762973791,0.8887437533806501,1531.4466545581818,
datasets/german.csv,lr,sex,5,10,0.75,0.75,"['undersampling', 'oversampling', 'standard', 'ipw', 'matching', 'stratified_sampling', 'min_max_scaling']",lr,0.4041075977519977,0.10260614981929454,0.91082134532329,627.7502250671387,
datasets/german.csv,svc,sex,5,10,0.75,0.75,"['matching', 'undersampling']",svc,0.39681934046300016,0.10187148771709005,0.8955101686430904,402.1077139377594,
datasets/german.csv,xgb,sex,5,10,0.75,0.75,"['undersampling', 'matching', 'ipw']",xgb,0.3799154136384374,0.1300587918496031,0.8898896191264779,1962.6836740970612,
datasets/german.csv,rf,sex,10,5,0.75,0.25,"['matching', 'ipw']",rf,0.3956085690196458,0.09657825193821233,0.887795389977504,1550.0325577259064,
datasets/german.csv,lr,sex,10,5,0.75,0.25,['matching'],lr,0.3701707549325245,0.0,0.740341509865049,179.25802159309387,
datasets/german.csv,svc,sex,10,5,0.75,0.25,"['clustering', 'matching', 'stratified_sampling', 'oversampling']",svc,0.22421956200215298,0.23017921243381947,0.6786183364381254,587.4303669929504,
datasets/german.csv,xgb,sex,10,5,0.75,0.25,"['standard', 'undersampling', 'matching']",xgb,0.3799154136384374,0.1300587918496031,0.8898896191264779,1798.4707078933716,
datasets/german.csv,rf,sex,5,20,0.25,0.5,['oversampling'],rf,0.34532699211048945,0.2569488783651725,0.9476028625861513,1029.4588227272034,
datasets/german.csv,lr,sex,5,20,0.25,0.5,['stratified_sampling'],lr,,,0.3678416595467168,169.4873640537262,
datasets/german.csv,svc,sex,5,20,0.25,0.5,"['min_max_scaling', 'matching', 'ipw', 'clustering']",svc,0.3863398981225539,0.1145588515925453,0.8872386478376532,906.23495054245,
datasets/german.csv,xgb,sex,5,20,0.25,0.5,"['matching', 'stratified_sampling', 'clustering']",xgb,0.1989388831576,0.17590428498248856,0.5737820512976886,2276.2523486614227,
datasets/german.csv,rf,sex,10,5,0.25,0.5,"['oversampling', 'clustering']",rf,0.3408973252150913,0.26037537187313714,0.9421700223033198,2686.3801741600037,
datasets/german.csv,lr,sex,10,5,0.25,0.5,"['standard', 'oversampling']",lr,0.2146439999348849,0.2528084045403896,0.6820964044101594,533.806557893753,
datasets/german.csv,svc,sex,10,5,0.25,0.5,"['undersampling', 'matching', 'clustering']",svc,0.38781350473953224,0.11887738428103395,0.8945043937600984,444.40729999542236,
datasets/german.csv,xgb,sex,10,5,0.25,0.5,['oversampling'],xgb,0.3649591305557743,0.20010607132027947,0.930024332431828,510.7112956047058,
datasets/german.csv,rf,sex,5,20,0.25,0.25,"['clustering', 'standard']",rf,0.21210319372165204,0.18004927610244312,0.6042556635457472,1263.4985449314117,
datasets/german.csv,lr,sex,5,20,0.25,0.25,"['matching', 'undersampling', 'oversampling', 'clustering', 'stratified_sampling', 'ipw']",lr,,,0.3477354896591848,628.4214508533478,
datasets/german.csv,svc,sex,5,20,0.25,0.25,"['oversampling', 'stratified_sampling', 'clustering', 'ipw', 'matching']",svc,0.2639101495681427,0.21609891343984053,0.7439192125761259,698.0031251907349,
datasets/german.csv,xgb,sex,5,20,0.25,0.25,"['oversampling', 'stratified_sampling', 'min_max_scaling', 'matching', 'ipw']",xgb,0.34269542732983055,0.2390318410531129,0.924422695712774,1846.031887292862,
datasets/german.csv,rf,sex,5,20,0.75,0.25,"['undersampling', 'ipw']",rf,0.16005808372839236,0.25849428237330485,0.5786104498300896,2281.4098246097565,
datasets/german.csv,lr,sex,5,20,0.75,0.25,['standard'],lr,0.18569242458192514,0.23342352191533292,0.6048083710791832,777.5677049160004,
datasets/german.csv,svc,sex,5,20,0.75,0.25,"['undersampling', 'min_max_scaling']",svc,0.17920174353702745,0.24037288114905328,0.5987763682231082,866.1274197101593,
datasets/german.csv,xgb,sex,5,20,0.75,0.25,"['undersampling', 'matching']",xgb,0.2353175557875351,0.17293823210717565,0.6435733436822458,491.1937165260315,
datasets/german.csv,rf,sex,10,5,0.75,0.5,"['oversampling', 'standard', 'undersampling']",rf,0.42354602119239454,0.13483053693102467,0.9819225793158137,3296.3870532512665,
datasets/german.csv,lr,sex,10,5,0.75,0.5,"['ipw', 'matching', 'standard', 'clustering']",lr,0.38662253593694557,0.12034842743674891,0.89359349931064,400.3156762123108,
datasets/german.csv,svc,sex,10,5,0.75,0.5,"['stratified_sampling', 'undersampling']",svc,0.373845613914273,0.12217745795776712,0.8698686857863132,327.1408052444458,
datasets/german.csv,xgb,sex,10,5,0.75,0.5,"['standard', 'matching']",xgb,0.3940532604884804,0.09754111987617979,0.8856476408531405,223.93578553199768,
datasets/german.csv,rf,sex,5,10,0.25,0.5,"['ipw', 'undersampling', 'stratified_sampling']",rf,0.4066199967738566,0.07150945326986179,0.884749446817575,2202.389173746109,
datasets/german.csv,lr,sex,5,10,0.25,0.5,['undersampling'],lr,,,0.36924420632763694,165.17531037330627,
datasets/german.csv,svc,sex,5,10,0.25,0.5,"['oversampling', 'ipw', 'matching', 'clustering', 'undersampling']",svc,0.3949110002432366,0.12649653695878524,0.9163185374452585,501.1483428478241,
datasets/german.csv,xgb,sex,5,10,0.25,0.5,"['standard', 'min_max_scaling', 'stratified_sampling', 'oversampling']",xgb,0.3440180940679079,0.14642381187040973,0.8344600000062256,1936.6730630397797,
datasets/german.csv,rf,sex,10,5,0.5,0.5,"['matching', 'clustering', 'standard']",rf,0.412130316756782,0.0760552676210345,0.9003159011345986,3746.275606393814,
datasets/german.csv,lr,sex,10,5,0.5,0.5,"['matching', 'standard']",lr,0.38547027513452264,0.1225728014136881,0.8935133516827334,289.7083251476288,
datasets/german.csv,svc,sex,10,5,0.5,0.5,"['matching', 'min_max_scaling']",svc,0.3863154641658908,0.1145588515925453,0.8871897799243269,145.50279211997986,
datasets/german.csv,xgb,sex,10,5,0.5,0.5,"['matching', 'ipw']",xgb,0.3940532604884804,0.09754111987617979,0.8856476408531405,114.44141364097595,
datasets/german.csv,rf,sex,5,15,0.75,0.5,"['ipw', 'clustering']",rf,0.19819881096683706,0.20463836599678906,0.6010359879304632,1688.9410626888275,
datasets/german.csv,lr,sex,5,15,0.75,0.5,"['stratified_sampling', 'standard']",lr,0.2101059401928725,0.1999423205573376,0.6201542009430826,617.5762178897858,
datasets/german.csv,svc,sex,5,15,0.75,0.5,"['undersampling', 'matching']",svc,0.39681934046300016,0.10187148771709005,0.8955101686430904,491.7404406070709,
datasets/german.csv,xgb,sex,5,15,0.75,0.5,"['stratified_sampling', 'clustering']",xgb,0.20327904325241342,0.1721783316510722,0.578736418155899,1756.862961769104,
datasets/german.csv,rf,sex,5,15,0.25,0.5,"['oversampling', 'ipw', 'standard', 'clustering']",rf,0.3407630212209911,0.26484347090211663,0.9463695133440988,2987.798364162445,
datasets/german.csv,lr,sex,5,15,0.25,0.5,"['ipw', 'stratified_sampling', 'undersampling', 'standard', 'min_max_scaling', 'clustering']",lr,0.38101353647344277,0.13642207259786135,0.8984491455447469,821.2609951496124,
datasets/german.csv,svc,sex,5,15,0.25,0.5,"['ipw', 'standard', 'oversampling']",svc,0.23392666854436656,0.213220117845396,0.6810734549341291,491.1023895740509,
datasets/german.csv,xgb,sex,5,15,0.25,0.5,"['stratified_sampling', 'undersampling', 'oversampling', 'min_max_scaling', 'clustering', 'standard']",xgb,0.4396302147176911,0.12073957056461782,1.0,289.94356894493103,
datasets/german.csv,rf,sex,5,20,0.75,0.5,"['undersampling', 'oversampling']",rf,0.4242162982356225,0.13352253448708887,0.9819551309583339,2517.270023584366,
datasets/german.csv,lr,sex,5,20,0.75,0.5,['oversampling'],lr,,,0.3831147233819078,773.1619303226471,
datasets/german.csv,svc,sex,5,20,0.75,0.5,['min_max_scaling'],svc,0.19698079665222934,0.2122269875800282,0.6061885808844869,732.7038955688477,
datasets/german.csv,xgb,sex,5,20,0.75,0.5,"['undersampling', 'stratified_sampling']",xgb,0.20682006840225847,0.18551903816449408,0.599159174969011,494.4321150779724,
datasets/german.csv,rf,sex,5,15,0.75,0.75,"['clustering', 'matching', 'min_max_scaling']",rf,0.4060537012312757,0.07867786877027255,0.8907852712328239,3627.26829457283,
datasets/german.csv,lr,sex,5,15,0.75,0.75,"['undersampling', 'ipw']",lr,,,0.3692896760894702,563.1368405818939,
datasets/german.csv,svc,sex,5,15,0.75,0.75,['oversampling'],svc,0.22973517431023766,0.22439589097746415,0.6838662395979395,251.90686082839966,
datasets/german.csv,xgb,sex,5,15,0.75,0.75,['matching'],xgb,0.3940532604884804,0.09754111987617979,0.8856476408531405,147.9431447982788,
datasets/german.csv,rf,sex,15,5,0.25,0.25,"['standard', 'min_max_scaling', 'oversampling', 'undersampling', 'ipw']",rf,0.42096891308910434,0.141051477742921,0.9829893039211297,596.6213130950928,
datasets/german.csv,lr,sex,15,5,0.25,0.25,"['standard', 'min_max_scaling', 'oversampling', 'stratified_sampling']",lr,0.3996330156584113,0.11674303974640492,0.9160090710632275,474.04659700393677,
datasets/german.csv,svc,sex,15,5,0.25,0.25,['min_max_scaling'],svc,0.19698079665222934,0.2122269875800282,0.6061885808844869,240.8989188671112,
datasets/german.csv,xgb,sex,15,5,0.25,0.25,"['matching', 'ipw', 'undersampling']",xgb,0.3799154136384374,0.1300587918496031,0.8898896191264779,125.26107597351074,
datasets/german.csv,rf,sex,10,10,0.5,0.5,['oversampling'],rf,0.34532699211048945,0.2569488783651725,0.9476028625861513,2981.0230808258057,
datasets/german.csv,lr,sex,10,10,0.5,0.5,"['min_max_scaling', 'undersampling', 'matching']",lr,0.39534855359879073,0.10695847504136476,0.8976555822389463,814.2595934867859,
datasets/german.csv,svc,sex,10,10,0.5,0.5,['matching'],svc,0.3854769731754304,0.11625719845203453,0.8872111448028953,306.4315276145935,
datasets/german.csv,xgb,sex,10,10,0.5,0.5,"['matching', 'standard']",xgb,0.3940532604884804,0.09754111987617979,0.8856476408531405,189.1956856250763,
datasets/german.csv,rf,sex,10,10,0.5,0.25,"['standard', 'clustering', 'ipw', 'matching', 'undersampling']",rf,0.39160081084570075,0.1192351910757461,0.9024368127671476,2447.1152050495148,
datasets/german.csv,lr,sex,10,10,0.5,0.25,['matching'],lr,0.3701707549325245,0.0,0.740341509865049,999.044606924057,
datasets/german.csv,svc,sex,10,10,0.5,0.25,"['stratified_sampling', 'ipw', 'oversampling']",svc,0.18850975654133367,0.26210686379779524,0.6391263768804626,537.8726561069489,
datasets/german.csv,xgb,sex,10,10,0.5,0.25,"['standard', 'matching', 'clustering']",xgb,0.4117386851924666,0.07155410222017798,0.8950314726051112,316.1883430480957,
datasets/german.csv,rf,sex,10,5,0.5,0.75,"['clustering', 'stratified_sampling', 'min_max_scaling', 'oversampling']",rf,0.42168295665005195,0.13893505885737215,0.982300972157476,3964.7224247455597,
datasets/german.csv,lr,sex,10,5,0.5,0.75,"['undersampling', 'matching', 'min_max_scaling', 'oversampling', 'clustering']",lr,0.4037008003163003,0.10715216219090984,0.9145537628235104,187.89620065689087,
datasets/german.csv,svc,sex,10,5,0.5,0.75,['matching'],svc,0.3854769731754304,0.11625719845203453,0.8872111448028953,142.338711977005,
datasets/german.csv,xgb,sex,10,5,0.5,0.75,"['min_max_scaling', 'matching']",xgb,0.3940532604884804,0.09754111987617979,0.8856476408531405,174.7246127128601,
datasets/german.csv,rf,sex,5,20,0.5,0.75,"['min_max_scaling', 'oversampling']",rf,0.3460960764083748,0.25518433466514484,0.9473764874818945,3508.053651332855,
datasets/german.csv,lr,sex,5,20,0.5,0.75,['min_max_scaling'],lr,0.1876064329207991,0.23102198560006382,0.606234851441662,659.1919205188751,
datasets/german.csv,svc,sex,5,20,0.5,0.75,"['matching', 'clustering']",svc,0.38928390089571885,0.1087854760624305,0.8873532778538682,290.74699306488037,
datasets/german.csv,xgb,sex,5,20,0.5,0.75,"['standard', 'matching']",xgb,0.3940532604884804,0.09754111987617979,0.8856476408531405,240.50581812858582,
datasets/german.csv,rf,sex,10,10,0.75,0.25,"['matching', 'clustering']",rf,0.40732893990242847,0.07603357200841358,0.8906914518132705,2145.153377532959,
datasets/german.csv,lr,sex,10,10,0.75,0.25,"['undersampling', 'min_max_scaling', 'clustering', 'standard', 'matching']",lr,0.3867020698696029,0.1349684268238699,0.9083725665630757,1103.054766178131,
datasets/german.csv,svc,sex,10,10,0.75,0.25,"['matching', 'ipw']",svc,0.3838435364946351,0.11953451305435908,0.8872215860436293,665.5813412666321,
datasets/german.csv,xgb,sex,10,10,0.75,0.25,"['stratified_sampling', 'undersampling', 'clustering']",xgb,0.3977356111261645,0.07626544123962348,0.8717366634919526,456.7439341545105,
datasets/german.csv,rf,sex,15,5,0.75,0.25,"['undersampling', 'oversampling']",rf,0.4242162982356225,0.13352253448708887,0.9819551309583339,356.61115193367004,
datasets/german.csv,lr,sex,15,5,0.75,0.25,"['oversampling', 'clustering', 'stratified_sampling', 'min_max_scaling', 'standard']",lr,0.4063460142154526,0.11120882920109197,0.9239008576319971,185.56585693359375,
datasets/german.csv,svc,sex,15,5,0.75,0.25,"['matching', 'min_max_scaling']",svc,0.3863154641658908,0.1145588515925453,0.8871897799243269,139.7046766281128,
datasets/german.csv,xgb,sex,15,5,0.75,0.25,['oversampling'],xgb,0.3649591305557743,0.20010607132027947,0.930024332431828,159.86236476898193,
datasets/german.csv,rf,sex,15,5,0.75,0.5,"['stratified_sampling', 'min_max_scaling', 'oversampling']",rf,0.42808914170346457,0.12675368154481875,0.982931964951748,355.1346380710602,
datasets/german.csv,lr,sex,15,5,0.75,0.5,"['stratified_sampling', 'undersampling']",lr,0.3749507568467303,0.0,0.7499015136934606,184.0067458152771,
datasets/german.csv,svc,sex,15,5,0.75,0.5,"['stratified_sampling', 'undersampling']",svc,0.373845613914273,0.12217745795776712,0.8698686857863132,141.43060517311096,
datasets/german.csv,xgb,sex,15,5,0.75,0.5,['matching'],xgb,0.3940532604884804,0.09754111987617979,0.8856476408531405,159.73221731185913,
datasets/german.csv,rf,sex,10,10,0.25,0.5,"['ipw', 'undersampling', 'oversampling']",rf,0.44694192629768004,0.07808142810662272,0.9719652807019828,3434.0796632766724,
datasets/german.csv,lr,sex,10,10,0.25,0.5,['stratified_sampling'],lr,,,0.3678416595467168,536.1807034015656,
datasets/german.csv,svc,sex,10,10,0.25,0.5,['oversampling'],svc,0.22973517431023766,0.22439589097746415,0.6838662395979395,234.61077737808228,
datasets/german.csv,xgb,sex,10,10,0.25,0.5,"['matching', 'standard']",xgb,0.3940532604884804,0.09754111987617979,0.8856476408531405,257.8600914478302,
datasets/german.csv,rf,sex,15,5,0.5,0.5,"['undersampling', 'oversampling', 'min_max_scaling', 'ipw']",rf,0.4208981206865557,0.141051477742921,0.9828477191160324,414.71670389175415,
datasets/german.csv,lr,sex,15,5,0.5,0.5,"['oversampling', 'undersampling', 'standard']",lr,0.35006228821570506,0.18398075416464457,0.8841053305960547,200.2900424003601,
datasets/german.csv,svc,sex,15,5,0.5,0.5,['matching'],svc,0.3854769731754304,0.11625719845203453,0.8872111448028953,115.7225079536438,
datasets/german.csv,xgb,sex,15,5,0.5,0.5,"['stratified_sampling', 'min_max_scaling', 'oversampling']",xgb,0.4276616138786092,0.10625762156131853,0.9615808493185369,220.2508134841919,
datasets/german.csv,rf,sex,15,5,0.5,0.75,"['stratified_sampling', 'oversampling', 'clustering']",rf,0.42118940188667625,0.14000361055883523,0.9823824143321878,395.508175611496,
datasets/german.csv,lr,sex,15,5,0.5,0.75,"['ipw', 'oversampling']",lr,,,0.38364192955450144,187.77798414230347,
datasets/german.csv,svc,sex,15,5,0.5,0.75,"['clustering', 'matching']",svc,0.38928390089571885,0.1087854760624305,0.8873532778538682,122.91032218933105,
datasets/german.csv,xgb,sex,15,5,0.5,0.75,"['ipw', 'min_max_scaling', 'oversampling', 'standard', 'stratified_sampling']",xgb,0.4276616138786092,0.10625762156131853,0.9615808493185369,210.2139163017273,
datasets/german.csv,rf,sex,15,5,0.5,0.25,"['matching', 'ipw']",rf,0.3956085690196458,0.09657825193821233,0.887795389977504,435.5807988643646,
datasets/german.csv,lr,sex,15,5,0.5,0.25,"['min_max_scaling', 'undersampling', 'oversampling', 'clustering', 'standard', 'ipw']",lr,0.33740707687493987,0.21172664927164586,0.8865408030215256,214.68318104743958,
datasets/german.csv,svc,sex,15,5,0.5,0.25,"['standard', 'undersampling', 'ipw', 'matching']",svc,0.392065754820356,0.11154942400781909,0.8956809336485311,108.54422354698181,
datasets/german.csv,xgb,sex,15,5,0.5,0.25,"['matching', 'standard', 'ipw', 'min_max_scaling']",xgb,0.3940532604884804,0.09754111987617979,0.8856476408531405,248.3393907546997,
datasets/german.csv,rf,sex,10,15,0.5,0.25,"['matching', 'clustering']",rf,0.40732893990242847,0.07603357200841358,0.8906914518132705,1856.0124516487122,
datasets/german.csv,lr,sex,10,15,0.5,0.25,"['oversampling', 'undersampling']",lr,0.3893210696037149,0.0,0.7786421392074298,1193.2512271404266,
datasets/german.csv,svc,sex,10,15,0.5,0.25,['standard'],svc,0.19686553556219705,0.21253887246303851,0.6062699435874326,441.91469049453735,
datasets/german.csv,xgb,sex,10,15,0.5,0.25,"['clustering', 'min_max_scaling']",xgb,0.2323720023992689,0.14468528081179383,0.6094292856103316,290.6482138633728,
datasets/german.csv,rf,sex,5,20,0.25,0.75,"['matching', 'min_max_scaling', 'ipw']",rf,0.39586512461695744,0.0955015622695391,0.887231811503454,4086.0935382843018,
datasets/german.csv,lr,sex,5,20,0.25,0.75,"['ipw', 'oversampling', 'standard', 'stratified_sampling', 'min_max_scaling', 'undersampling']",lr,0.33881787205148567,0.21388177617215445,0.8915175202751258,364.51182770729065,
datasets/german.csv,svc,sex,5,20,0.25,0.75,"['oversampling', 'standard']",svc,0.23388626450396255,0.213220117845396,0.6809926468533211,170.53338146209717,
datasets/german.csv,xgb,sex,5,20,0.25,0.75,"['oversampling', 'min_max_scaling']",xgb,0.3649591305557743,0.20010607132027947,0.930024332431828,241.5639452934265,
datasets/german.csv,rf,sex,10,10,0.25,0.25,"['ipw', 'undersampling', 'stratified_sampling']",rf,0.4066199967738566,0.07150945326986179,0.884749446817575,3921.8003220558167,
datasets/german.csv,lr,sex,10,10,0.25,0.25,"['oversampling', 'clustering', 'undersampling']",lr,0.38935872652181674,0.0,0.7787174530436335,248.57036209106445,
datasets/german.csv,svc,sex,10,10,0.25,0.25,"['matching', 'clustering', 'standard', 'ipw', 'undersampling', 'stratified_sampling']",svc,0.38355320009086175,0.11029465280698374,0.8774010529887072,200.97867226600647,
datasets/german.csv,xgb,sex,10,10,0.25,0.25,"['clustering', 'ipw']",xgb,0.21219404172357104,0.193807983350333,0.6181960667974751,166.02429699897766,
datasets/german.csv,rf,sex,5,20,0.75,0.75,"['ipw', 'undersampling', 'oversampling']",rf,0.44694192629768004,0.07808142810662272,0.9719652807019828,3978.5571360588074,
datasets/german.csv,lr,sex,5,20,0.75,0.75,"['clustering', 'standard']",lr,0.22557327404240007,0.18712111253310149,0.6382676606179016,383.1954128742218,
datasets/german.csv,svc,sex,5,20,0.75,0.75,"['matching', 'clustering']",svc,0.38928390089571885,0.1087854760624305,0.8873532778538682,168.52233958244324,
datasets/german.csv,xgb,sex,5,20,0.75,0.75,"['clustering', 'min_max_scaling']",xgb,0.2323720023992689,0.14468528081179383,0.6094292856103316,274.7985637187958,
datasets/german.csv,rf,sex,5,15,0.25,0.75,"['ipw', 'matching']",rf,0.3956085690196458,0.09657825193821233,0.887795389977504,4546.337576389313,
datasets/german.csv,lr,sex,5,15,0.25,0.75,"['oversampling', 'min_max_scaling']",lr,0.191384649930856,0.2996508905002971,0.6824201903620091,126.32709288597107,
datasets/german.csv,svc,sex,5,15,0.25,0.75,"['oversampling', 'undersampling']",svc,0.354722252782079,0.1699150904598656,0.8793595960240236,182.65728569030762,
datasets/german.csv,xgb,sex,5,15,0.25,0.75,"['stratified_sampling', 'oversampling']",xgb,0.3440180940679079,0.14642381187040973,0.8344600000062256,98.5416841506958,
datasets/german.csv,rf,sex,15,5,0.25,0.5,"['undersampling', 'stratified_sampling', 'min_max_scaling']",rf,0.4104685421090032,0.0689856507813922,0.8899227349993986,1100.9735176563263,
datasets/german.csv,lr,sex,15,5,0.25,0.5,"['matching', 'standard']",lr,0.38547027513452264,0.1225728014136881,0.8935133516827334,110.7166395187378,
datasets/german.csv,svc,sex,15,5,0.25,0.5,"['clustering', 'ipw', 'standard', 'undersampling', 'stratified_sampling']",svc,0.38619274137823845,0.12180629762758644,0.8941917803840633,190.90034198760986,
datasets/german.csv,xgb,sex,15,5,0.25,0.5,"['undersampling', 'ipw', 'oversampling']",xgb,0.4184968173323795,0.1257128508587412,0.9627064855235001,136.45273542404175,
datasets/german.csv,rf,sex,15,5,0.25,0.75,"['undersampling', 'oversampling']",rf,0.4242162982356225,0.13352253448708887,0.9819551309583339,703.8449268341064,
datasets/german.csv,lr,sex,15,5,0.25,0.75,['matching'],lr,0.3701707549325245,0.0,0.740341509865049,136.81308579444885,
datasets/german.csv,svc,sex,15,5,0.25,0.75,"['matching', 'min_max_scaling']",svc,0.3863154641658908,0.1145588515925453,0.8871897799243269,168.81668519973755,
datasets/german.csv,xgb,sex,15,5,0.25,0.75,"['clustering', 'standard', 'matching']",xgb,0.4117386851924666,0.07155410222017798,0.8950314726051112,99.40697121620178,
datasets/german.csv,rf,sex,10,15,0.75,0.5,"['undersampling', 'oversampling']",rf,0.4242162982356225,0.13352253448708887,0.9819551309583339,1649.265342950821,
datasets/german.csv,lr,sex,10,15,0.75,0.5,['matching'],lr,0.3701707549325245,0.0,0.740341509865049,1414.9635608196259,
datasets/german.csv,svc,sex,10,15,0.75,0.5,"['matching', 'ipw']",svc,0.3838435364946351,0.11953451305435908,0.8872215860436293,358.48985052108765,
datasets/german.csv,xgb,sex,10,15,0.75,0.5,['matching'],xgb,0.3940532604884804,0.09754111987617979,0.8856476408531405,350.62616300582886,
datasets/german.csv,rf,sex,10,10,0.75,0.5,"['undersampling', 'oversampling', 'standard']",rf,0.42354602119239454,0.13483053693102467,0.9819225793158137,3908.552701473236,
datasets/german.csv,lr,sex,10,10,0.75,0.5,['matching'],lr,0.3701707549325245,0.0,0.740341509865049,228.59782671928406,
datasets/german.csv,svc,sex,10,10,0.75,0.5,"['undersampling', 'stratified_sampling']",svc,0.373845613914273,0.12217745795776712,0.8698686857863132,227.2591609954834,
datasets/german.csv,xgb,sex,10,10,0.75,0.5,"['stratified_sampling', 'oversampling', 'standard']",xgb,0.4276616138786092,0.10625762156131853,0.9615808493185369,164.6689372062683,
datasets/german.csv,rf,sex,10,10,0.5,0.75,"['undersampling', 'oversampling', 'standard', 'clustering']",rf,0.4276193604955974,0.11720076531129016,0.972439486302485,4002.060329914093,
datasets/german.csv,lr,sex,10,10,0.5,0.75,"['matching', 'clustering', 'standard']",lr,0.39889132742675576,0.10957542973857474,0.9073580845920862,185.451819896698,
datasets/german.csv,svc,sex,10,10,0.5,0.75,['matching'],svc,0.3854769731754304,0.11625719845203453,0.8872111448028953,233.7211925983429,
datasets/german.csv,xgb,sex,10,10,0.5,0.75,['oversampling'],xgb,0.3649591305557743,0.20010607132027947,0.930024332431828,121.98800730705261,
datasets/german.csv,rf,sex,15,5,0.75,0.75,"['stratified_sampling', 'oversampling', 'ipw']",rf,0.4244750197633324,0.1325422588015387,0.9814922983282035,517.6933705806732,
datasets/german.csv,lr,sex,15,5,0.75,0.75,['matching'],lr,0.3701707549325245,0.0,0.740341509865049,172.02324604988098,
datasets/german.csv,svc,sex,15,5,0.75,0.75,"['matching', 'undersampling']",svc,0.39681934046300016,0.10187148771709005,0.8955101686430904,121.57663655281067,
datasets/german.csv,xgb,sex,15,5,0.75,0.75,"['oversampling', 'stratified_sampling', 'ipw']",xgb,0.4276616138786092,0.10625762156131853,0.9615808493185369,99.89268064498901,
datasets/german.csv,rf,sex,10,15,0.5,0.75,"['oversampling', 'ipw']",rf,0.3304299127769116,0.28359142933797304,0.9444512548917963,1987.3175928592682,
datasets/german.csv,lr,sex,10,15,0.5,0.75,"['clustering', 'min_max_scaling']",lr,0.19454654709325908,0.21448153338367879,0.603574627570197,1212.6518936157227,
datasets/german.csv,svc,sex,10,15,0.5,0.75,"['ipw', 'matching']",svc,0.3838435364946351,0.11953451305435908,0.8872215860436293,315.28468012809753,
datasets/german.csv,xgb,sex,10,15,0.5,0.75,['oversampling'],xgb,0.3649591305557743,0.20010607132027947,0.930024332431828,336.2952196598053,
datasets/german.csv,rf,sex,10,15,0.25,0.25,"['stratified_sampling', 'clustering', 'oversampling']",rf,0.42118940188667625,0.14000361055883523,0.9823824143321878,3437.2055015563965,
datasets/german.csv,lr,sex,10,15,0.25,0.25,"['min_max_scaling', 'standard']",lr,0.18569242458192514,0.23342352191533292,0.6048083710791832,636.4579377174377,
datasets/german.csv,svc,sex,10,15,0.25,0.25,"['ipw', 'matching', 'standard']",svc,0.3835852879160937,0.12017646578764846,0.8873470416198359,306.59735679626465,
datasets/german.csv,xgb,sex,10,15,0.25,0.25,"['oversampling', 'undersampling']",xgb,0.4184968173323795,0.1257128508587412,0.9627064855235001,197.97181582450867,
datasets/german.csv,rf,sex,5,20,0.5,0.5,"['clustering', 'matching']",rf,0.40732893990242847,0.07603357200841358,0.8906914518132705,4480.879855632782,
datasets/german.csv,lr,sex,5,20,0.5,0.5,"['stratified_sampling', 'ipw']",lr,,,0.3658939810546421,197.52171993255615,
datasets/german.csv,svc,sex,5,20,0.5,0.5,['standard'],svc,0.19686553556219705,0.21253887246303851,0.6062699435874326,174.9962866306305,
datasets/german.csv,xgb,sex,5,20,0.5,0.5,"['oversampling', 'clustering']",xgb,0.3649591305557743,0.20010607132027947,0.930024332431828,121.54792857170105,
datasets/german.csv,rf,sex,10,15,0.75,0.75,"['matching', 'standard', 'clustering']",rf,0.412130316756782,0.0760552676210345,0.9003159011345986,2886.896818637848,
datasets/german.csv,lr,sex,10,15,0.75,0.75,"['oversampling', 'standard']",lr,0.2146439999348849,0.2528084045403896,0.6820964044101594,482.14928126335144,
datasets/german.csv,svc,sex,10,15,0.75,0.75,['stratified_sampling'],svc,0.21429407196575084,0.19790005317312823,0.6264881971046299,293.37313961982727,
datasets/german.csv,xgb,sex,10,15,0.75,0.75,['matching'],xgb,0.3940532604884804,0.09754111987617979,0.8856476408531405,198.0364487171173,
datasets/german.csv,rf,sex,10,10,0.75,0.75,['matching'],rf,0.4050695260327079,0.07817991476921783,0.8883189668346336,4095.2604520320892,
datasets/german.csv,lr,sex,10,10,0.75,0.75,"['oversampling', 'ipw', 'undersampling']",lr,0.38938033219298873,0.0,0.7787606643859775,195.07420206069946,
datasets/german.csv,svc,sex,10,10,0.75,0.75,['matching'],svc,0.3854769731754304,0.11625719845203453,0.8872111448028953,176.98555779457092,
datasets/german.csv,xgb,sex,10,10,0.75,0.75,"['matching', 'min_max_scaling']",xgb,0.3940532604884804,0.09754111987617979,0.8856476408531405,152.51871967315674,
datasets/german.csv,rf,sex,10,15,0.75,0.25,"['standard', 'undersampling', 'clustering', 'matching', 'ipw', 'min_max_scaling']",rf,0.4454268669773642,0.10732219000789013,0.9981759239626186,3016.0349068641663,
datasets/german.csv,lr,sex,10,15,0.75,0.25,"['undersampling', 'standard']",lr,0.1648036946962396,0.2738552273804396,0.6034626167729188,403.47263503074646,
datasets/german.csv,svc,sex,10,15,0.75,0.25,['oversampling'],svc,0.22973517431023766,0.22439589097746415,0.6838662395979395,291.23325395584106,
datasets/german.csv,xgb,sex,10,15,0.75,0.25,"['ipw', 'clustering']",xgb,0.21219404172357104,0.193807983350333,0.6181960667974751,191.13869619369507,
datasets/german.csv,rf,sex,10,10,0.25,0.75,"['standard', 'oversampling']",rf,0.3452604027370144,0.2569488783651725,0.9474696838392014,4244.264056921005,
datasets/german.csv,lr,sex,10,10,0.25,0.75,"['ipw', 'matching', 'min_max_scaling', 'undersampling']",lr,0.3953703728489082,0.10695847504136476,0.8976992207391812,215.5120952129364,
datasets/german.csv,svc,sex,10,10,0.25,0.75,"['undersampling', 'matching']",svc,0.39681934046300016,0.10187148771709005,0.8955101686430904,133.7514247894287,
datasets/german.csv,xgb,sex,10,10,0.25,0.75,['oversampling'],xgb,0.3649591305557743,0.20010607132027947,0.930024332431828,84.37428784370422,
datasets/german.csv,rf,sex,10,15,0.25,0.75,"['undersampling', 'clustering', 'min_max_scaling', 'oversampling']",rf,0.4218270655980342,0.13832202803344926,0.9819761592295176,3392.125440120697,
datasets/german.csv,lr,sex,10,15,0.25,0.75,['matching'],lr,0.3701707549325245,0.0,0.740341509865049,312.6376283168793,
datasets/german.csv,svc,sex,10,15,0.25,0.75,"['undersampling', 'stratified_sampling']",svc,0.373845613914273,0.12217745795776712,0.8698686857863132,240.2966136932373,
datasets/german.csv,xgb,sex,10,15,0.25,0.75,"['oversampling', 'undersampling']",xgb,0.4184968173323795,0.1257128508587412,0.9627064855235001,162.37264227867126,
datasets/german.csv,rf,sex,10,15,0.25,0.5,"['oversampling', 'undersampling']",rf,0.4242162982356225,0.13352253448708887,0.9819551309583339,3522.751224756241,
datasets/german.csv,lr,sex,10,15,0.25,0.5,"['stratified_sampling', 'clustering', 'oversampling']",lr,0.38949524831090787,0.0,0.7789904966218157,316.74322485923767,
datasets/german.csv,svc,sex,10,15,0.25,0.5,"['stratified_sampling', 'standard', 'clustering', 'ipw']",svc,0.2153238054365606,0.19661023850710316,0.6272578493802243,233.39705109596252,
datasets/german.csv,xgb,sex,10,15,0.25,0.5,"['oversampling', 'stratified_sampling']",xgb,0.3440180940679079,0.14642381187040973,0.8344600000062256,160.44591236114502,
datasets/german.csv,rf,sex,10,15,0.5,0.5,"['standard', 'oversampling', 'undersampling']",rf,0.42354602119239454,0.13483053693102467,0.9819225793158137,3424.310976743698,
datasets/german.csv,lr,sex,10,15,0.5,0.5,"['ipw', 'undersampling', 'stratified_sampling']",lr,0.3751619569553013,0.0,0.7503239139106026,306.61134457588196,
datasets/german.csv,svc,sex,10,15,0.5,0.5,['min_max_scaling'],svc,0.19698079665222934,0.2122269875800282,0.6061885808844869,190.51226329803467,
datasets/german.csv,xgb,sex,10,15,0.5,0.5,"['matching', 'undersampling']",xgb,0.2353175557875351,0.17293823210717565,0.6435733436822458,113.11093831062317,
datasets/german.csv,rf,sex,15,10,0.25,0.25,"['oversampling', 'min_max_scaling']",rf,0.3460960764083748,0.25518433466514484,0.9473764874818945,474.5442442893982,
datasets/german.csv,lr,sex,15,10,0.25,0.25,['matching'],lr,0.3701707549325245,0.0,0.740341509865049,294.6532175540924,
datasets/german.csv,svc,sex,15,10,0.25,0.25,['matching'],svc,0.3854769731754304,0.11625719845203453,0.8872111448028953,185.13368701934814,
datasets/german.csv,xgb,sex,15,10,0.25,0.25,"['min_max_scaling', 'matching']",xgb,0.3940532604884804,0.09754111987617979,0.8856476408531405,113.86760115623474,
datasets/german.csv,rf,sex,15,10,0.25,0.75,"['clustering', 'matching']",rf,0.40732893990242847,0.07603357200841358,0.8906914518132705,429.9974775314331,
datasets/german.csv,lr,sex,15,10,0.25,0.75,"['matching', 'undersampling', 'standard']",lr,0.3955900723006185,0.10551803308391171,0.8966981776851487,289.8013198375702,
datasets/german.csv,svc,sex,15,10,0.25,0.75,"['matching', 'ipw', 'clustering']",svc,0.38823171479566526,0.11004538646538886,0.8865088160567194,182.0304093360901,
datasets/german.csv,xgb,sex,15,10,0.25,0.75,"['undersampling', 'oversampling']",xgb,0.4184968173323795,0.1257128508587412,0.9627064855235001,114.38893294334412,
datasets/german.csv,rf,sex,15,10,0.5,0.25,"['stratified_sampling', 'undersampling']",rf,0.19758984918408135,0.20140889316258614,0.5965885915307488,415.19488739967346,
datasets/german.csv,lr,sex,15,10,0.5,0.25,['undersampling'],lr,,,0.36924420632763694,290.9268021583557,
datasets/german.csv,svc,sex,15,10,0.5,0.25,['matching'],svc,0.3854769731754304,0.11625719845203453,0.8872111448028953,179.43070912361145,
datasets/german.csv,xgb,sex,15,10,0.5,0.25,"['oversampling', 'undersampling']",xgb,0.4184968173323795,0.1257128508587412,0.9627064855235001,114.95613408088684,
datasets/german.csv,rf,sex,15,10,0.5,0.75,"['undersampling', 'min_max_scaling', 'oversampling', 'ipw']",rf,0.4208981206865557,0.141051477742921,0.9828477191160324,389.5046601295471,
datasets/german.csv,lr,sex,15,10,0.5,0.75,"['min_max_scaling', 'stratified_sampling', 'oversampling']",lr,0.4013631946802725,0.11327611283929685,0.9160025021998418,292.76287269592285,
datasets/german.csv,svc,sex,15,10,0.5,0.75,['matching'],svc,0.3854769731754304,0.11625719845203453,0.8872111448028953,170.57379627227783,
datasets/german.csv,xgb,sex,15,10,0.5,0.75,"['oversampling', 'undersampling']",xgb,0.4184968173323795,0.1257128508587412,0.9627064855235001,115.46811103820801,
datasets/german.csv,rf,sex,15,10,0.75,0.25,"['standard', 'clustering']",rf,0.21210319372165204,0.18004927610244312,0.6042556635457472,356.6735677719116,
datasets/german.csv,lr,sex,15,10,0.75,0.25,"['oversampling', 'undersampling']",lr,0.3893210696037149,0.0,0.7786421392074298,297.2530028820038,
datasets/german.csv,svc,sex,15,10,0.75,0.25,"['clustering', 'oversampling', 'stratified_sampling', 'min_max_scaling', 'standard']",svc,0.4092671304383715,0.0949204543224036,0.9134547151991466,161.8568081855774,
datasets/german.csv,xgb,sex,15,10,0.75,0.25,"['undersampling', 'oversampling']",xgb,0.4184968173323795,0.1257128508587412,0.9627064855235001,117.84084343910217,
datasets/german.csv,rf,sex,10,20,0.75,0.25,"['clustering', 'matching']",rf,0.40732893990242847,0.07603357200841358,0.8906914518132705,1476.3850882053375,
datasets/german.csv,lr,sex,10,20,0.75,0.25,"['oversampling', 'undersampling', 'standard', 'min_max_scaling']",lr,0.3959845145275415,0.12223967282068175,0.9142087018757648,499.88413882255554,
datasets/german.csv,svc,sex,10,20,0.75,0.25,"['oversampling', 'min_max_scaling']",svc,0.23099552599437523,0.21838005069042168,0.6803711026791721,301.6500542163849,
datasets/german.csv,xgb,sex,10,20,0.75,0.25,"['oversampling', 'stratified_sampling', 'min_max_scaling']",xgb,0.4276616138786092,0.10625762156131853,0.9615808493185369,153.898010969162,
datasets/german.csv,rf,sex,15,10,0.75,0.5,"['oversampling', 'undersampling']",rf,0.4242162982356225,0.13352253448708887,0.9819551309583339,329.4409189224243,
datasets/german.csv,lr,sex,15,10,0.75,0.5,"['oversampling', 'ipw', 'undersampling']",lr,0.38938033219298873,0.0,0.7787606643859775,298.9532473087311,
datasets/german.csv,svc,sex,15,10,0.75,0.5,"['ipw', 'matching']",svc,0.3838435364946351,0.11953451305435908,0.8872215860436293,153.48848247528076,
datasets/german.csv,xgb,sex,15,10,0.75,0.5,"['clustering', 'oversampling']",xgb,0.3649591305557743,0.20010607132027947,0.930024332431828,124.83600234985352,
datasets/german.csv,rf,sex,15,10,0.75,0.75,"['ipw', 'oversampling', 'clustering']",rf,0.3376766692222381,0.27258430609610695,0.9479376445405832,313.8393542766571,
datasets/german.csv,lr,sex,15,10,0.75,0.75,['oversampling'],lr,,,0.3831147233819078,275.2511248588562,
datasets/german.csv,svc,sex,15,10,0.75,0.75,"['matching', 'clustering']",svc,0.38928390089571885,0.1087854760624305,0.8873532778538682,143.25259017944336,
datasets/german.csv,xgb,sex,15,10,0.75,0.75,"['ipw', 'matching']",xgb,0.3940532604884804,0.09754111987617979,0.8856476408531405,126.42068481445312,
datasets/german.csv,rf,sex,20,5,0.25,0.25,"['min_max_scaling', 'oversampling']",rf,0.3460960764083748,0.25518433466514484,0.9473764874818945,142.58479499816895,
datasets/german.csv,lr,sex,20,5,0.25,0.25,"['undersampling', 'stratified_sampling']",lr,0.3749507568467303,0.0,0.7499015136934606,106.78245091438293,
datasets/german.csv,svc,sex,20,5,0.25,0.25,"['stratified_sampling', 'undersampling', 'standard']",svc,0.36572765596075163,0.13865624986290628,0.8701115617844095,80.55658102035522,
datasets/german.csv,xgb,sex,20,5,0.25,0.25,"['undersampling', 'oversampling', 'ipw']",xgb,0.4184968173323795,0.1257128508587412,0.9627064855235001,80.00391960144043,
datasets/german.csv,rf,sex,15,10,0.25,0.5,"['min_max_scaling', 'undersampling', 'oversampling']",rf,0.42357062013536095,0.13483053693102467,0.9819717772017466,596.206841468811,
datasets/german.csv,lr,sex,15,10,0.25,0.5,"['oversampling', 'clustering', 'stratified_sampling', 'ipw']",lr,0.3894584950793602,0.0,0.7789169901587204,241.0327446460724,
datasets/german.csv,svc,sex,15,10,0.25,0.5,['matching'],svc,0.3854769731754304,0.11625719845203453,0.8872111448028953,133.0057499408722,
datasets/german.csv,xgb,sex,15,10,0.25,0.5,['oversampling'],xgb,0.3649591305557743,0.20010607132027947,0.930024332431828,134.74562621116638,
datasets/german.csv,rf,sex,20,5,0.25,0.5,"['ipw', 'standard', 'min_max_scaling', 'matching']",rf,0.39384082952543586,0.09920114860248012,0.8868828076533518,123.69720554351807,
datasets/german.csv,lr,sex,20,5,0.25,0.5,"['standard', 'stratified_sampling', 'matching', 'undersampling', 'min_max_scaling', 'ipw', 'oversampling']",lr,0.4041075977519977,0.10260614981929454,0.91082134532329,95.37096643447876,
datasets/german.csv,svc,sex,20,5,0.25,0.5,"['matching', 'undersampling']",svc,0.39681934046300016,0.10187148771709005,0.8955101686430904,81.15722846984863,
datasets/german.csv,xgb,sex,20,5,0.25,0.5,"['standard', 'oversampling']",xgb,0.3649591305557743,0.20010607132027947,0.930024332431828,89.91935396194458,
datasets/german.csv,rf,sex,20,5,0.5,0.5,"['oversampling', 'min_max_scaling']",rf,0.3460960764083748,0.25518433466514484,0.9473764874818945,123.46040892601013,
datasets/german.csv,lr,sex,20,5,0.5,0.5,"['clustering', 'undersampling']",lr,,,0.36924420632763694,93.4599175453186,
datasets/german.csv,svc,sex,20,5,0.5,0.5,"['stratified_sampling', 'standard', 'undersampling']",svc,0.36572765596075163,0.13865624986290628,0.8701115617844095,80.93215823173523,
datasets/german.csv,xgb,sex,20,5,0.5,0.5,"['clustering', 'oversampling']",xgb,0.3649591305557743,0.20010607132027947,0.930024332431828,90.33508133888245,
datasets/german.csv,rf,sex,20,5,0.5,0.25,"['min_max_scaling', 'matching']",rf,0.4047665528754561,0.07921064762973791,0.8887437533806501,123.86333513259888,
datasets/german.csv,lr,sex,20,5,0.5,0.25,"['standard', 'stratified_sampling', 'oversampling', 'min_max_scaling']",lr,0.3996330156584113,0.11674303974640492,0.9160090710632275,94.8019905090332,
datasets/german.csv,svc,sex,20,5,0.5,0.25,"['matching', 'undersampling']",svc,0.39681934046300016,0.10187148771709005,0.8955101686430904,80.73476719856262,
datasets/german.csv,xgb,sex,20,5,0.5,0.25,"['standard', 'oversampling']",xgb,0.3649591305557743,0.20010607132027947,0.930024332431828,90.68282055854797,
datasets/german.csv,rf,sex,20,5,0.25,0.75,['matching'],rf,0.4050695260327079,0.07817991476921783,0.8883189668346336,125.37842679023743,
datasets/german.csv,lr,sex,20,5,0.25,0.75,"['min_max_scaling', 'matching']",lr,0.3863025448312413,0.1214351572232893,0.894040246885772,94.23009514808655,
datasets/german.csv,svc,sex,20,5,0.25,0.75,"['undersampling', 'standard', 'matching', 'min_max_scaling']",svc,0.3921505110640769,0.11154942400781909,0.8958504461359729,80.7706618309021,
datasets/german.csv,xgb,sex,20,5,0.25,0.75,"['standard', 'matching']",xgb,0.3940532604884804,0.09754111987617979,0.8856476408531405,91.27497243881226,
datasets/german.csv,rf,sex,20,5,0.5,0.75,"['oversampling', 'undersampling']",rf,0.4242162982356225,0.13352253448708887,0.9819551309583339,133.3242130279541,
datasets/german.csv,lr,sex,20,5,0.5,0.75,"['ipw', 'oversampling', 'standard', 'stratified_sampling', 'matching', 'undersampling', 'min_max_scaling']",lr,0.4041075977519977,0.10260614981929454,0.91082134532329,84.70801019668579,
datasets/german.csv,svc,sex,20,5,0.5,0.75,"['min_max_scaling', 'matching']",svc,0.3863154641658908,0.1145588515925453,0.8871897799243269,80.89821171760559,
datasets/german.csv,xgb,sex,20,5,0.5,0.75,"['clustering', 'undersampling', 'stratified_sampling']",xgb,0.3977356111261645,0.07626544123962348,0.8717366634919526,97.59950757026672,
datasets/german.csv,rf,sex,15,10,0.5,0.5,"['oversampling', 'undersampling']",rf,0.4242162982356225,0.13352253448708887,0.9819551309583339,619.4321348667145,
datasets/german.csv,lr,sex,15,10,0.5,0.5,"['oversampling', 'min_max_scaling', 'stratified_sampling']",lr,0.4013631946802725,0.11327611283929685,0.9160025021998418,214.51837539672852,
datasets/german.csv,svc,sex,15,10,0.5,0.5,"['ipw', 'min_max_scaling', 'oversampling']",svc,0.23099216931923938,0.21838005069042168,0.6803643893289004,122.21707558631897,
datasets/german.csv,xgb,sex,15,10,0.5,0.5,"['standard', 'oversampling']",xgb,0.3649591305557743,0.20010607132027947,0.930024332431828,132.63064885139465,
datasets/german.csv,rf,sex,20,5,0.75,0.25,['matching'],rf,0.4050695260327079,0.07817991476921783,0.8883189668346336,142.0345118045807,
datasets/german.csv,lr,sex,20,5,0.75,0.25,"['standard', 'clustering', 'stratified_sampling', 'undersampling', 'min_max_scaling']",lr,0.38243293661442107,0.13365561040766405,0.8985214836365062,71.7420494556427,
datasets/german.csv,svc,sex,20,5,0.75,0.25,"['matching', 'ipw', 'min_max_scaling']",svc,0.38635609593770276,0.1145588515925453,0.8872710434679508,81.55649256706238,
datasets/german.csv,xgb,sex,20,5,0.75,0.25,['oversampling'],xgb,0.3649591305557743,0.20010607132027947,0.930024332431828,103.04978966712952,
datasets/german.csv,rf,sex,10,20,0.5,0.25,"['oversampling', 'undersampling']",rf,0.4242162982356225,0.13352253448708887,0.9819551309583339,2462.8336555957794,
datasets/german.csv,lr,sex,10,20,0.5,0.25,"['stratified_sampling', 'undersampling', 'min_max_scaling']",lr,0.371963807470263,0.12950658386728894,0.8734341988078149,388.91563630104065,
datasets/german.csv,svc,sex,10,20,0.5,0.25,"['oversampling', 'undersampling']",svc,0.354722252782079,0.1699150904598656,0.8793595960240236,218.48526453971863,
datasets/german.csv,xgb,sex,10,20,0.5,0.25,"['standard', 'oversampling']",xgb,0.3649591305557743,0.20010607132027947,0.930024332431828,203.80799794197083,
datasets/german.csv,rf,sex,20,5,0.75,0.75,"['matching', 'min_max_scaling']",rf,0.4047665528754561,0.07921064762973791,0.8887437533806501,125.44570326805115,
datasets/german.csv,lr,sex,20,5,0.75,0.75,"['ipw', 'matching', 'standard', 'undersampling']",lr,0.395074504153024,0.10680104844712546,0.8969500567531734,70.08334374427795,
datasets/german.csv,svc,sex,20,5,0.75,0.75,"['matching', 'standard', 'ipw', 'undersampling']",svc,0.392065754820356,0.11154942400781909,0.8956809336485311,84.40681838989258,
datasets/german.csv,xgb,sex,20,5,0.75,0.75,"['clustering', 'min_max_scaling', 'matching']",xgb,0.39354378154750613,0.09737099747074311,0.8844585605657553,103.01305556297302,
datasets/german.csv,rf,sex,10,20,0.5,0.75,"['undersampling', 'oversampling']",rf,0.4242162982356225,0.13352253448708887,0.9819551309583339,1920.771074295044,
datasets/german.csv,lr,sex,10,20,0.5,0.75,['matching'],lr,0.3701707549325245,0.0,0.740341509865049,367.2924017906189,
datasets/german.csv,svc,sex,10,20,0.5,0.75,"['matching', 'clustering']",svc,0.38928390089571885,0.1087854760624305,0.8873532778538682,195.17111706733704,
datasets/german.csv,xgb,sex,10,20,0.5,0.75,"['undersampling', 'oversampling']",xgb,0.4184968173323795,0.1257128508587412,0.9627064855235001,183.93109560012817,
datasets/german.csv,rf,sex,20,5,0.75,0.5,"['clustering', 'undersampling', 'stratified_sampling']",rf,0.4054599706805591,0.07464312277989725,0.8855630641410155,183.0058307647705,
datasets/german.csv,lr,sex,20,5,0.75,0.5,"['oversampling', 'stratified_sampling', 'min_max_scaling']",lr,0.4013631946802725,0.11327611283929685,0.9160025021998418,82.00197410583496,
datasets/german.csv,svc,sex,20,5,0.75,0.5,"['matching', 'undersampling']",svc,0.39681934046300016,0.10187148771709005,0.8955101686430904,87.07579278945923,
datasets/german.csv,xgb,sex,20,5,0.75,0.5,"['stratified_sampling', 'clustering', 'undersampling']",xgb,0.3977356111261645,0.07626544123962348,0.8717366634919526,104.2879147529602,
datasets/german.csv,rf,sex,10,20,0.75,0.75,['matching'],rf,0.4050695260327079,0.07817991476921783,0.8883189668346336,1482.8823053836823,
datasets/german.csv,lr,sex,10,20,0.75,0.75,"['min_max_scaling', 'ipw']",lr,0.18779556431334005,0.23067094774902597,0.6062620763757061,359.98153591156006,
datasets/german.csv,svc,sex,10,20,0.75,0.75,"['matching', 'undersampling']",svc,0.39681934046300016,0.10187148771709005,0.8955101686430904,179.0850739479065,
datasets/german.csv,xgb,sex,10,20,0.75,0.75,"['oversampling', 'min_max_scaling']",xgb,0.3649591305557743,0.20010607132027947,0.930024332431828,198.7691421508789,
datasets/german.csv,rf,sex,10,20,0.75,0.5,"['standard', 'ipw']",rf,0.19802768234062562,0.2001906732641355,0.5962460379453868,1602.2549674510956,
datasets/german.csv,lr,sex,10,20,0.75,0.5,['oversampling'],lr,,,0.3831147233819078,354.9052538871765,
datasets/german.csv,svc,sex,10,20,0.75,0.5,['matching'],svc,0.3854769731754304,0.11625719845203453,0.8872111448028953,175.1859745979309,
datasets/german.csv,xgb,sex,10,20,0.75,0.5,"['oversampling', 'undersampling']",xgb,0.4184968173323795,0.1257128508587412,0.9627064855235001,201.24076771736145,
datasets/german.csv,rf,sex,10,20,0.5,0.5,"['clustering', 'matching']",rf,0.40732893990242847,0.07603357200841358,0.8906914518132705,2087.184410572052,
datasets/german.csv,lr,sex,10,20,0.5,0.5,"['matching', 'standard']",lr,0.38547027513452264,0.1225728014136881,0.8935133516827334,320.7472231388092,
datasets/german.csv,svc,sex,10,20,0.5,0.5,"['undersampling', 'standard', 'min_max_scaling', 'stratified_sampling']",svc,0.3678737692814885,0.13493411977261704,0.8706816583355941,149.10428023338318,
datasets/german.csv,xgb,sex,10,20,0.5,0.5,"['oversampling', 'ipw', 'undersampling']",xgb,0.4184968173323795,0.1257128508587412,0.9627064855235001,220.61518359184265,
datasets/german.csv,rf,sex,10,20,0.25,0.25,"['matching', 'clustering']",rf,0.40732893990242847,0.07603357200841358,0.8906914518132705,3487.154458761215,
datasets/german.csv,lr,sex,10,20,0.25,0.25,['matching'],lr,0.3701707549325245,0.0,0.740341509865049,322.2031018733978,
datasets/german.csv,svc,sex,10,20,0.25,0.25,"['clustering', 'ipw']",svc,0.19603945150497526,0.2176918415034315,0.609770744513382,150.5737965106964,
datasets/german.csv,xgb,sex,10,20,0.25,0.25,"['undersampling', 'oversampling']",xgb,0.4184968173323795,0.1257128508587412,0.9627064855235001,244.31600522994995,
datasets/german.csv,rf,sex,10,20,0.25,0.75,"['ipw', 'stratified_sampling']",rf,0.20978217744998845,0.18679406794365475,0.6063584228436316,2822.8875374794006,
datasets/german.csv,lr,sex,10,20,0.25,0.75,"['clustering', 'undersampling', 'standard']",lr,0.44217767580583367,0.11059717142225493,0.9949525230339222,306.4347279071808,
datasets/german.csv,svc,sex,10,20,0.25,0.75,"['matching', 'clustering']",svc,0.38928390089571885,0.1087854760624305,0.8873532778538682,153.3285036087036,
datasets/german.csv,xgb,sex,10,20,0.25,0.75,['oversampling'],xgb,0.3649591305557743,0.20010607132027947,0.930024332431828,248.48871898651123,
datasets/german.csv,rf,sex,10,20,0.25,0.5,"['matching', 'ipw', 'standard']",rf,0.39384082952543586,0.09920114860248012,0.8868828076533518,3014.0923068523407,
datasets/german.csv,lr,sex,10,20,0.25,0.5,"['standard', 'stratified_sampling']",lr,0.2101059401928725,0.1999423205573376,0.6201542009430826,233.70496726036072,
datasets/german.csv,svc,sex,10,20,0.25,0.5,['matching'],svc,0.3854769731754304,0.11625719845203453,0.8872111448028953,169.00922632217407,
datasets/german.csv,xgb,sex,10,20,0.25,0.5,"['undersampling', 'oversampling']",xgb,0.4184968173323795,0.1257128508587412,0.9627064855235001,233.51724243164062,
datasets/german.csv,rf,sex,15,15,0.25,0.25,"['oversampling', 'clustering', 'undersampling']",rf,0.4180501532165107,0.14352146830253296,0.9796217747355543,489.4449517726898,
datasets/german.csv,lr,sex,15,15,0.25,0.25,"['ipw', 'stratified_sampling', 'clustering', 'oversampling']",lr,0.3894584950793602,0.0,0.7789169901587204,239.40515804290771,
datasets/german.csv,svc,sex,15,15,0.25,0.25,"['ipw', 'undersampling', 'oversampling', 'clustering', 'stratified_sampling', 'standard']",svc,0.35265229795012876,0.1835580452104633,0.8888626411107208,208.24157118797302,
datasets/german.csv,xgb,sex,15,15,0.25,0.25,"['matching', 'standard']",xgb,0.3940532604884804,0.09754111987617979,0.8856476408531405,256.23908710479736,
datasets/german.csv,rf,sex,15,15,0.25,0.5,"['oversampling', 'undersampling', 'ipw', 'standard']",rf,0.4468788306630206,0.07808142810662272,0.9718390894326638,475.6639552116394,
datasets/german.csv,lr,sex,15,15,0.25,0.5,"['clustering', 'stratified_sampling']",lr,,,0.3678643117156212,234.61356353759766,
datasets/german.csv,svc,sex,15,15,0.25,0.5,['matching'],svc,0.3854769731754304,0.11625719845203453,0.8872111448028953,213.3264467716217,
datasets/german.csv,xgb,sex,15,15,0.25,0.5,"['oversampling', 'min_max_scaling']",xgb,0.3649591305557743,0.20010607132027947,0.930024332431828,262.8301594257355,
datasets/german.csv,rf,sex,15,15,0.5,0.25,"['undersampling', 'oversampling']",rf,0.4242162982356225,0.13352253448708887,0.9819551309583339,442.02254247665405,
datasets/german.csv,lr,sex,15,15,0.5,0.25,"['min_max_scaling', 'stratified_sampling', 'oversampling']",lr,0.4013631946802725,0.11327611283929685,0.9160025021998418,236.498131275177,
datasets/german.csv,svc,sex,15,15,0.5,0.25,"['undersampling', 'matching']",svc,0.39681934046300016,0.10187148771709005,0.8955101686430904,213.2279257774353,
datasets/german.csv,xgb,sex,15,15,0.5,0.25,"['clustering', 'min_max_scaling', 'standard']",xgb,0.21219404172357104,0.193807983350333,0.6181960667974751,279.01992201805115,
datasets/german.csv,rf,sex,15,15,0.5,0.5,"['standard', 'clustering', 'matching', 'stratified_sampling', 'undersampling']",rf,0.4270013664544918,0.05068098582412084,0.9046837187331045,428.5157992839813,
datasets/german.csv,lr,sex,15,15,0.5,0.5,['matching'],lr,0.3701707549325245,0.0,0.740341509865049,232.9710156917572,
datasets/german.csv,svc,sex,15,15,0.5,0.5,"['undersampling', 'matching']",svc,0.39681934046300016,0.10187148771709005,0.8955101686430904,209.32658672332764,
datasets/german.csv,xgb,sex,15,15,0.5,0.5,"['ipw', 'matching']",xgb,0.3940532604884804,0.09754111987617979,0.8856476408531405,282.3310067653656,
datasets/german.csv,rf,sex,15,15,0.5,0.75,"['oversampling', 'min_max_scaling']",rf,0.3460960764083748,0.25518433466514484,0.9473764874818945,413.72561621665955,
datasets/german.csv,lr,sex,15,15,0.5,0.75,['matching'],lr,0.3701707549325245,0.0,0.740341509865049,225.9300799369812,
datasets/german.csv,svc,sex,15,15,0.5,0.75,['matching'],svc,0.3854769731754304,0.11625719845203453,0.8872111448028953,210.88909649848938,
datasets/german.csv,xgb,sex,15,15,0.5,0.75,"['oversampling', 'undersampling']",xgb,0.4184968173323795,0.1257128508587412,0.9627064855235001,281.188809633255,
datasets/german.csv,rf,sex,15,15,0.75,0.5,"['oversampling', 'undersampling']",rf,0.4242162982356225,0.13352253448708887,0.9819551309583339,407.34352374076843,
datasets/german.csv,lr,sex,15,15,0.75,0.5,['stratified_sampling'],lr,,,0.3678416595467168,212.4323229789734,
datasets/german.csv,svc,sex,15,15,0.75,0.5,"['clustering', 'oversampling']",svc,0.23426653097129424,0.21433362515406174,0.6828666870966502,229.4853868484497,
datasets/german.csv,xgb,sex,15,15,0.75,0.5,"['undersampling', 'oversampling']",xgb,0.4184968173323795,0.1257128508587412,0.9627064855235001,274.04133105278015,
datasets/german.csv,rf,sex,15,15,0.75,0.25,"['clustering', 'stratified_sampling']",rf,0.19218580921639722,0.20872687814687998,0.5930984965796744,404.57374262809753,
datasets/german.csv,lr,sex,15,15,0.75,0.25,"['undersampling', 'stratified_sampling']",lr,0.3749507568467303,0.0,0.7499015136934606,217.8769235610962,
datasets/german.csv,svc,sex,15,15,0.75,0.25,"['matching', 'undersampling']",svc,0.39681934046300016,0.10187148771709005,0.8955101686430904,216.09569811820984,
datasets/german.csv,xgb,sex,15,15,0.75,0.25,['oversampling'],xgb,0.3649591305557743,0.20010607132027947,0.930024332431828,300.02056431770325,
datasets/german.csv,rf,sex,15,15,0.75,0.75,"['oversampling', 'ipw']",rf,0.3304299127769116,0.28359142933797304,0.9444512548917963,400.9839291572571,
datasets/german.csv,lr,sex,15,15,0.75,0.75,['undersampling'],lr,,,0.36924420632763694,201.08173727989197,
datasets/german.csv,svc,sex,15,15,0.75,0.75,"['clustering', 'matching']",svc,0.38928390089571885,0.1087854760624305,0.8873532778538682,236.92477679252625,
datasets/german.csv,xgb,sex,15,15,0.75,0.75,['matching'],xgb,0.3940532604884804,0.09754111987617979,0.8856476408531405,280.0963017940521,
datasets/german.csv,rf,sex,15,15,0.25,0.75,"['oversampling', 'undersampling']",rf,0.4242162982356225,0.13352253448708887,0.9819551309583339,548.547952413559,
datasets/german.csv,lr,sex,15,15,0.25,0.75,"['ipw', 'standard', 'matching', 'undersampling']",lr,0.395074504153024,0.10680104844712546,0.8969500567531734,199.29132771492004,
datasets/german.csv,svc,sex,15,15,0.25,0.75,"['ipw', 'matching', 'undersampling', 'standard', 'clustering', 'oversampling']",svc,0.4295261977631646,0.1371476778767203,0.9962000734030495,237.72659611701965,
datasets/german.csv,xgb,sex,15,15,0.25,0.75,"['oversampling', 'min_max_scaling']",xgb,0.3649591305557743,0.20010607132027947,0.930024332431828,301.52379417419434,
datasets/german.csv,rf,sex,20,10,0.25,0.25,['matching'],rf,0.4050695260327079,0.07817991476921783,0.8883189668346336,193.7085063457489,
datasets/german.csv,lr,sex,20,10,0.25,0.25,"['ipw', 'clustering', 'oversampling', 'stratified_sampling']",lr,0.3894584950793602,0.0,0.7789169901587204,185.8476903438568,
datasets/german.csv,svc,sex,20,10,0.25,0.25,['oversampling'],svc,0.22973517431023766,0.22439589097746415,0.6838662395979395,230.41654920578003,
datasets/german.csv,xgb,sex,20,10,0.25,0.25,"['undersampling', 'min_max_scaling', 'matching']",xgb,0.3799154136384374,0.1300587918496031,0.8898896191264779,260.78508162498474,
datasets/german.csv,rf,sex,20,10,0.25,0.5,"['oversampling', 'ipw', 'undersampling']",rf,0.44694192629768004,0.07808142810662272,0.9719652807019828,195.14784717559814,
datasets/german.csv,lr,sex,20,10,0.25,0.5,"['stratified_sampling', 'oversampling', 'clustering']",lr,0.38949524831090787,0.0,0.7789904966218157,183.73744654655457,
datasets/german.csv,svc,sex,20,10,0.25,0.5,"['min_max_scaling', 'standard', 'matching']",svc,0.38358539929951774,0.12017646578764846,0.887347264386684,230.29159259796143,
datasets/german.csv,xgb,sex,20,10,0.25,0.5,"['min_max_scaling', 'matching']",xgb,0.3940532604884804,0.09754111987617979,0.8856476408531405,262.2115888595581,
datasets/german.csv,rf,sex,20,10,0.25,0.75,"['undersampling', 'oversampling', 'ipw']",rf,0.44694192629768004,0.07808142810662272,0.9719652807019828,190.84700179100037,
datasets/german.csv,lr,sex,20,10,0.25,0.75,"['stratified_sampling', 'undersampling', 'ipw']",lr,0.3751619569553013,0.0,0.7503239139106026,185.6782386302948,
datasets/german.csv,svc,sex,20,10,0.25,0.75,['matching'],svc,0.3854769731754304,0.11625719845203453,0.8872111448028953,230.37211441993713,
datasets/german.csv,xgb,sex,20,10,0.25,0.75,"['undersampling', 'oversampling']",xgb,0.4184968173323795,0.1257128508587412,0.9627064855235001,263.2819821834564,
datasets/german.csv,rf,sex,20,10,0.5,0.25,"['matching', 'ipw', 'clustering']",rf,0.39541280914796784,0.09803526590665985,0.8888608842025956,189.33332061767578,
datasets/german.csv,lr,sex,20,10,0.5,0.25,['min_max_scaling'],lr,0.1876064329207991,0.23102198560006382,0.606234851441662,186.08827757835388,
datasets/german.csv,svc,sex,20,10,0.5,0.25,"['matching', 'ipw']",svc,0.3838435364946351,0.11953451305435908,0.8872215860436293,231.74254322052002,
datasets/german.csv,xgb,sex,20,10,0.5,0.25,['standard'],xgb,0.2323720023992689,0.14468528081179383,0.6094292856103316,263.72997212409973,
datasets/german.csv,rf,sex,20,10,0.5,0.5,"['min_max_scaling', 'undersampling', 'stratified_sampling']",rf,0.4104685421090032,0.0689856507813922,0.8899227349993986,184.71124172210693,
datasets/german.csv,lr,sex,20,10,0.5,0.5,"['clustering', 'undersampling', 'stratified_sampling']",lr,0.3750092068005255,0.0,0.750018413601051,188.26895022392273,
datasets/german.csv,svc,sex,20,10,0.5,0.5,"['ipw', 'standard', 'matching']",svc,0.3835852879160937,0.12017646578764846,0.8873470416198359,232.51751351356506,
datasets/german.csv,xgb,sex,20,10,0.5,0.5,"['matching', 'ipw']",xgb,0.3940532604884804,0.09754111987617979,0.8856476408531405,290.8232545852661,
datasets/german.csv,rf,sex,20,10,0.75,0.25,"['oversampling', 'undersampling']",rf,0.4242162982356225,0.13352253448708887,0.9819551309583339,179.5798990726471,
datasets/german.csv,lr,sex,20,10,0.75,0.25,['matching'],lr,0.3701707549325245,0.0,0.740341509865049,198.99908924102783,
datasets/german.csv,svc,sex,20,10,0.75,0.25,"['matching', 'undersampling']",svc,0.39681934046300016,0.10187148771709005,0.8955101686430904,250.4417941570282,
datasets/german.csv,xgb,sex,20,10,0.75,0.25,"['min_max_scaling', 'ipw', 'matching', 'stratified_sampling']",xgb,0.22381986111160043,0.12000944547508348,0.5676491676982843,252.2461359500885,
datasets/german.csv,rf,sex,20,10,0.5,0.75,['matching'],rf,0.4050695260327079,0.07817991476921783,0.8883189668346336,179.7680106163025,
datasets/german.csv,lr,sex,20,10,0.5,0.75,"['stratified_sampling', 'undersampling']",lr,0.3749507568467303,0.0,0.7499015136934606,199.0025200843811,
datasets/german.csv,svc,sex,20,10,0.5,0.75,"['clustering', 'matching']",svc,0.38928390089571885,0.1087854760624305,0.8873532778538682,250.21778106689453,
datasets/german.csv,xgb,sex,20,10,0.5,0.75,['oversampling'],xgb,0.3649591305557743,0.20010607132027947,0.930024332431828,252.7797200679779,
datasets/german.csv,rf,sex,20,10,0.75,0.5,"['undersampling', 'oversampling']",rf,0.4242162982356225,0.13352253448708887,0.9819551309583339,179.30767059326172,
datasets/german.csv,lr,sex,20,10,0.75,0.5,"['standard', 'stratified_sampling']",lr,0.2101059401928725,0.1999423205573376,0.6201542009430826,199.6947238445282,
datasets/german.csv,svc,sex,20,10,0.75,0.5,"['clustering', 'matching']",svc,0.38928390089571885,0.1087854760624305,0.8873532778538682,250.08958339691162,
datasets/german.csv,xgb,sex,20,10,0.75,0.5,"['undersampling', 'oversampling']",xgb,0.4184968173323795,0.1257128508587412,0.9627064855235001,254.24727702140808,
datasets/german.csv,rf,sex,20,10,0.75,0.75,"['min_max_scaling', 'oversampling', 'undersampling']",rf,0.42357062013536095,0.13483053693102467,0.9819717772017466,165.911860704422,
datasets/german.csv,lr,sex,20,10,0.75,0.75,"['undersampling', 'clustering', 'oversampling']",lr,0.38935872652181674,0.0,0.7787174530436335,210.38735055923462,
datasets/german.csv,svc,sex,20,10,0.75,0.75,"['matching', 'undersampling']",svc,0.39681934046300016,0.10187148771709005,0.8955101686430904,246.63015174865723,
datasets/german.csv,xgb,sex,20,10,0.75,0.75,"['matching', 'ipw']",xgb,0.3940532604884804,0.09754111987617979,0.8856476408531405,252.82500910758972,
datasets/german.csv,rf,sex,15,20,0.25,0.25,"['undersampling', 'clustering', 'min_max_scaling']",rf,0.1513458913909891,0.26020209502273967,0.5628938778047179,483.7684063911438,
datasets/german.csv,lr,sex,15,20,0.25,0.25,['matching'],lr,0.3701707549325245,0.0,0.740341509865049,262.5716986656189,
datasets/german.csv,svc,sex,15,20,0.25,0.25,"['clustering', 'undersampling', 'matching', 'min_max_scaling', 'ipw']",svc,0.38832720763656753,0.1192059470652007,0.8958603623383358,371.18792510032654,
datasets/german.csv,xgb,sex,15,20,0.25,0.25,"['min_max_scaling', 'undersampling', 'oversampling']",xgb,0.4184968173323795,0.1257128508587412,0.9627064855235001,364.76100993156433,
datasets/german.csv,rf,sex,15,20,0.25,0.5,"['undersampling', 'oversampling', 'ipw', 'clustering']",rf,0.4249124373238792,0.1334192152613861,0.9832440899091445,479.63849782943726,
datasets/german.csv,lr,sex,15,20,0.25,0.5,['min_max_scaling'],lr,0.1876064329207991,0.23102198560006382,0.606234851441662,265.92193388938904,
datasets/german.csv,svc,sex,15,20,0.25,0.5,['matching'],svc,0.3854769731754304,0.11625719845203453,0.8872111448028953,373.11810421943665,
datasets/german.csv,xgb,sex,15,20,0.25,0.5,['matching'],xgb,0.3940532604884804,0.09754111987617979,0.8856476408531405,365.61525297164917,
datasets/german.csv,rf,sex,15,20,0.25,0.75,"['oversampling', 'undersampling']",rf,0.4242162982356225,0.13352253448708887,0.9819551309583339,467.48004174232483,
datasets/german.csv,lr,sex,15,20,0.25,0.75,['undersampling'],lr,,,0.36924420632763694,269.7417411804199,
datasets/german.csv,svc,sex,15,20,0.25,0.75,['matching'],svc,0.3854769731754304,0.11625719845203453,0.8872111448028953,375.9845144748688,
datasets/german.csv,xgb,sex,15,20,0.25,0.75,['matching'],xgb,0.3940532604884804,0.09754111987617979,0.8856476408531405,368.2515616416931,
datasets/german.csv,rf,sex,15,20,0.5,0.25,"['clustering', 'min_max_scaling']",rf,0.20607833521931523,0.1931491820418814,0.6053058524805118,463.2797055244446,
datasets/german.csv,lr,sex,15,20,0.5,0.25,"['undersampling', 'clustering']",lr,,,0.36924420632763694,270.501535654068,
datasets/german.csv,svc,sex,15,20,0.5,0.25,"['undersampling', 'stratified_sampling', 'min_max_scaling', 'standard']",svc,0.3678737692814885,0.13493411977261704,0.8706816583355941,377.11490178108215,
datasets/german.csv,xgb,sex,15,20,0.5,0.25,"['oversampling', 'standard']",xgb,0.3649591305557743,0.20010607132027947,0.930024332431828,369.9174416065216,
datasets/german.csv,rf,sex,15,20,0.5,0.5,"['oversampling', 'undersampling']",rf,0.4242162982356225,0.13352253448708887,0.9819551309583339,461.5267581939697,
datasets/german.csv,lr,sex,15,20,0.5,0.5,"['matching', 'min_max_scaling']",lr,0.3863025448312413,0.1214351572232893,0.894040246885772,273.3236439228058,
datasets/german.csv,svc,sex,15,20,0.5,0.5,"['ipw', 'clustering', 'matching']",svc,0.38823171479566526,0.11004538646538886,0.8865088160567194,378.83920979499817,
datasets/german.csv,xgb,sex,15,20,0.5,0.5,"['clustering', 'min_max_scaling']",xgb,0.2323720023992689,0.14468528081179383,0.6094292856103316,376.207453250885,
datasets/german.csv,rf,sex,15,20,0.5,0.75,['oversampling'],rf,0.34532699211048945,0.2569488783651725,0.9476028625861513,376.15601873397827,
datasets/german.csv,lr,sex,15,20,0.5,0.75,['matching'],lr,0.3701707549325245,0.0,0.740341509865049,306.91558742523193,
datasets/german.csv,svc,sex,15,20,0.5,0.75,"['min_max_scaling', 'matching', 'clustering']",svc,0.3865982192804335,0.11398345476714845,0.8871798933280154,375.48331570625305,
datasets/german.csv,xgb,sex,15,20,0.5,0.75,['matching'],xgb,0.3940532604884804,0.09754111987617979,0.8856476408531405,383.33806824684143,
datasets/german.csv,rf,sex,15,20,0.75,0.25,"['matching', 'clustering']",rf,0.40732893990242847,0.07603357200841358,0.8906914518132705,376.3817718029022,
datasets/german.csv,lr,sex,15,20,0.75,0.25,"['ipw', 'undersampling', 'clustering', 'matching']",lr,0.3707760739074744,0.0,0.7415521478149488,304.6800305843353,
datasets/german.csv,svc,sex,15,20,0.75,0.25,"['undersampling', 'matching', 'clustering']",svc,0.38781350473953224,0.11887738428103395,0.8945043937600984,378.075208902359,
datasets/german.csv,xgb,sex,15,20,0.75,0.25,"['min_max_scaling', 'oversampling']",xgb,0.3649591305557743,0.20010607132027947,0.930024332431828,383.2902765274048,
datasets/german.csv,rf,sex,15,20,0.75,0.5,"['oversampling', 'undersampling']",rf,0.4242162982356225,0.13352253448708887,0.9819551309583339,372.10639238357544,
datasets/german.csv,lr,sex,15,20,0.75,0.5,"['undersampling', 'ipw']",lr,,,0.3692896760894702,305.45334362983704,
datasets/german.csv,svc,sex,15,20,0.75,0.5,"['standard', 'stratified_sampling', 'undersampling']",svc,0.36572765596075163,0.13865624986290628,0.8701115617844095,375.05048274993896,
datasets/german.csv,xgb,sex,15,20,0.75,0.5,"['min_max_scaling', 'ipw']",xgb,0.2323720023992689,0.14468528081179383,0.6094292856103316,387.13796377182007,
datasets/german.csv,rf,sex,15,20,0.75,0.75,"['clustering', 'matching']",rf,0.40732893990242847,0.07603357200841358,0.8906914518132705,353.5691559314728,
datasets/german.csv,lr,sex,15,20,0.75,0.75,['stratified_sampling'],lr,,,0.3678416595467168,305.3848931789398,
datasets/german.csv,svc,sex,15,20,0.75,0.75,['matching'],svc,0.3854769731754304,0.11625719845203453,0.8872111448028953,371.47918152809143,
datasets/german.csv,xgb,sex,15,20,0.75,0.75,"['ipw', 'matching']",xgb,0.3940532604884804,0.09754111987617979,0.8856476408531405,400.6877992153168,
datasets/german.csv,rf,sex,20,15,0.25,0.25,"['oversampling', 'clustering']",rf,0.3408973252150913,0.26037537187313714,0.9421700223033198,258.0825877189636,
datasets/german.csv,lr,sex,20,15,0.25,0.25,['min_max_scaling'],lr,0.1876064329207991,0.23102198560006382,0.606234851441662,359.713139295578,
datasets/german.csv,svc,sex,20,15,0.25,0.25,"['clustering', 'oversampling']",svc,0.23426653097129424,0.21433362515406174,0.6828666870966502,368.49676728248596,
datasets/german.csv,xgb,sex,20,15,0.25,0.25,"['matching', 'undersampling']",xgb,0.2353175557875351,0.17293823210717565,0.6435733436822458,420.6700916290283,
datasets/german.csv,rf,sex,20,15,0.25,0.5,"['matching', 'ipw']",rf,0.3956085690196458,0.09657825193821233,0.887795389977504,254.9243929386139,
datasets/german.csv,lr,sex,20,15,0.25,0.5,"['min_max_scaling', 'matching']",lr,0.3863025448312413,0.1214351572232893,0.894040246885772,361.42671728134155,
datasets/german.csv,svc,sex,20,15,0.25,0.5,['matching'],svc,0.3854769731754304,0.11625719845203453,0.8872111448028953,372.8136694431305,
datasets/german.csv,xgb,sex,20,15,0.25,0.5,"['clustering', 'stratified_sampling', 'undersampling']",xgb,0.3977356111261645,0.07626544123962348,0.8717366634919526,426.88079476356506,
datasets/german.csv,rf,sex,20,15,0.25,0.75,"['matching', 'clustering']",rf,0.40732893990242847,0.07603357200841358,0.8906914518132705,258.4478168487549,
datasets/german.csv,lr,sex,20,15,0.25,0.75,"['ipw', 'stratified_sampling', 'oversampling']",lr,,,0.324513637929595,370.25298619270325,
datasets/german.csv,svc,sex,20,15,0.25,0.75,"['undersampling', 'matching']",svc,0.39681934046300016,0.10187148771709005,0.8955101686430904,364.9635007381439,
datasets/german.csv,xgb,sex,20,15,0.25,0.75,"['matching', 'ipw']",xgb,0.3940532604884804,0.09754111987617979,0.8856476408531405,442.8780634403229,
datasets/german.csv,rf,sex,20,15,0.5,0.25,"['stratified_sampling', 'undersampling']",rf,0.19758984918408135,0.20140889316258614,0.5965885915307488,273.9416356086731,
datasets/german.csv,lr,sex,20,15,0.5,0.25,"['ipw', 'matching']",lr,0.37020912959899255,0.0,0.7404182591979851,377.5918171405792,
datasets/german.csv,svc,sex,20,15,0.5,0.25,"['oversampling', 'undersampling', 'clustering']",svc,0.3445087937764498,0.1885297551484432,0.8775473427013427,375.10405445098877,
datasets/german.csv,xgb,sex,20,15,0.5,0.25,"['oversampling', 'ipw']",xgb,0.3649591305557743,0.20010607132027947,0.930024332431828,466.3003396987915,
datasets/german.csv,rf,sex,20,15,0.5,0.5,"['undersampling', 'oversampling']",rf,0.4242162982356225,0.13352253448708887,0.9819551309583339,272.83826780319214,
datasets/german.csv,lr,sex,20,15,0.5,0.5,"['undersampling', 'ipw', 'clustering', 'oversampling', 'standard']",lr,0.39990624689262705,0.12225204037532154,0.9220645341605757,378.0923430919647,
datasets/german.csv,svc,sex,20,15,0.5,0.5,"['clustering', 'stratified_sampling', 'ipw', 'undersampling']",svc,0.36394689382269474,0.1394000719188299,0.8672938595642193,375.87164330482483,
datasets/german.csv,xgb,sex,20,15,0.5,0.5,"['ipw', 'matching']",xgb,0.3940532604884804,0.09754111987617979,0.8856476408531405,465.80921244621277,
datasets/german.csv,rf,sex,20,15,0.5,0.75,"['undersampling', 'oversampling']",rf,0.4242162982356225,0.13352253448708887,0.9819551309583339,281.8418185710907,
datasets/german.csv,lr,sex,20,15,0.5,0.75,['undersampling'],lr,,,0.36924420632763694,378.4467284679413,
datasets/german.csv,svc,sex,20,15,0.5,0.75,"['clustering', 'matching']",svc,0.38928390089571885,0.1087854760624305,0.8873532778538682,379.3086862564087,
datasets/german.csv,xgb,sex,20,15,0.5,0.75,"['oversampling', 'undersampling']",xgb,0.4184968173323795,0.1257128508587412,0.9627064855235001,487.8769943714142,
datasets/german.csv,rf,sex,20,15,0.75,0.25,"['clustering', 'min_max_scaling']",rf,0.20607833521931523,0.1931491820418814,0.6053058524805118,293.3972132205963,
datasets/german.csv,lr,sex,20,15,0.75,0.25,"['undersampling', 'ipw']",lr,,,0.3692896760894702,371.99618101119995,
datasets/german.csv,svc,sex,20,15,0.75,0.25,"['undersampling', 'matching']",svc,0.39681934046300016,0.10187148771709005,0.8955101686430904,379.448303937912,
datasets/german.csv,xgb,sex,20,15,0.75,0.25,"['min_max_scaling', 'matching']",xgb,0.3940532604884804,0.09754111987617979,0.8856476408531405,498.05405473709106,
datasets/german.csv,rf,sex,20,15,0.75,0.5,"['oversampling', 'undersampling']",rf,0.4242162982356225,0.13352253448708887,0.9819551309583339,309.0705683231354,
datasets/german.csv,lr,sex,20,15,0.75,0.5,['stratified_sampling'],lr,,,0.3678416595467168,368.42232871055603,
datasets/german.csv,svc,sex,20,15,0.75,0.5,"['undersampling', 'stratified_sampling']",svc,0.373845613914273,0.12217745795776712,0.8698686857863132,402.3610053062439,
datasets/german.csv,xgb,sex,20,15,0.75,0.5,"['matching', 'standard']",xgb,0.3940532604884804,0.09754111987617979,0.8856476408531405,543.6943769454956,
datasets/german.csv,rf,sex,20,15,0.75,0.75,"['undersampling', 'oversampling']",rf,0.4242162982356225,0.13352253448708887,0.9819551309583339,312.23884177207947,
datasets/german.csv,lr,sex,20,15,0.75,0.75,['matching'],lr,0.3701707549325245,0.0,0.740341509865049,367.64659333229065,
datasets/german.csv,svc,sex,20,15,0.75,0.75,"['clustering', 'oversampling']",svc,0.23426653097129424,0.21433362515406174,0.6828666870966502,405.72689485549927,
datasets/german.csv,xgb,sex,20,15,0.75,0.75,['matching'],xgb,0.3940532604884804,0.09754111987617979,0.8856476408531405,550.2747421264648,
datasets/german.csv,rf,age,5,5,0.25,0.5,"['clustering', 'min_max_scaling', 'ipw', 'matching', 'undersampling', 'oversampling']",rf,0.4156353187053044,0.14624560879229456,0.9775162462029033,578.6313781738281,
datasets/german.csv,lr,age,5,5,0.25,0.5,"['clustering', 'oversampling', 'undersampling', 'min_max_scaling', 'standard']",lr,0.2568378777708722,0.19042076684251621,0.7040965223842606,156.72075486183167,
datasets/german.csv,svc,age,5,5,0.25,0.5,"['undersampling', 'matching', 'stratified_sampling', 'clustering']",svc,0.18569143819143819,0.33465608465608465,0.706038961038961,183.55024194717407,
datasets/german.csv,xgb,age,5,5,0.25,0.5,"['undersampling', 'oversampling', 'standard', 'stratified_sampling']",xgb,0.3501451891362605,0.19666666666666668,0.8969570449391877,838.808051109314,
datasets/german.csv,rf,age,5,5,0.25,0.25,"['min_max_scaling', 'matching', 'clustering', 'ipw', 'stratified_sampling', 'oversampling']",rf,-inf,inf,0.5596969696969698,1136.9111959934235,
datasets/german.csv,lr,age,5,5,0.25,0.25,"['ipw', 'clustering', 'undersampling', 'min_max_scaling', 'matching', 'oversampling']",lr,0.39222792408209073,0.11393650793650795,0.8983923561006895,125.42659306526184,
datasets/german.csv,svc,age,5,5,0.25,0.25,"['standard', 'stratified_sampling', 'ipw', 'matching']",svc,-0.1793022486772487,1.0037037037037038,0.6450992063492064,154.44146084785461,
datasets/german.csv,xgb,age,5,5,0.25,0.25,['oversampling'],xgb,0.4737594582058432,0.0436115846062863,0.9911305010179727,657.6171367168427,
datasets/german.csv,rf,age,5,5,0.25,0.75,"['stratified_sampling', 'standard', 'min_max_scaling', 'undersampling', 'clustering']",rf,0.08007936507936514,0.5476190476190476,0.7077777777777778,823.7382774353027,
datasets/german.csv,lr,age,5,5,0.25,0.75,"['stratified_sampling', 'undersampling', 'oversampling', 'min_max_scaling', 'ipw', 'matching', 'clustering', 'standard']",lr,-inf,inf,0.766,121.20489597320557,
datasets/german.csv,svc,age,5,5,0.25,0.75,"['undersampling', 'matching', 'oversampling']",svc,0.315029511383678,0.2140079365079365,0.8440669592752925,221.65336894989014,
datasets/german.csv,xgb,age,5,5,0.25,0.75,"['oversampling', 'standard']",xgb,0.4737594582058432,0.0436115846062863,0.9911305010179727,1298.1402790546417,
datasets/german.csv,rf,age,5,5,0.5,0.25,"['standard', 'stratified_sampling']",rf,0.13653535353535348,0.4000000000000001,0.673070707070707,1262.0766816139221,
datasets/german.csv,lr,age,5,5,0.5,0.25,['standard'],lr,0.17437473978904733,0.2481832035108437,0.5969326830889383,166.74920296669006,
datasets/german.csv,svc,age,5,5,0.5,0.25,"['matching', 'min_max_scaling', 'oversampling', 'stratified_sampling']",svc,-inf,inf,0.6140476190476191,314.29235434532166,
datasets/german.csv,xgb,age,5,5,0.5,0.25,['standard'],xgb,0.20899953284618844,0.18992685202651194,0.6079259177188888,874.0329260826111,
datasets/german.csv,rf,age,5,10,0.5,0.5,"['undersampling', 'stratified_sampling', 'standard', 'ipw', 'min_max_scaling']",rf,0.04321428571428576,0.5952380952380952,0.6816666666666668,1199.5291340351105,
datasets/german.csv,lr,age,5,10,0.5,0.5,"['matching', 'standard', 'stratified_sampling', 'clustering', 'oversampling', 'min_max_scaling']",lr,0.28194351035752147,0.1514831044091537,0.7153701251241966,421.72973132133484,
datasets/german.csv,svc,age,5,10,0.5,0.5,"['matching', 'ipw', 'undersampling']",svc,0.21314919031585697,0.35853968253968255,0.7848380631713965,457.82259225845337,
datasets/german.csv,xgb,age,5,10,0.5,0.5,['oversampling'],xgb,0.4737594582058432,0.0436115846062863,0.9911305010179727,613.8371458053589,
datasets/german.csv,rf,age,5,10,0.25,0.25,"['ipw', 'matching', 'oversampling']",rf,0.4353789214200262,0.11079228366939474,0.9815501265094472,662.8361825942993,
datasets/german.csv,lr,age,5,10,0.25,0.25,"['min_max_scaling', 'oversampling', 'matching', 'ipw', 'standard', 'clustering']",lr,0.2595458631677266,0.19794787343184883,0.717039599767302,230.46154308319092,
datasets/german.csv,svc,age,5,10,0.25,0.25,"['min_max_scaling', 'matching', 'stratified_sampling']",svc,0.03121729196729195,0.513888888888889,0.5763234728234728,249.7490153312683,
datasets/german.csv,xgb,age,5,10,0.25,0.25,"['undersampling', 'matching', 'ipw', 'clustering', 'stratified_sampling', 'oversampling', 'min_max_scaling']",xgb,0.4206625112366656,0.13000584511609334,0.9713308675894246,1618.9701437950134,
datasets/german.csv,rf,age,5,5,0.75,0.5,"['undersampling', 'oversampling', 'matching', 'ipw', 'min_max_scaling', 'standard']",rf,0.11271730914588057,0.5632275132275132,0.7886621315192743,1235.3829889297485,
datasets/german.csv,lr,age,5,5,0.75,0.5,"['ipw', 'oversampling', 'standard']",lr,0.4365576807609301,0.06589912120182749,0.9390144827236877,336.34203338623047,
datasets/german.csv,svc,age,5,5,0.75,0.5,"['undersampling', 'clustering', 'matching']",svc,0.265649190315857,0.28393650793650793,0.8152348885682219,225.75719833374023,
datasets/german.csv,xgb,age,5,5,0.75,0.5,"['min_max_scaling', 'oversampling']",xgb,0.4737594582058432,0.0436115846062863,0.9911305010179727,1048.9145214557648,
datasets/german.csv,rf,age,5,5,0.5,0.5,"['matching', 'ipw', 'standard', 'undersampling']",rf,0.14707142857142852,0.43333333333333335,0.7274761904761904,1412.8045525550842,
datasets/german.csv,lr,age,5,5,0.5,0.5,"['undersampling', 'ipw', 'stratified_sampling', 'oversampling']",lr,0.39934676700497374,0.0359236076897354,0.8346171416996828,391.0180802345276,
datasets/german.csv,svc,age,5,5,0.5,0.5,"['undersampling', 'clustering', 'oversampling']",svc,-0.05373280423280419,0.6195767195767196,0.5121111111111112,257.95656156539917,
datasets/german.csv,xgb,age,5,5,0.5,0.5,"['undersampling', 'standard', 'min_max_scaling', 'clustering', 'matching', 'oversampling', 'ipw']",xgb,0.3287089646464646,0.23714285714285718,0.8945607864357864,841.826420545578,
datasets/german.csv,rf,age,5,5,0.75,0.25,"['ipw', 'oversampling', 'clustering']",rf,0.4899363434968052,0.01583416314436561,0.995706850137976,1196.6226568222046,
datasets/german.csv,lr,age,5,5,0.75,0.25,"['oversampling', 'standard', 'undersampling']",lr,0.25742484805222055,0.1874378129342854,0.7022875090387265,344.7696268558502,
datasets/german.csv,svc,age,5,5,0.75,0.25,"['undersampling', 'ipw', 'oversampling', 'clustering', 'min_max_scaling', 'stratified_sampling']",svc,0.3260966252662682,0.2413227513227513,0.8935160018552877,207.4049756526947,
datasets/german.csv,xgb,age,5,5,0.75,0.25,"['matching', 'stratified_sampling', 'clustering', 'min_max_scaling', 'undersampling']",xgb,-inf,inf,0.7701136363636364,1417.4710128307343,
datasets/german.csv,rf,age,5,5,0.75,0.75,"['min_max_scaling', 'matching', 'undersampling']",rf,0.3282369328202662,0.18777777777777774,0.8442516434183102,1161.030437707901,
datasets/german.csv,lr,age,5,5,0.75,0.75,"['oversampling', 'undersampling', 'ipw', 'clustering', 'min_max_scaling', 'matching']",lr,0.39222792408209073,0.11393650793650795,0.8983923561006895,261.42266821861267,
datasets/german.csv,svc,age,5,5,0.75,0.75,"['matching', 'oversampling', 'clustering', 'standard', 'undersampling', 'ipw']",svc,0.26997555089351616,0.17894272439570838,0.7188938261827407,370.3794460296631,
datasets/german.csv,xgb,age,5,5,0.75,0.75,"['undersampling', 'stratified_sampling', 'matching', 'standard']",xgb,0.09071789321789323,0.3408730158730158,0.5223088023088023,1423.055932044983,
datasets/german.csv,rf,age,5,10,0.75,0.25,['ipw'],rf,0.16704993484543582,0.2571336647352473,0.5912335344261189,940.7888238430023,
datasets/german.csv,lr,age,5,10,0.75,0.25,['ipw'],lr,-inf,inf,0.385444230781549,186.35313320159912,
datasets/german.csv,svc,age,5,10,0.75,0.25,"['stratified_sampling', 'standard', 'matching', 'oversampling']",svc,0.10723015873015876,0.4242063492063492,0.6386666666666667,450.8882052898407,
datasets/german.csv,xgb,age,5,10,0.75,0.25,"['min_max_scaling', 'clustering', 'oversampling', 'standard']",xgb,0.4737594582058432,0.0436115846062863,0.9911305010179727,1591.4899003505707,
datasets/german.csv,rf,age,5,10,0.25,0.5,"['min_max_scaling', 'matching']",rf,0.41721664644528034,0.0514001531482679,0.8858334460388285,1742.262199163437,
datasets/german.csv,lr,age,5,10,0.25,0.5,"['stratified_sampling', 'matching', 'min_max_scaling']",lr,-inf,inf,0.6391269841269841,359.6241178512573,
datasets/german.csv,svc,age,5,10,0.25,0.5,"['undersampling', 'min_max_scaling', 'standard']",svc,0.07986772486772489,0.3455026455026455,0.5052380952380953,308.793869972229,
datasets/german.csv,xgb,age,5,10,0.25,0.5,"['ipw', 'clustering']",xgb,0.2195027795221292,0.16643115864667704,0.6054367176909354,894.6861543655396,
datasets/german.csv,rf,age,5,10,0.5,0.25,"['clustering', 'undersampling']",rf,-inf,inf,0.5966269841269841,1122.7085664272308,
datasets/german.csv,lr,age,5,10,0.5,0.25,"['ipw', 'clustering', 'matching', 'undersampling']",lr,-inf,inf,0.6233650793650793,312.11492443084717,
datasets/german.csv,svc,age,5,10,0.5,0.25,"['min_max_scaling', 'oversampling', 'clustering', 'undersampling', 'standard', 'ipw']",svc,0.25191660194899673,0.20125903775309092,0.7050922416510844,424.76510643959045,
datasets/german.csv,xgb,age,5,10,0.5,0.25,"['stratified_sampling', 'clustering']",xgb,0.05024074074074075,0.4185185185185185,0.519,1626.992057800293,
datasets/german.csv,rf,age,5,15,0.25,0.5,"['min_max_scaling', 'clustering', 'ipw']",rf,0.13099864427429445,0.32855929566485514,0.590556584213444,1321.2357876300812,
datasets/german.csv,lr,age,5,15,0.25,0.5,"['clustering', 'ipw']",lr,-inf,inf,0.38536082661126164,463.2803752422333,
datasets/german.csv,svc,age,5,15,0.25,0.5,"['min_max_scaling', 'oversampling', 'clustering']",svc,0.426459973425025,0.08182996718862467,0.9347499140386747,470.2263128757477,
datasets/german.csv,xgb,age,5,15,0.25,0.5,"['matching', 'undersampling', 'stratified_sampling', 'clustering', 'oversampling', 'standard']",xgb,0.25337534786641935,0.34847619047619044,0.8552268862090291,1201.23544383049,
datasets/german.csv,rf,sex,20,20,0.25,0.25,"['stratified_sampling', 'clustering', 'undersampling', 'min_max_scaling']",rf,0.19873343873777138,0.20335669239402573,0.6008235698695685,449.2878472805023,
datasets/german.csv,lr,sex,20,20,0.25,0.25,['standard'],lr,0.18569242458192514,0.23342352191533292,0.6048083710791832,504.15823459625244,
datasets/german.csv,svc,sex,20,20,0.25,0.25,['matching'],svc,0.3854769731754304,0.11625719845203453,0.8872111448028953,748.4729766845703,
datasets/german.csv,xgb,sex,20,20,0.25,0.25,"['clustering', 'matching', 'min_max_scaling']",xgb,0.39354378154750613,0.09737099747074311,0.8844585605657553,2159.377922773361,
datasets/german.csv,rf,sex,20,20,0.25,0.5,"['stratified_sampling', 'undersampling', 'ipw']",rf,0.4066199967738566,0.07150945326986179,0.884749446817575,458.15418004989624,
datasets/german.csv,lr,sex,20,20,0.25,0.5,"['min_max_scaling', 'undersampling', 'ipw', 'clustering', 'stratified_sampling']",lr,0.3667309310172557,0.1398803839237851,0.8733422459582965,504.42201113700867,
datasets/german.csv,svc,sex,20,20,0.25,0.5,"['matching', 'undersampling']",svc,0.39681934046300016,0.10187148771709005,0.8955101686430904,765.6306645870209,
datasets/german.csv,xgb,sex,20,20,0.25,0.5,"['undersampling', 'matching', 'min_max_scaling']",xgb,0.3799154136384374,0.1300587918496031,0.8898896191264779,2237.0928616523743,
datasets/german.csv,rf,age,10,5,0.25,0.5,"['ipw', 'min_max_scaling', 'standard']",rf,0.15301312639519005,0.28527502067858435,0.5913012734689644,836.4832532405853,
datasets/german.csv,lr,age,10,5,0.25,0.5,"['undersampling', 'min_max_scaling', 'clustering', 'matching']",lr,0.35437053070386404,0.15726984126984125,0.8660109026775693,365.71071553230286,
datasets/german.csv,svc,age,10,5,0.25,0.5,"['standard', 'clustering', 'min_max_scaling', 'matching', 'ipw', 'oversampling']",svc,0.28897335026612603,0.14131244679516033,0.7192591473274124,539.3422894477844,
datasets/german.csv,xgb,age,10,5,0.25,0.5,"['oversampling', 'clustering', 'standard']",xgb,0.4766455061770242,0.03775152368051244,0.9910425360345609,1346.3814554214478,
datasets/german.csv,rf,age,5,10,0.25,0.75,"['undersampling', 'clustering']",rf,-inf,inf,0.5966269841269841,2230.5807416439056,
datasets/german.csv,lr,age,5,10,0.25,0.75,"['ipw', 'min_max_scaling']",lr,,,0.46164124298829706,298.875216960907,
datasets/german.csv,svc,age,5,10,0.25,0.75,"['matching', 'oversampling', 'min_max_scaling', 'ipw', 'clustering', 'stratified_sampling']",svc,0.34187830687830695,0.20055555555555557,0.8843121693121695,500.46754574775696,
datasets/german.csv,xgb,age,5,10,0.25,0.75,"['stratified_sampling', 'ipw', 'standard', 'matching', 'undersampling', 'min_max_scaling', 'clustering']",xgb,0.22760052910052905,0.2624338624338625,0.7176349206349206,822.0376513004303,
datasets/german.csv,rf,sex,20,20,0.25,0.75,"['undersampling', 'oversampling', 'ipw']",rf,0.44694192629768004,0.07808142810662272,0.9719652807019828,463.9829308986664,
datasets/german.csv,lr,sex,20,20,0.25,0.75,"['min_max_scaling', 'undersampling', 'matching']",lr,0.39534855359879073,0.10695847504136476,0.8976555822389463,505.87082409858704,
datasets/german.csv,svc,sex,20,20,0.25,0.75,['matching'],svc,0.3854769731754304,0.11625719845203453,0.8872111448028953,788.9655995368958,
datasets/german.csv,xgb,sex,20,20,0.25,0.75,"['standard', 'matching']",xgb,0.3940532604884804,0.09754111987617979,0.8856476408531405,2296.1874194145203,
datasets/german.csv,rf,sex,20,20,0.5,0.25,"['oversampling', 'undersampling']",rf,0.4242162982356225,0.13352253448708887,0.9819551309583339,464.49703073501587,
datasets/german.csv,lr,sex,20,20,0.5,0.25,"['ipw', 'matching', 'stratified_sampling']",lr,,,0.38515429652015626,506.56040143966675,
datasets/german.csv,svc,sex,20,20,0.5,0.25,['matching'],svc,0.3854769731754304,0.11625719845203453,0.8872111448028953,791.9215788841248,
datasets/german.csv,xgb,sex,20,20,0.5,0.25,"['min_max_scaling', 'matching']",xgb,0.3940532604884804,0.09754111987617979,0.8856476408531405,2310.3738787174225,
datasets/german.csv,rf,age,5,15,0.25,0.25,"['min_max_scaling', 'matching', 'clustering']",rf,0.4122196867918175,0.067210934852784,0.8916503084364189,1710.1243801116943,
datasets/german.csv,lr,age,5,15,0.25,0.25,"['min_max_scaling', 'clustering']",lr,0.1769366589379095,0.249701309694378,0.603574627570197,591.840169429779,
datasets/german.csv,svc,age,5,15,0.25,0.25,"['clustering', 'undersampling']",svc,-inf,inf,0.5189285714285714,618.41561460495,
datasets/german.csv,xgb,age,5,15,0.25,0.25,"['ipw', 'clustering', 'oversampling', 'min_max_scaling', 'matching', 'stratified_sampling', 'standard']",xgb,-inf,inf,0.7701136363636364,896.7475850582123,
datasets/german.csv,rf,sex,20,20,0.5,0.5,"['undersampling', 'oversampling']",rf,0.4242162982356225,0.13352253448708887,0.9819551309583339,467.5296058654785,
datasets/german.csv,lr,sex,20,20,0.5,0.5,['matching'],lr,0.3701707549325245,0.0,0.740341509865049,509.7224168777466,
datasets/german.csv,svc,sex,20,20,0.5,0.5,"['undersampling', 'stratified_sampling', 'standard']",svc,0.36572765596075163,0.13865624986290628,0.8701115617844095,803.5744605064392,
datasets/german.csv,xgb,sex,20,20,0.5,0.5,"['oversampling', 'standard']",xgb,0.3649591305557743,0.20010607132027947,0.930024332431828,2357.245593070984,
datasets/german.csv,rf,age,5,15,0.25,0.75,"['oversampling', 'stratified_sampling']",rf,0.4309514580896141,0.11799396439641148,0.9798968805756397,1405.9846329689026,
datasets/german.csv,lr,age,5,15,0.25,0.75,"['ipw', 'min_max_scaling']",lr,,,0.46164124298829706,437.7516767978668,
datasets/german.csv,svc,age,5,15,0.25,0.75,"['ipw', 'matching', 'oversampling']",svc,0.2500609656621972,0.20156170585237135,0.7016836371767657,652.017251253128,
datasets/german.csv,xgb,age,5,15,0.25,0.75,"['oversampling', 'ipw', 'stratified_sampling']",xgb,0.42287587172364627,0.13485460550747852,0.9806063489547711,1257.7782278060913,
datasets/german.csv,rf,sex,20,20,0.5,0.75,"['min_max_scaling', 'matching']",rf,0.4047665528754561,0.07921064762973791,0.8887437533806501,470.0101263523102,
datasets/german.csv,lr,sex,20,20,0.5,0.75,['matching'],lr,0.3701707549325245,0.0,0.740341509865049,510.08853697776794,
datasets/german.csv,svc,sex,20,20,0.5,0.75,['matching'],svc,0.3854769731754304,0.11625719845203453,0.8872111448028953,809.7025065422058,
datasets/german.csv,xgb,sex,20,20,0.5,0.75,"['undersampling', 'oversampling']",xgb,0.4184968173323795,0.1257128508587412,0.9627064855235001,2377.0928115844727,
datasets/german.csv,rf,sex,20,20,0.75,0.25,['standard'],rf,0.21060005349894423,0.18751639289097985,0.6087164998888683,472.39127492904663,
datasets/german.csv,lr,sex,20,20,0.75,0.25,['stratified_sampling'],lr,,,0.3678416595467168,513.7129900455475,
datasets/german.csv,svc,sex,20,20,0.75,0.25,['matching'],svc,0.3854769731754304,0.11625719845203453,0.8872111448028953,817.767897605896,
datasets/german.csv,xgb,sex,20,20,0.75,0.25,"['matching', 'standard']",xgb,0.3940532604884804,0.09754111987617979,0.8856476408531405,2377.1846780776978,
datasets/german.csv,rf,age,5,5,0.5,0.75,"['undersampling', 'stratified_sampling']",rf,0.3329582102201149,0.18166666666666667,0.8475830871068964,2581.236345052719,
datasets/german.csv,lr,age,5,5,0.5,0.75,"['ipw', 'matching', 'min_max_scaling']",lr,0.41265393751831725,0.0,0.8253078750366345,151.59475111961365,
datasets/german.csv,svc,age,5,5,0.5,0.75,"['min_max_scaling', 'oversampling', 'ipw']",svc,0.42645580483222917,0.08182996718862467,0.934741576853083,407.2270166873932,
datasets/german.csv,xgb,age,5,5,0.5,0.75,"['clustering', 'min_max_scaling', 'undersampling', 'standard', 'oversampling', 'ipw']",xgb,0.41713205268583375,0.13715527761044136,0.9714193829821088,989.8864331245422,
datasets/german.csv,rf,age,10,5,0.75,0.5,"['stratified_sampling', 'ipw', 'clustering', 'standard', 'oversampling', 'matching']",rf,0.4287363365627515,0.12517745091951057,0.9826501240450136,1146.8114128112793,
datasets/german.csv,lr,age,10,5,0.75,0.5,"['stratified_sampling', 'matching', 'standard', 'undersampling']",lr,0.3712203669346526,0.16555555555555557,0.9079962894248608,409.38160133361816,
datasets/german.csv,svc,age,10,5,0.75,0.5,"['matching', 'ipw', 'min_max_scaling']",svc,0.38686128692932537,0.11360967970112028,0.887332253559771,484.8221175670624,
datasets/german.csv,xgb,age,10,5,0.75,0.5,"['stratified_sampling', 'oversampling', 'standard', 'clustering', 'matching']",xgb,0.4297706678856323,0.11751590184510204,0.9770572376163666,1178.2843880653381,
datasets/german.csv,rf,age,10,5,0.75,0.25,"['min_max_scaling', 'ipw', 'matching']",rf,0.42089441348449463,0.04642156184305668,0.888210388812046,431.15736842155457,
datasets/german.csv,lr,age,10,5,0.75,0.25,"['min_max_scaling', 'ipw', 'oversampling', 'standard']",lr,0.43495727627858227,0.06884902783739576,0.9387635803945603,353.88504815101624,
datasets/german.csv,svc,age,10,5,0.75,0.25,"['ipw', 'clustering', 'oversampling']",svc,0.4315709711484481,0.07493866753797902,0.9380806098348753,659.5880906581879,
datasets/german.csv,xgb,age,10,5,0.75,0.25,"['standard', 'clustering', 'oversampling']",xgb,0.4766455061770242,0.03775152368051244,0.9910425360345609,1781.798306941986,
datasets/german.csv,rf,sex,20,20,0.75,0.5,"['oversampling', 'undersampling']",rf,0.4242162982356225,0.13352253448708887,0.9819551309583339,473.67540073394775,
datasets/german.csv,lr,sex,20,20,0.75,0.5,['oversampling'],lr,,,0.3831147233819078,518.1749787330627,
datasets/german.csv,svc,sex,20,20,0.75,0.5,['matching'],svc,0.3854769731754304,0.11625719845203453,0.8872111448028953,829.5381805896759,
datasets/german.csv,xgb,sex,20,20,0.75,0.5,"['oversampling', 'undersampling']",xgb,0.4184968173323795,0.1257128508587412,0.9627064855235001,2381.977137565613,
datasets/german.csv,rf,age,10,5,0.25,0.25,"['stratified_sampling', 'undersampling', 'clustering', 'ipw']",rf,0.3215869580155294,0.1614814814814815,0.8046553975125403,2057.5941257476807,
datasets/german.csv,lr,age,10,5,0.25,0.25,"['min_max_scaling', 'stratified_sampling', 'oversampling', 'matching']",lr,0.43445309100071006,0.037777777777777785,0.9066839597791979,422.6865904331207,
datasets/german.csv,svc,age,10,5,0.25,0.25,"['min_max_scaling', 'ipw', 'matching', 'undersampling', 'oversampling']",svc,0.37017699815616484,0.14676190476190476,0.8871159010742344,520.1469359397888,
datasets/german.csv,xgb,age,10,5,0.25,0.25,"['ipw', 'min_max_scaling', 'standard', 'matching', 'stratified_sampling', 'undersampling']",xgb,-inf,inf,0.5230952380952381,559.9428837299347,
datasets/german.csv,rf,age,5,10,0.75,0.75,['oversampling'],rf,0.4903288606769363,0.014688997186892242,0.9953467185407648,1375.32839179039,
datasets/german.csv,lr,age,5,10,0.75,0.75,"['min_max_scaling', 'clustering', 'matching', 'undersampling', 'ipw', 'oversampling', 'stratified_sampling', 'standard']",lr,-inf,inf,0.766,239.09265613555908,
datasets/german.csv,svc,age,5,10,0.75,0.75,"['min_max_scaling', 'oversampling']",svc,0.42646142874107046,0.08182996718862467,0.9347528246707656,563.8043901920319,
datasets/german.csv,xgb,age,5,10,0.75,0.75,['oversampling'],xgb,0.4737594582058432,0.0436115846062863,0.9911305010179727,1819.2189013957977,
datasets/german.csv,rf,sex,20,20,0.75,0.75,"['undersampling', 'oversampling']",rf,0.4242162982356225,0.13352253448708887,0.9819551309583339,481.9242684841156,
datasets/german.csv,lr,sex,20,20,0.75,0.75,"['clustering', 'standard', 'min_max_scaling', 'matching']",lr,0.38626065753338884,0.1214351572232893,0.893956472290067,529.0610926151276,
datasets/german.csv,svc,sex,20,20,0.75,0.75,['matching'],svc,0.3854769731754304,0.11625719845203453,0.8872111448028953,858.297162771225,
datasets/german.csv,xgb,sex,20,20,0.75,0.75,['matching'],xgb,0.3940532604884804,0.09754111987617979,0.8856476408531405,2430.358652114868,
datasets/german.csv,rf,age,5,20,0.75,0.25,"['standard', 'stratified_sampling']",rf,0.13653535353535348,0.4000000000000001,0.673070707070707,717.7839515209198,
datasets/german.csv,lr,age,5,20,0.75,0.25,"['ipw', 'standard']",lr,0.17706267682305998,0.24379243415734556,0.5979177878034655,405.97760248184204,
datasets/german.csv,svc,age,5,20,0.75,0.25,['oversampling'],svc,0.4252993324148415,0.08438316266722455,0.9349818274969076,462.95436215400696,
datasets/german.csv,xgb,age,5,20,0.75,0.25,"['stratified_sampling', 'ipw', 'undersampling', 'min_max_scaling', 'standard']",xgb,0.3239603518174947,0.14166666666666666,0.789587370301656,2071.4771213531494,
datasets/german.csv,rf,age,5,15,0.75,0.5,"['undersampling', 'clustering']",rf,-inf,inf,0.5966269841269841,1298.9748198986053,
datasets/german.csv,lr,age,5,15,0.75,0.5,['matching'],lr,0.3701707549325245,0.0,0.740341509865049,451.9831886291504,
datasets/german.csv,svc,age,5,15,0.75,0.5,"['stratified_sampling', 'undersampling', 'matching', 'clustering']",svc,0.18569143819143819,0.33465608465608465,0.706038961038961,645.33811378479,
datasets/german.csv,xgb,age,5,15,0.75,0.5,"['oversampling', 'min_max_scaling', 'stratified_sampling', 'matching', 'standard']",xgb,0.4756667070957066,0.041531454063988615,0.9928648682554018,1483.2654075622559,
datasets/german.csv,rf,age,5,15,0.75,0.25,"['matching', 'clustering', 'stratified_sampling']",rf,0.09024170274170265,0.4055555555555556,0.5860389610389609,1456.7580547332764,
datasets/german.csv,lr,age,5,15,0.75,0.25,"['matching', 'undersampling', 'clustering', 'stratified_sampling']",lr,,,0.3513246753246753,487.04510593414307,
datasets/german.csv,svc,age,5,15,0.75,0.25,"['standard', 'clustering', 'min_max_scaling']",svc,0.16218900388584565,0.2811265148379633,0.6055045226096546,564.4475708007812,
datasets/german.csv,xgb,age,5,15,0.75,0.25,"['stratified_sampling', 'undersampling']",xgb,0.3239603518174947,0.14166666666666666,0.789587370301656,1455.0615603923798,
datasets/german.csv,rf,age,10,5,0.5,0.25,"['undersampling', 'min_max_scaling', 'stratified_sampling', 'ipw']",rf,0.34807820266153594,0.12666666666666668,0.8228230719897386,2172.111400127411,
datasets/german.csv,lr,age,10,5,0.5,0.25,"['matching', 'ipw', 'undersampling']",lr,0.28389459074875734,0.2750476190476191,0.8428368005451338,408.39840054512024,
datasets/german.csv,svc,age,10,5,0.5,0.25,"['clustering', 'undersampling', 'stratified_sampling', 'ipw']",svc,0.3215568954854669,0.19222222222222218,0.835336013193156,361.05351758003235,
datasets/german.csv,xgb,age,10,5,0.5,0.25,"['min_max_scaling', 'oversampling', 'standard', 'stratified_sampling']",xgb,0.42287587172364627,0.13485460550747852,0.9806063489547711,601.0358862876892,
datasets/german.csv,rf,age,5,20,0.25,0.75,['matching'],rf,0.4160703111177943,0.05346028228466821,0.8856009045202569,327.8904321193695,
datasets/german.csv,lr,age,5,20,0.25,0.75,"['matching', 'min_max_scaling', 'standard', 'ipw']",lr,0.3926254135753337,0.1087018850609094,0.8939527122115768,848.4700918197632,
datasets/german.csv,svc,age,5,20,0.25,0.75,"['matching', 'undersampling', 'stratified_sampling', 'ipw', 'clustering']",svc,0.3286973590783115,0.2406296296296296,0.8980243477862526,837.763377904892,
datasets/german.csv,xgb,age,5,20,0.25,0.75,"['matching', 'oversampling', 'ipw']",xgb,0.4408888579929784,0.09507517398947328,0.9768528899754301,1834.8482179641724,
datasets/german.csv,rf,age,5,10,0.75,0.5,"['min_max_scaling', 'oversampling']",rf,0.4897704679177971,0.01578244931914524,0.9953233851547394,2992.053001642227,
datasets/german.csv,lr,age,5,10,0.75,0.5,['standard'],lr,0.17437473978904733,0.2481832035108437,0.5969326830889383,380.35869312286377,
datasets/german.csv,svc,age,5,10,0.75,0.5,"['matching', 'undersampling', 'ipw', 'standard', 'min_max_scaling']",svc,0.14134523809523805,0.43111111111111117,0.7138015873015873,497.3734610080719,
datasets/german.csv,xgb,age,5,10,0.75,0.5,"['min_max_scaling', 'standard', 'ipw']",xgb,0.19877520141428823,0.2111354913311024,0.6086858941596789,379.30729818344116,
datasets/german.csv,rf,age,5,15,0.5,0.25,"['undersampling', 'min_max_scaling', 'ipw']",rf,-inf,inf,0.5768650793650794,2116.14475440979,
datasets/german.csv,lr,age,5,15,0.5,0.25,"['undersampling', 'standard']",lr,0.08497354497354495,0.4767195767195768,0.6466666666666667,500.25992584228516,
datasets/german.csv,svc,age,5,15,0.5,0.25,"['undersampling', 'min_max_scaling', 'oversampling', 'matching', 'stratified_sampling']",svc,0.06381944444444443,0.5777777777777778,0.7054166666666667,608.8329954147339,
datasets/german.csv,xgb,age,5,15,0.5,0.25,"['ipw', 'stratified_sampling', 'min_max_scaling', 'matching']",xgb,-inf,inf,0.5296428571428572,867.3239662647247,
datasets/german.csv,rf,age,5,15,0.5,0.5,"['matching', 'standard', 'ipw', 'min_max_scaling', 'oversampling']",rf,0.43470587127487326,0.1120440874211985,0.981455829970945,1793.103844165802,
datasets/german.csv,lr,age,5,15,0.5,0.5,['matching'],lr,0.3701707549325245,0.0,0.740341509865049,446.6621296405792,
datasets/german.csv,svc,age,5,15,0.5,0.5,"['stratified_sampling', 'standard', 'clustering']",svc,0.09723376623376623,0.38055555555555554,0.575023088023088,653.881433725357,
datasets/german.csv,xgb,age,5,15,0.5,0.5,"['clustering', 'ipw', 'undersampling', 'stratified_sampling', 'min_max_scaling', 'matching']",xgb,0.3498806088091802,0.14629629629629629,0.8460575139146567,1193.6572399139404,
datasets/german.csv,rf,age,10,5,0.5,0.75,"['ipw', 'min_max_scaling', 'clustering', 'oversampling', 'stratified_sampling', 'standard']",rf,0.4352690754538294,0.1106541484062658,0.9811922993139246,1544.945461988449,
datasets/german.csv,lr,age,10,5,0.5,0.75,"['matching', 'standard', 'clustering', 'min_max_scaling']",lr,0.41243910354528884,0.08296990801388625,0.907848115104464,329.6024615764618,
datasets/german.csv,svc,age,10,5,0.5,0.75,"['standard', 'min_max_scaling', 'stratified_sampling', 'undersampling', 'oversampling']",svc,0.31559775905311616,0.2724338624338625,0.9036293805400948,543.5078766345978,
datasets/german.csv,xgb,age,10,5,0.5,0.75,"['min_max_scaling', 'matching', 'oversampling', 'standard', 'ipw']",xgb,0.43291899221031627,0.11152404194657785,0.9773620263672104,1210.6908338069916,
datasets/german.csv,rf,age,5,20,0.5,0.25,"['oversampling', 'stratified_sampling']",rf,0.4309514580896141,0.11799396439641148,0.9798968805756397,1201.0877459049225,
datasets/german.csv,lr,age,5,20,0.5,0.25,"['oversampling', 'clustering']",lr,0.374579610544513,0.07395286396392038,0.8231120850529464,598.1490228176117,
datasets/german.csv,svc,age,5,20,0.5,0.25,"['standard', 'oversampling', 'clustering']",svc,0.4261992501534888,0.082245768527917,0.9346442688348946,748.3992218971252,
datasets/german.csv,xgb,age,5,20,0.5,0.25,"['undersampling', 'stratified_sampling', 'oversampling', 'min_max_scaling']",xgb,0.3501451891362605,0.19666666666666668,0.8969570449391877,1372.0791592597961,
datasets/german.csv,rf,age,10,5,0.75,0.75,"['matching', 'oversampling', 'ipw', 'stratified_sampling']",rf,0.4298455897133383,0.12273764968423469,0.9824288291109113,1972.964767217636,
datasets/german.csv,lr,age,10,5,0.75,0.75,"['min_max_scaling', 'matching']",lr,0.39371618945943987,0.1066078679668923,0.894040246885772,373.915470123291,
datasets/german.csv,svc,age,10,5,0.75,0.75,"['oversampling', 'min_max_scaling', 'clustering']",svc,0.426459973425025,0.08182996718862467,0.9347499140386747,566.3581967353821,
datasets/german.csv,xgb,age,10,5,0.75,0.75,"['matching', 'clustering', 'standard', 'ipw', 'min_max_scaling']",xgb,0.38951225244522875,0.08397667311806234,0.8630011780085198,676.4323937892914,
datasets/german.csv,rf,age,10,5,0.25,0.75,"['min_max_scaling', 'matching', 'oversampling', 'clustering']",rf,0.4370391794572128,0.1065599521560251,0.9806383110704507,2914.9175288677216,
datasets/german.csv,lr,age,10,5,0.25,0.75,"['matching', 'undersampling', 'ipw', 'oversampling']",lr,0.20057539682539677,0.28555555555555556,0.6867063492063491,375.9203186035156,
datasets/german.csv,svc,age,10,5,0.25,0.75,"['standard', 'matching', 'clustering']",svc,0.38702635443521244,0.11292591792187696,0.8869786267923019,261.0469937324524,
datasets/german.csv,xgb,age,10,5,0.25,0.75,"['ipw', 'min_max_scaling', 'matching', 'undersampling', 'standard']",xgb,0.3343719336219336,0.14711111111111114,0.8158549783549784,156.42353224754333,
datasets/german.csv,rf,age,5,15,0.5,0.75,"['min_max_scaling', 'stratified_sampling', 'oversampling', 'ipw', 'clustering', 'standard']",rf,0.4352690754538294,0.1106541484062658,0.9811922993139246,2253.690728664398,
datasets/german.csv,lr,age,5,15,0.5,0.75,"['ipw', 'min_max_scaling']",lr,,,0.46164124298829706,591.1225538253784,
datasets/german.csv,svc,age,5,15,0.5,0.75,"['standard', 'matching', 'undersampling', 'clustering', 'oversampling', 'min_max_scaling']",svc,0.10769312169312167,0.5298518518518519,0.7452380952380953,671.8318259716034,
datasets/german.csv,xgb,age,5,15,0.5,0.75,"['standard', 'stratified_sampling', 'min_max_scaling', 'clustering', 'oversampling']",xgb,0.44531433315704433,0.10813190725958459,0.9987605735736732,631.6151857376099,
datasets/german.csv,rf,age,5,20,0.25,0.5,"['matching', 'undersampling']",rf,0.3367686788520123,0.18777777777777774,0.8613151354818023,2029.5104942321777,
datasets/german.csv,lr,age,5,20,0.25,0.5,"['standard', 'oversampling', 'ipw']",lr,0.4365576807609301,0.06589912120182749,0.9390144827236877,757.9767935276031,
datasets/german.csv,svc,age,5,20,0.25,0.5,"['stratified_sampling', 'clustering', 'standard', 'ipw']",svc,0.10214646464646468,0.33888888888888885,0.5431818181818182,840.5156807899475,
datasets/german.csv,xgb,age,5,20,0.25,0.5,"['clustering', 'oversampling']",xgb,0.4757928216669581,0.03949135091594437,0.9910769942498605,369.6892440319061,
datasets/german.csv,rf,age,10,10,0.5,0.25,"['min_max_scaling', 'matching']",rf,0.41721664644528034,0.0514001531482679,0.8858334460388285,1283.4844632148743,
datasets/german.csv,lr,age,10,10,0.5,0.25,"['clustering', 'ipw', 'min_max_scaling', 'standard', 'oversampling']",lr,0.4353313501683127,0.06444145213167668,0.9351041524683021,696.2224037647247,
datasets/german.csv,svc,age,10,10,0.5,0.25,"['undersampling', 'oversampling', 'stratified_sampling', 'min_max_scaling']",svc,0.31559775905311616,0.2724338624338625,0.9036293805400948,867.4691002368927,
datasets/german.csv,xgb,age,10,10,0.5,0.25,"['matching', 'stratified_sampling', 'undersampling', 'oversampling', 'standard']",xgb,0.4295974460126997,0.11730097693357781,0.9764958689589772,478.19425082206726,
datasets/german.csv,rf,age,10,10,0.25,0.5,"['min_max_scaling', 'standard', 'clustering', 'ipw', 'oversampling', 'undersampling', 'matching']",rf,0.41098895118722056,0.15583161200281437,0.9778095143772555,1414.8184037208557,
datasets/german.csv,lr,age,10,10,0.25,0.5,"['min_max_scaling', 'ipw', 'clustering', 'standard', 'oversampling', 'undersampling', 'stratified_sampling']",lr,0.41254598278705423,0.11277777777777777,0.9378697433518862,668.7198166847229,
datasets/german.csv,svc,age,10,10,0.25,0.5,"['ipw', 'matching', 'clustering', 'stratified_sampling', 'undersampling']",svc,0.3286973590783115,0.2406296296296296,0.8980243477862526,854.7527992725372,
datasets/german.csv,xgb,age,10,10,0.25,0.5,"['standard', 'stratified_sampling', 'matching', 'oversampling', 'min_max_scaling']",xgb,0.4756667070957066,0.041531454063988615,0.9928648682554018,465.14987111091614,
datasets/german.csv,rf,age,10,10,0.25,0.75,"['oversampling', 'clustering']",rf,0.48890350932105137,0.017351749882065646,0.9951587685241684,1015.0231878757477,
datasets/german.csv,lr,age,10,10,0.25,0.75,"['ipw', 'matching', 'standard']",lr,0.40358217149970543,0.08674428680953723,0.8939086298089481,1033.6853427886963,
datasets/german.csv,svc,age,10,10,0.25,0.75,"['ipw', 'matching', 'stratified_sampling', 'undersampling', 'clustering']",svc,0.3286973590783115,0.2406296296296296,0.8980243477862526,760.7939562797546,
datasets/german.csv,xgb,age,10,10,0.25,0.75,"['min_max_scaling', 'standard', 'clustering', 'oversampling']",xgb,0.4737594582058432,0.0436115846062863,0.9911305010179727,569.1709823608398,
datasets/german.csv,rf,age,10,5,0.5,0.5,"['oversampling', 'matching', 'stratified_sampling']",rf,0.4885911995758359,0.018826553807018333,0.9960089529586902,3027.0249559879303,
datasets/german.csv,lr,age,10,5,0.5,0.5,['matching'],lr,0.3701707549325245,0.0,0.740341509865049,329.94791078567505,
datasets/german.csv,svc,age,10,5,0.5,0.5,"['min_max_scaling', 'standard', 'ipw', 'oversampling']",svc,0.43466445322480224,0.06874335336809907,0.9380722598177036,238.24569058418274,
datasets/german.csv,xgb,age,10,5,0.5,0.5,"['oversampling', 'min_max_scaling', 'stratified_sampling']",xgb,0.42287587172364627,0.13485460550747852,0.9806063489547711,161.1729772090912,
datasets/german.csv,rf,age,5,10,0.5,0.75,"['stratified_sampling', 'undersampling', 'clustering']",rf,0.36224707391374056,0.125,0.8494941478274811,4006.571004152298,
datasets/german.csv,lr,age,5,10,0.5,0.75,"['oversampling', 'min_max_scaling']",lr,0.4281743513042629,0.07913056055981484,0.9354792631683406,266.1817982196808,
datasets/german.csv,svc,age,5,10,0.5,0.75,"['clustering', 'ipw', 'stratified_sampling', 'matching', 'standard']",svc,-0.08629629629629626,0.8703703703703703,0.6977777777777778,150.71557331085205,
datasets/german.csv,xgb,age,5,10,0.5,0.75,"['matching', 'oversampling', 'min_max_scaling', 'undersampling', 'standard', 'ipw']",xgb,0.42575994079477403,0.12172577503010755,0.9732456566196556,83.52072334289551,
datasets/german.csv,rf,age,5,20,0.75,0.5,"['matching', 'ipw']",rf,0.41754460702973006,0.05307287350536741,0.8881620875648275,2335.78839969635,
datasets/german.csv,lr,age,5,20,0.75,0.5,"['undersampling', 'stratified_sampling', 'ipw', 'min_max_scaling']",lr,0.10103174603174603,0.38095238095238093,0.583015873015873,786.6537179946899,
datasets/german.csv,svc,age,5,20,0.75,0.5,"['stratified_sampling', 'standard']",svc,0.0862020202020202,0.39444444444444443,0.5668484848484848,637.704555273056,
datasets/german.csv,xgb,age,5,20,0.75,0.5,['clustering'],xgb,0.2171241983750768,0.1823127142038242,0.6165611109539778,268.88805532455444,
datasets/german.csv,rf,age,10,10,0.75,0.25,"['oversampling', 'min_max_scaling', 'standard']",rf,0.4897704679177971,0.01578244931914524,0.9953233851547394,1893.5040528774261,
datasets/german.csv,lr,age,10,10,0.75,0.25,"['stratified_sampling', 'clustering']",lr,,,0.32242712842712845,767.0671768188477,
datasets/german.csv,svc,age,10,10,0.75,0.25,"['ipw', 'matching']",svc,0.39104135709409427,0.10629086950078803,0.8883735836889766,457.6900825500488,
datasets/german.csv,xgb,age,10,10,0.75,0.25,"['stratified_sampling', 'oversampling', 'standard', 'undersampling', 'matching']",xgb,0.4295974460126997,0.11730097693357781,0.9764958689589772,165.29623794555664,
datasets/german.csv,rf,age,5,15,0.75,0.75,"['min_max_scaling', 'stratified_sampling']",rf,0.13403535353535354,0.4000000000000001,0.6680707070707071,3358.6576976776123,
datasets/german.csv,lr,age,5,15,0.75,0.75,"['min_max_scaling', 'clustering', 'matching']",lr,0.3950089801093391,0.10373217695997673,0.8937501371786549,540.6628336906433,
datasets/german.csv,svc,age,5,15,0.75,0.75,"['oversampling', 'clustering']",svc,0.426971734533377,0.08169728146689742,0.9356407505336515,226.90897417068481,
datasets/german.csv,xgb,age,5,15,0.75,0.75,"['standard', 'oversampling']",xgb,0.4737594582058432,0.0436115846062863,0.9911305010179727,105.8180742263794,
datasets/german.csv,rf,age,10,10,0.75,0.5,"['ipw', 'min_max_scaling', 'oversampling']",rf,0.49030459756280614,0.014640648968857818,0.9952498440944701,1831.868155002594,
datasets/german.csv,lr,age,10,10,0.75,0.5,"['oversampling', 'ipw']",lr,0.38027856401030996,0.07554651826744688,0.8361036462880668,796.7677621841431,
datasets/german.csv,svc,age,10,10,0.75,0.5,"['ipw', 'undersampling', 'min_max_scaling']",svc,0.12754629629629624,0.2788359788359788,0.5339285714285713,462.08073472976685,
datasets/german.csv,xgb,age,10,10,0.75,0.5,['matching'],xgb,0.39311258678830896,0.10061438017165851,0.8868395537482764,186.0105972290039,
datasets/german.csv,rf,age,5,20,0.5,0.75,"['oversampling', 'standard']",rf,0.4897837374701883,0.01578244931914524,0.9953499242595217,2718.9585812091827,
datasets/german.csv,lr,age,5,20,0.5,0.75,"['stratified_sampling', 'undersampling', 'min_max_scaling', 'standard']",lr,0.338709200852058,0.22666666666666668,0.9040850683707827,883.873467206955,
datasets/german.csv,svc,age,5,20,0.5,0.75,"['matching', 'standard']",svc,0.38790558626335797,0.11146052271466807,0.887271695241384,350.23845195770264,
datasets/german.csv,xgb,age,5,20,0.5,0.75,"['clustering', 'min_max_scaling']",xgb,0.2171241983750768,0.1823127142038242,0.6165611109539778,112.90902709960938,
datasets/german.csv,rf,age,15,5,0.25,0.25,"['stratified_sampling', 'oversampling', 'matching', 'min_max_scaling']",rf,0.4880247080619489,0.0199679376362952,0.9960173537601931,437.5135123729706,
datasets/german.csv,lr,age,15,5,0.25,0.25,"['clustering', 'standard', 'matching']",lr,0.3952853006288161,0.10387740492735915,0.8944480061849914,200.55705666542053,
datasets/german.csv,svc,age,15,5,0.25,0.25,"['standard', 'stratified_sampling', 'undersampling', 'min_max_scaling', 'oversampling', 'ipw']",svc,0.4355258451440302,0.06363058432148613,0.9346822746095466,87.45114946365356,
datasets/german.csv,xgb,age,15,5,0.25,0.25,"['matching', 'ipw', 'min_max_scaling', 'undersampling']",xgb,0.3343719336219336,0.14711111111111114,0.8158549783549784,84.57258415222168,
datasets/german.csv,rf,age,5,20,0.25,0.25,"['matching', 'ipw', 'standard']",rf,0.4197349681016523,0.048168068712164835,0.8876380049154694,2811.9980301856995,
datasets/german.csv,lr,age,5,20,0.25,0.25,['undersampling'],lr,,,0.4274675324675325,767.7431786060333,
datasets/german.csv,svc,age,5,20,0.25,0.25,"['clustering', 'ipw']",svc,0.14554852289050613,0.3204957859264699,0.6115928317074821,450.2924666404724,
datasets/german.csv,xgb,age,5,20,0.25,0.25,"['matching', 'oversampling', 'stratified_sampling', 'undersampling']",xgb,0.42085639811167064,0.12536834597043203,0.9670811421937733,256.36035895347595,
datasets/german.csv,rf,age,5,20,0.5,0.5,"['ipw', 'oversampling']",rf,0.48941243491037295,0.017173151359871467,0.9959980211806174,3391.4310874938965,
datasets/german.csv,lr,age,5,20,0.5,0.5,"['oversampling', 'min_max_scaling', 'standard']",lr,0.4299625923332734,0.07549241322484111,0.9354175978913879,489.62978506088257,
datasets/german.csv,svc,age,5,20,0.5,0.5,"['matching', 'clustering']",svc,0.38588763968443174,0.11634638598021003,0.8881216653490736,188.30326104164124,
datasets/german.csv,xgb,age,5,20,0.5,0.5,"['min_max_scaling', 'matching']",xgb,0.39311258678830896,0.10061438017165851,0.8868395537482764,106.71342206001282,
datasets/german.csv,rf,age,10,10,0.5,0.5,"['matching', 'ipw', 'standard']",rf,0.4197349681016523,0.048168068712164835,0.8876380049154694,2613.2928807735443,
datasets/german.csv,lr,age,10,10,0.5,0.5,"['min_max_scaling', 'clustering', 'matching', 'oversampling', 'stratified_sampling', 'standard', 'ipw']",lr,0.43331399661771947,0.06675369386219233,0.9333816870976313,519.3892021179199,
datasets/german.csv,svc,age,10,10,0.5,0.5,"['ipw', 'standard', 'oversampling', 'undersampling', 'stratified_sampling', 'clustering']",svc,0.4342647314080038,0.06597814011106572,0.9345076029270734,193.3590009212494,
datasets/german.csv,xgb,age,10,10,0.5,0.5,"['oversampling', 'matching']",xgb,0.4408888579929784,0.09507517398947328,0.9768528899754301,110.18640375137329,
datasets/german.csv,rf,age,15,5,0.5,0.25,"['oversampling', 'undersampling']",rf,0.41934413807873777,0.13933941237898337,0.9780276885364589,371.6407389640808,
datasets/german.csv,lr,age,15,5,0.5,0.25,"['clustering', 'undersampling', 'matching']",lr,0.3235147105980439,0.042222222222222244,0.68925164341831,172.32661962509155,
datasets/german.csv,svc,age,15,5,0.5,0.25,"['stratified_sampling', 'oversampling', 'min_max_scaling', 'undersampling']",svc,0.31559775905311616,0.2724338624338625,0.9036293805400948,78.96009230613708,
datasets/german.csv,xgb,age,15,5,0.5,0.25,"['min_max_scaling', 'oversampling']",xgb,0.4737594582058432,0.0436115846062863,0.9911305010179727,94.42763662338257,
datasets/german.csv,rf,age,15,5,0.5,0.75,"['standard', 'ipw', 'oversampling', 'clustering', 'matching', 'min_max_scaling']",rf,0.4387041685204957,0.10093582050777568,0.9783441575487671,348.0914227962494,
datasets/german.csv,lr,age,15,5,0.5,0.75,"['standard', 'min_max_scaling', 'matching', 'clustering', 'stratified_sampling', 'undersampling', 'ipw']",lr,0.45846560846560847,0.0830687830687831,1.0,171.64035558700562,
datasets/german.csv,svc,age,15,5,0.5,0.75,"['oversampling', 'min_max_scaling', 'ipw']",svc,0.42645580483222917,0.08182996718862467,0.934741576853083,69.1049792766571,
datasets/german.csv,xgb,age,15,5,0.5,0.75,"['standard', 'oversampling', 'matching', 'stratified_sampling', 'min_max_scaling']",xgb,0.4756667070957066,0.041531454063988615,0.9928648682554018,94.28924870491028,
datasets/german.csv,rf,age,15,5,0.75,0.25,"['oversampling', 'min_max_scaling', 'ipw']",rf,0.49030459756280614,0.014640648968857818,0.9952498440944701,334.5649449825287,
datasets/german.csv,lr,age,15,5,0.75,0.25,"['oversampling', 'standard', 'ipw', 'min_max_scaling']",lr,0.43495727627858227,0.06884902783739576,0.9387635803945603,167.72435855865479,
datasets/german.csv,svc,age,15,5,0.75,0.25,"['matching', 'clustering', 'undersampling']",svc,0.265649190315857,0.28393650793650793,0.8152348885682219,64.41942358016968,
datasets/german.csv,xgb,age,15,5,0.75,0.25,"['min_max_scaling', 'stratified_sampling']",xgb,0.05024074074074075,0.4185185185185185,0.519,95.43272399902344,
datasets/german.csv,rf,age,15,5,0.75,0.5,['oversampling'],rf,0.4903288606769363,0.014688997186892242,0.9953467185407648,332.5087332725525,
datasets/german.csv,lr,age,15,5,0.75,0.5,"['oversampling', 'matching', 'clustering', 'stratified_sampling', 'min_max_scaling', 'ipw']",lr,0.3677248677248677,0.2645502645502646,1.0,156.05186414718628,
datasets/german.csv,svc,age,15,5,0.75,0.5,"['ipw', 'undersampling', 'oversampling', 'standard', 'clustering', 'stratified_sampling']",svc,0.4342647314080038,0.06597814011106572,0.9345076029270734,60.5859215259552,
datasets/german.csv,xgb,age,15,5,0.75,0.5,"['min_max_scaling', 'standard', 'ipw', 'oversampling']",xgb,0.4734234068779156,0.042176949158574596,0.9890237629144059,95.10973262786865,
datasets/german.csv,rf,age,15,5,0.25,0.5,"['undersampling', 'oversampling', 'stratified_sampling']",rf,0.4806914814909364,0.03429498166434656,0.9956779446462193,410.74528408050537,
datasets/german.csv,lr,age,15,5,0.25,0.5,"['standard', 'clustering', 'undersampling', 'ipw', 'matching', 'min_max_scaling', 'oversampling']",lr,0.2766578545243266,0.16337428868205292,0.7166899977307062,185.77072501182556,
datasets/german.csv,svc,age,15,5,0.25,0.5,"['stratified_sampling', 'matching', 'oversampling', 'ipw', 'clustering']",svc,0.2680827590461417,0.17198313178738686,0.7081486498796703,84.23907399177551,
datasets/german.csv,xgb,age,15,5,0.25,0.5,"['undersampling', 'matching']",xgb,0.17774603174603174,0.33888888888888885,0.6943809523809523,112.96333575248718,
datasets/german.csv,rf,age,15,5,0.75,0.75,"['oversampling', 'standard', 'ipw']",rf,0.4902800630415148,0.014640648968857818,0.9952007750518874,332.12914848327637,
datasets/german.csv,lr,age,15,5,0.75,0.75,"['ipw', 'matching', 'min_max_scaling']",lr,0.41265393751831725,0.0,0.8253078750366345,160.70011186599731,
datasets/german.csv,svc,age,15,5,0.75,0.75,"['matching', 'ipw', 'clustering']",svc,0.38913134463503485,0.11054917630063638,0.888811865570706,57.91007685661316,
datasets/german.csv,xgb,age,15,5,0.75,0.75,"['standard', 'oversampling', 'clustering', 'min_max_scaling']",xgb,0.4737594582058432,0.0436115846062863,0.9911305010179727,92.60714602470398,
datasets/german.csv,rf,age,10,10,0.75,0.75,"['ipw', 'standard']",rf,0.15273613193667956,0.28527502067858435,0.5907472845519435,2678.4253137111664,
datasets/german.csv,lr,age,10,10,0.75,0.75,"['oversampling', 'ipw', 'min_max_scaling']",lr,0.43181298757145475,0.0718025596223436,0.9354285347652531,379.8379330635071,
datasets/german.csv,svc,age,10,10,0.75,0.75,"['ipw', 'stratified_sampling', 'undersampling', 'clustering']",svc,0.3215568954854669,0.19222222222222218,0.835336013193156,104.63871145248413,
datasets/german.csv,xgb,age,10,10,0.75,0.75,"['matching', 'clustering']",xgb,0.39478324434397133,0.09608398477294854,0.8856504734608912,111.52256298065186,
datasets/german.csv,rf,age,15,5,0.25,0.75,"['undersampling', 'standard', 'matching', 'oversampling', 'stratified_sampling', 'min_max_scaling']",rf,0.4127569658576865,0.15044855822540934,0.9759624899407824,517.0787937641144,
datasets/german.csv,lr,age,15,5,0.25,0.75,"['oversampling', 'stratified_sampling', 'standard', 'ipw', 'undersampling', 'clustering']",lr,0.3571243558029272,0.1855555555555556,0.8998042671614099,114.1062970161438,
datasets/german.csv,svc,age,15,5,0.25,0.75,"['clustering', 'matching']",svc,0.38588763968443174,0.11634638598021003,0.8881216653490736,66.58482313156128,
datasets/german.csv,xgb,age,15,5,0.25,0.75,"['undersampling', 'standard', 'clustering', 'ipw', 'oversampling', 'min_max_scaling']",xgb,0.41713205268583375,0.13715527761044136,0.9714193829821088,94.34602522850037,
datasets/german.csv,rf,age,15,5,0.5,0.5,"['ipw', 'oversampling']",rf,0.48941243491037295,0.017173151359871467,0.9959980211806174,559.1946578025818,
datasets/german.csv,lr,age,15,5,0.5,0.5,"['oversampling', 'min_max_scaling', 'clustering']",lr,0.4279930676570455,0.07940189116136803,0.935388026475459,57.40241861343384,
datasets/german.csv,svc,age,15,5,0.5,0.5,"['oversampling', 'min_max_scaling']",svc,0.42646142874107046,0.08182996718862467,0.9347528246707656,92.37481141090393,
datasets/german.csv,xgb,age,15,5,0.5,0.5,"['oversampling', 'ipw', 'standard', 'clustering', 'matching']",xgb,0.4313654420838168,0.11416976908076842,0.9769006532484019,49.570881843566895,
datasets/german.csv,rf,age,10,10,0.5,0.75,"['min_max_scaling', 'standard', 'oversampling']",rf,0.4897704679177971,0.01578244931914524,0.9953233851547394,3223.722366333008,
datasets/german.csv,lr,age,10,10,0.5,0.75,"['min_max_scaling', 'ipw', 'standard', 'stratified_sampling', 'undersampling']",lr,0.3359181955610527,0.18833333333333335,0.8601697244554387,124.08805513381958,
datasets/german.csv,svc,age,10,10,0.5,0.75,"['oversampling', 'standard']",svc,0.4264464800451083,0.08188709327209726,0.934780053362314,113.1407904624939,
datasets/german.csv,xgb,age,10,10,0.5,0.75,"['standard', 'ipw', 'min_max_scaling', 'oversampling']",xgb,0.4734234068779156,0.042176949158574596,0.9890237629144059,69.14784336090088,
datasets/german.csv,rf,age,5,20,0.75,0.75,"['ipw', 'min_max_scaling', 'oversampling', 'stratified_sampling']",rf,0.43151603083519297,0.11764092950092554,0.9806729911713115,3941.9122262001038,
datasets/german.csv,lr,age,5,20,0.75,0.75,['min_max_scaling'],lr,0.14256284503481242,0.32110916137203716,0.606234851441662,117.03379154205322,
datasets/german.csv,svc,age,5,20,0.75,0.75,"['oversampling', 'min_max_scaling', 'matching', 'undersampling']",svc,0.37017699815616484,0.14676190476190476,0.8871159010742344,113.27256894111633,
datasets/german.csv,xgb,age,5,20,0.75,0.75,"['oversampling', 'ipw']",xgb,0.4734234068779156,0.042176949158574596,0.9890237629144059,69.43852877616882,
datasets/german.csv,rf,age,10,10,0.25,0.25,"['oversampling', 'stratified_sampling', 'matching', 'min_max_scaling', 'undersampling']",rf,0.4352295234539596,0.10658358183159074,0.97704262873951,3599.5442237854004,
datasets/german.csv,lr,age,10,10,0.25,0.25,"['undersampling', 'stratified_sampling']",lr,0.3789499587713873,0.0,0.7578999175427746,112.49593949317932,
datasets/german.csv,svc,age,10,10,0.25,0.25,"['undersampling', 'stratified_sampling', 'clustering', 'matching']",svc,0.18569143819143819,0.33465608465608465,0.706038961038961,112.89583826065063,
datasets/german.csv,xgb,age,10,10,0.25,0.25,"['ipw', 'min_max_scaling', 'oversampling']",xgb,0.4734234068779156,0.042176949158574596,0.9890237629144059,69.7581582069397,
datasets/german.csv,rf,age,10,15,0.75,0.25,"['min_max_scaling', 'ipw']",rf,0.15421814034616202,0.28167096622707216,0.5901072469193962,1475.559701681137,
datasets/german.csv,lr,age,10,15,0.75,0.25,"['standard', 'oversampling']",lr,0.4311713392633926,0.07328859892208067,0.9356312774488658,359.40826654434204,
datasets/german.csv,svc,age,10,15,0.75,0.25,"['min_max_scaling', 'matching', 'clustering']",svc,0.3867965944777655,0.11360967970112028,0.8872028686566512,150.3322811126709,
datasets/german.csv,xgb,age,10,15,0.75,0.25,['clustering'],xgb,0.2171241983750768,0.1823127142038242,0.6165611109539778,102.36777424812317,
datasets/german.csv,rf,age,10,15,0.25,0.25,"['matching', 'standard']",rf,0.4155762344736182,0.05453415615854209,0.8856866251057784,2780.736382007599,
datasets/german.csv,lr,age,10,15,0.25,0.25,"['stratified_sampling', 'undersampling', 'matching']",lr,0.3684306214068119,0.0,0.7368612428136238,340.21327567100525,
datasets/german.csv,svc,age,10,15,0.25,0.25,"['clustering', 'oversampling']",svc,0.426971734533377,0.08169728146689742,0.9356407505336515,149.82008385658264,
datasets/german.csv,xgb,age,10,15,0.25,0.25,"['ipw', 'stratified_sampling', 'standard', 'matching', 'oversampling']",xgb,0.3498806088091802,0.14629629629629629,0.8460575139146567,102.86498045921326,
datasets/german.csv,rf,age,10,15,0.75,0.75,"['clustering', 'oversampling', 'matching']",rf,0.4371013838134823,0.10455201072807134,0.9787547783550359,1453.715313911438,
datasets/german.csv,lr,age,10,15,0.75,0.75,"['standard', 'undersampling', 'stratified_sampling', 'min_max_scaling', 'oversampling', 'ipw']",lr,0.43278539860595105,0.06773867447493188,0.933309471686834,287.73301577568054,
datasets/german.csv,svc,age,10,15,0.75,0.75,"['ipw', 'oversampling']",svc,0.42759247578088455,0.0797659040783944,0.9349508556401634,150.009530544281,
datasets/german.csv,xgb,age,10,15,0.75,0.75,"['oversampling', 'clustering']",xgb,0.4757928216669581,0.03949135091594437,0.9910769942498605,102.9899594783783,
datasets/german.csv,rf,age,10,15,0.75,0.5,"['stratified_sampling', 'undersampling', 'oversampling']",rf,0.4806914814909364,0.03429498166434656,0.9956779446462193,1474.8627042770386,
datasets/german.csv,lr,age,10,15,0.75,0.5,"['standard', 'oversampling']",lr,0.4311713392633926,0.07328859892208067,0.9356312774488658,302.2774603366852,
datasets/german.csv,svc,age,10,15,0.75,0.5,"['oversampling', 'ipw', 'min_max_scaling']",svc,0.42645580483222917,0.08182996718862467,0.934741576853083,152.89528942108154,
datasets/german.csv,xgb,age,10,15,0.75,0.5,"['oversampling', 'clustering', 'matching', 'stratified_sampling']",xgb,0.4297706678856323,0.11751590184510204,0.9770572376163666,103.34890604019165,
datasets/german.csv,rf,age,10,15,0.5,0.25,"['stratified_sampling', 'min_max_scaling', 'standard', 'oversampling', 'ipw', 'matching']",rf,0.487129301196246,0.021569178861544264,0.9958277812540363,1955.1528089046478,
datasets/german.csv,lr,age,10,15,0.5,0.25,"['stratified_sampling', 'ipw', 'min_max_scaling', 'undersampling']",lr,0.10103174603174603,0.38095238095238093,0.583015873015873,243.58588004112244,
datasets/german.csv,svc,age,10,15,0.5,0.25,"['undersampling', 'clustering']",svc,-inf,inf,0.5189285714285714,145.68893384933472,
datasets/german.csv,xgb,age,10,15,0.5,0.25,['standard'],xgb,0.20899953284618844,0.18992685202651194,0.6079259177188888,113.16130805015564,
datasets/german.csv,rf,age,10,15,0.25,0.5,"['min_max_scaling', 'standard', 'ipw', 'oversampling', 'matching']",rf,0.43470587127487326,0.1120440874211985,0.981455829970945,2820.620136499405,
datasets/german.csv,lr,age,10,15,0.25,0.5,"['clustering', 'standard', 'stratified_sampling', 'min_max_scaling', 'undersampling', 'ipw']",lr,0.39427311665406906,0.13333333333333333,0.9218795666414714,172.38281679153442,
datasets/german.csv,svc,age,10,15,0.25,0.5,"['ipw', 'matching', 'stratified_sampling', 'clustering', 'undersampling']",svc,0.3286973590783115,0.2406296296296296,0.8980243477862526,115.75888180732727,
datasets/german.csv,xgb,age,10,15,0.25,0.5,"['ipw', 'clustering', 'standard', 'oversampling', 'min_max_scaling']",xgb,0.47567045820141934,0.038464667179797685,0.9898055835826364,121.84053039550781,
datasets/german.csv,rf,age,10,15,0.25,0.75,"['stratified_sampling', 'undersampling']",rf,0.3329582102201149,0.18166666666666667,0.8475830871068964,2530.360144138336,
datasets/german.csv,lr,age,10,15,0.25,0.75,['oversampling'],lr,0.37457991776737154,0.07395286396392038,0.8231126994986635,169.56930112838745,
datasets/german.csv,svc,age,10,15,0.25,0.75,"['ipw', 'undersampling', 'min_max_scaling', 'oversampling', 'standard', 'stratified_sampling']",svc,0.4355258451440302,0.06363058432148613,0.9346822746095466,110.7416615486145,
datasets/german.csv,xgb,age,10,15,0.25,0.75,"['ipw', 'clustering', 'standard', 'min_max_scaling', 'oversampling']",xgb,0.47567045820141934,0.038464667179797685,0.9898055835826364,121.83072876930237,
datasets/german.csv,rf,age,20,5,0.25,0.25,"['oversampling', 'undersampling']",rf,0.41934413807873777,0.13933941237898337,0.9780276885364589,114.58032131195068,
datasets/german.csv,lr,age,20,5,0.25,0.25,['standard'],lr,0.17437473978904733,0.2481832035108437,0.5969326830889383,67.72126889228821,
datasets/german.csv,svc,age,20,5,0.25,0.25,"['standard', 'stratified_sampling', 'undersampling']",svc,0.3312879360498408,0.22666666666666668,0.8892425387663483,70.34178066253662,
datasets/german.csv,xgb,age,20,5,0.25,0.25,"['min_max_scaling', 'oversampling']",xgb,0.4737594582058432,0.0436115846062863,0.9911305010179727,88.52126479148865,
datasets/german.csv,rf,age,20,5,0.25,0.5,"['oversampling', 'ipw', 'undersampling', 'matching']",rf,0.413179773910678,0.15226997030901343,0.9786295181303695,113.02142286300659,
datasets/german.csv,lr,age,20,5,0.25,0.5,['oversampling'],lr,0.37457991776737154,0.07395286396392038,0.8231126994986635,67.83207845687866,
datasets/german.csv,svc,age,20,5,0.25,0.5,"['ipw', 'stratified_sampling', 'min_max_scaling', 'standard', 'oversampling', 'clustering', 'matching']",svc,0.4280432638857741,0.07651734790718638,0.9326038756787345,70.16877484321594,
datasets/german.csv,xgb,age,20,5,0.25,0.5,"['oversampling', 'min_max_scaling', 'ipw', 'standard', 'undersampling', 'matching']",xgb,0.42575994079477403,0.12172577503010755,0.9732456566196556,89.6768651008606,
datasets/german.csv,rf,age,15,10,0.25,0.25,"['ipw', 'clustering', 'matching']",rf,0.4096838517464643,0.06733728028205703,0.8867049837749856,480.4257116317749,
datasets/german.csv,lr,age,15,10,0.25,0.25,"['ipw', 'stratified_sampling', 'standard', 'undersampling', 'min_max_scaling', 'clustering']",lr,0.39427311665406906,0.13333333333333333,0.9218795666414714,152.52362298965454,
datasets/german.csv,svc,age,15,10,0.25,0.25,"['matching', 'oversampling', 'standard', 'undersampling', 'ipw', 'clustering']",svc,0.26997555089351616,0.17894272439570838,0.7188938261827407,103.4833779335022,
datasets/german.csv,xgb,age,15,10,0.25,0.25,"['oversampling', 'matching', 'standard', 'ipw', 'undersampling']",xgb,0.42575994079477403,0.12172577503010755,0.9732456566196556,124.74892568588257,
datasets/german.csv,rf,age,15,10,0.25,0.75,"['oversampling', 'stratified_sampling', 'matching', 'min_max_scaling']",rf,0.4880247080619489,0.0199679376362952,0.9960173537601931,468.2596242427826,
datasets/german.csv,lr,age,15,10,0.25,0.75,"['clustering', 'undersampling', 'oversampling', 'ipw', 'matching', 'min_max_scaling']",lr,0.39222792408209073,0.11393650793650795,0.8983923561006895,150.57132387161255,
datasets/german.csv,svc,age,15,10,0.25,0.75,"['stratified_sampling', 'standard', 'undersampling']",svc,0.3312879360498408,0.22666666666666668,0.8892425387663483,103.0920307636261,
datasets/german.csv,xgb,age,15,10,0.25,0.75,"['min_max_scaling', 'matching', 'clustering', 'standard', 'ipw', 'oversampling']",xgb,0.41515587197188386,0.13963075950715484,0.9699425034509226,125.82928538322449,
datasets/german.csv,rf,age,15,10,0.25,0.5,"['matching', 'stratified_sampling', 'clustering']",rf,0.09024170274170265,0.4055555555555556,0.5860389610389609,477.34666419029236,
datasets/german.csv,lr,age,15,10,0.25,0.5,"['standard', 'ipw', 'undersampling', 'oversampling', 'matching', 'clustering', 'stratified_sampling', 'min_max_scaling']",lr,-inf,inf,0.766,153.185702085495,
datasets/german.csv,svc,age,15,10,0.25,0.5,"['matching', 'ipw', 'clustering']",svc,0.38913134463503485,0.11054917630063638,0.888811865570706,103.0945930480957,
datasets/german.csv,xgb,age,15,10,0.25,0.5,"['oversampling', 'min_max_scaling', 'matching', 'ipw', 'standard', 'undersampling']",xgb,0.42575994079477403,0.12172577503010755,0.9732456566196556,125.41431379318237,
datasets/german.csv,rf,age,15,10,0.5,0.25,"['standard', 'oversampling']",rf,0.4897837374701883,0.01578244931914524,0.9953499242595217,439.47275471687317,
datasets/german.csv,lr,age,15,10,0.5,0.25,"['ipw', 'matching', 'standard']",lr,0.40358217149970543,0.08674428680953723,0.8939086298089481,150.88967895507812,
datasets/german.csv,svc,age,15,10,0.5,0.25,"['undersampling', 'matching', 'clustering', 'stratified_sampling']",svc,0.18569143819143819,0.33465608465608465,0.706038961038961,102.59225940704346,
datasets/german.csv,xgb,age,15,10,0.5,0.25,"['standard', 'min_max_scaling', 'stratified_sampling', 'oversampling', 'matching']",xgb,0.4756667070957066,0.041531454063988615,0.9928648682554018,126.12049460411072,
datasets/german.csv,rf,age,20,5,0.25,0.75,"['oversampling', 'min_max_scaling', 'clustering']",rf,0.4896175872194577,0.01633474710301807,0.9955699215419335,112.72077107429504,
datasets/german.csv,lr,age,20,5,0.25,0.75,"['min_max_scaling', 'matching']",lr,0.39371618945943987,0.1066078679668923,0.894040246885772,70.07525277137756,
datasets/german.csv,svc,age,20,5,0.25,0.75,"['stratified_sampling', 'oversampling', 'clustering', 'ipw', 'min_max_scaling', 'matching']",svc,0.34187830687830695,0.20055555555555557,0.8843121693121695,67.18000745773315,
datasets/german.csv,xgb,age,20,5,0.25,0.75,"['stratified_sampling', 'oversampling', 'standard', 'matching', 'min_max_scaling']",xgb,0.4756667070957066,0.041531454063988615,0.9928648682554018,91.90678930282593,
datasets/german.csv,rf,age,15,10,0.75,0.25,"['standard', 'clustering', 'min_max_scaling', 'oversampling', 'ipw']",rf,0.4894919158857714,0.016257389396393065,0.9952412211679359,367.8258993625641,
datasets/german.csv,lr,age,15,10,0.75,0.25,"['undersampling', 'stratified_sampling']",lr,0.3789499587713873,0.0,0.7578999175427746,150.3174285888672,
datasets/german.csv,svc,age,15,10,0.75,0.25,"['ipw', 'undersampling', 'oversampling', 'clustering', 'standard', 'stratified_sampling']",svc,0.4342647314080038,0.06597814011106572,0.9345076029270734,102.25350952148438,
datasets/german.csv,xgb,age,15,10,0.75,0.25,"['clustering', 'standard', 'oversampling']",xgb,0.4766455061770242,0.03775152368051244,0.9910425360345609,126.90641856193542,
datasets/german.csv,rf,age,15,10,0.75,0.5,"['ipw', 'matching']",rf,0.41754460702973006,0.05307287350536741,0.8881620875648275,353.42240619659424,
datasets/german.csv,lr,age,15,10,0.75,0.5,"['oversampling', 'min_max_scaling']",lr,0.4281743513042629,0.07913056055981484,0.9354792631683406,149.90661072731018,
datasets/german.csv,svc,age,15,10,0.75,0.5,"['ipw', 'oversampling', 'clustering']",svc,0.4315709711484481,0.07493866753797902,0.9380806098348753,102.83450222015381,
datasets/german.csv,xgb,age,15,10,0.75,0.5,"['matching', 'clustering']",xgb,0.39478324434397133,0.09608398477294854,0.8856504734608912,127.4601538181305,
datasets/german.csv,rf,age,15,10,0.75,0.75,"['undersampling', 'oversampling']",rf,0.41934413807873777,0.13933941237898337,0.9780276885364589,284.489426612854,
datasets/german.csv,lr,age,15,10,0.75,0.75,"['oversampling', 'clustering', 'standard', 'undersampling', 'ipw', 'min_max_scaling', 'stratified_sampling']",lr,0.41254598278705423,0.11277777777777777,0.9378697433518862,149.90941739082336,
datasets/german.csv,svc,age,15,10,0.75,0.75,"['min_max_scaling', 'oversampling', 'ipw', 'clustering', 'standard']",svc,0.4264691277781062,0.08182996718862467,0.9347682227448371,103.9811475276947,
datasets/german.csv,xgb,age,15,10,0.75,0.75,"['matching', 'standard']",xgb,0.39311258678830896,0.10061438017165851,0.8868395537482764,125.70339441299438,
datasets/german.csv,rf,age,10,15,0.5,0.5,"['ipw', 'undersampling', 'matching', 'oversampling', 'standard']",rf,0.39759675124258453,0.1254761904761905,0.9206696929613596,2038.697916984558,
datasets/german.csv,lr,age,10,15,0.5,0.5,"['undersampling', 'clustering']",lr,,,0.4274675324675325,146.43547797203064,
datasets/german.csv,svc,age,10,15,0.5,0.5,"['min_max_scaling', 'ipw', 'oversampling']",svc,0.42645580483222917,0.08182996718862467,0.934741576853083,104.07426357269287,
datasets/german.csv,xgb,age,10,15,0.5,0.5,"['matching', 'clustering', 'oversampling', 'undersampling', 'min_max_scaling', 'stratified_sampling']",xgb,0.437962962962963,0.12407407407407406,1.0,126.22359919548035,
datasets/german.csv,rf,age,10,15,0.5,0.75,"['standard', 'oversampling']",rf,0.4897837374701883,0.01578244931914524,0.9953499242595217,1862.1764161586761,
datasets/german.csv,lr,age,10,15,0.5,0.75,['matching'],lr,0.3701707549325245,0.0,0.740341509865049,146.42631816864014,
datasets/german.csv,svc,age,10,15,0.5,0.75,"['ipw', 'standard', 'clustering', 'stratified_sampling']",svc,0.10214646464646468,0.33888888888888885,0.5431818181818182,104.1404435634613,
datasets/german.csv,xgb,age,10,15,0.5,0.75,"['oversampling', 'matching', 'stratified_sampling', 'standard', 'ipw']",xgb,0.3498806088091802,0.14629629629629629,0.8460575139146567,127.0940306186676,
datasets/german.csv,rf,age,20,5,0.5,0.25,"['standard', 'ipw', 'clustering', 'oversampling']",rf,0.4883934019111248,0.01858830834131165,0.9953751121635612,80.76486301422119,
datasets/german.csv,lr,age,20,5,0.5,0.25,['matching'],lr,0.3701707549325245,0.0,0.740341509865049,69.6595344543457,
datasets/german.csv,svc,age,20,5,0.5,0.25,"['undersampling', 'ipw', 'oversampling', 'min_max_scaling', 'stratified_sampling']",svc,0.3351877061430633,0.22095238095238093,0.8913277932385075,88.54422330856323,
datasets/german.csv,xgb,age,20,5,0.5,0.25,"['oversampling', 'ipw', 'matching', 'standard', 'undersampling', 'stratified_sampling']",xgb,0.42393548343551596,0.12322598760444525,0.9710969544754772,73.52304530143738,
datasets/german.csv,rf,age,20,5,0.5,0.5,"['undersampling', 'oversampling', 'standard']",rf,0.4214270140594357,0.1353734593654917,0.9782274874843632,79.8400571346283,
datasets/german.csv,lr,age,20,5,0.5,0.5,"['standard', 'min_max_scaling', 'matching']",lr,0.39371618945943987,0.1066078679668923,0.894040246885772,69.5634093284607,
datasets/german.csv,svc,age,20,5,0.5,0.5,"['ipw', 'min_max_scaling', 'standard', 'matching']",svc,0.38686128692932537,0.11360967970112028,0.887332253559771,88.75622344017029,
datasets/german.csv,xgb,age,20,5,0.5,0.5,"['oversampling', 'standard', 'matching', 'stratified_sampling', 'clustering']",xgb,0.4297706678856323,0.11751590184510204,0.9770572376163666,73.62654685974121,
datasets/german.csv,rf,age,20,5,0.5,0.75,"['oversampling', 'clustering']",rf,0.48890350932105137,0.017351749882065646,0.9951587685241684,75.1380558013916,
datasets/german.csv,lr,age,20,5,0.5,0.75,"['stratified_sampling', 'matching', 'undersampling', 'clustering']",lr,,,0.3513246753246753,69.68356275558472,
datasets/german.csv,svc,age,20,5,0.5,0.75,"['clustering', 'oversampling']",svc,0.426971734533377,0.08169728146689742,0.9356407505336515,89.19931125640869,
datasets/german.csv,xgb,age,20,5,0.5,0.75,"['ipw', 'oversampling', 'clustering']",xgb,0.4757928216669581,0.03949135091594437,0.9910769942498605,73.77315139770508,
datasets/german.csv,rf,age,10,20,0.25,0.25,"['standard', 'matching']",rf,0.4155762344736182,0.05453415615854209,0.8856866251057784,1250.7517478466034,
datasets/german.csv,lr,age,10,20,0.25,0.25,"['ipw', 'standard', 'min_max_scaling', 'oversampling']",lr,0.43495727627858227,0.06884902783739576,0.9387635803945603,307.83079648017883,
datasets/german.csv,svc,age,10,20,0.25,0.25,"['stratified_sampling', 'matching', 'undersampling', 'clustering']",svc,0.18569143819143819,0.33465608465608465,0.706038961038961,142.2966182231903,
datasets/german.csv,xgb,age,10,20,0.25,0.25,"['min_max_scaling', 'undersampling', 'stratified_sampling', 'clustering']",xgb,0.13587301587301587,0.36904761904761907,0.6407936507936508,162.92675733566284,
datasets/german.csv,rf,age,20,5,0.75,0.25,"['clustering', 'stratified_sampling', 'undersampling']",rf,0.36224707391374056,0.125,0.8494941478274811,70.9082498550415,
datasets/german.csv,lr,age,20,5,0.75,0.25,"['ipw', 'matching', 'min_max_scaling']",lr,0.41265393751831725,0.0,0.8253078750366345,70.0306966304779,
datasets/german.csv,svc,age,20,5,0.75,0.25,"['standard', 'oversampling']",svc,0.4264464800451083,0.08188709327209726,0.934780053362314,89.87773513793945,
datasets/german.csv,xgb,age,20,5,0.75,0.25,"['min_max_scaling', 'oversampling', 'clustering']",xgb,0.4766455061770242,0.03775152368051244,0.9910425360345609,72.98445320129395,
datasets/german.csv,rf,age,10,20,0.25,0.5,"['matching', 'undersampling', 'min_max_scaling', 'clustering']",rf,0.3235945165945166,0.1782222222222222,0.8254112554112554,1225.6339573860168,
datasets/german.csv,lr,age,10,20,0.25,0.5,['oversampling'],lr,0.37457991776737154,0.07395286396392038,0.8231126994986635,279.97601652145386,
datasets/german.csv,svc,age,10,20,0.25,0.5,"['stratified_sampling', 'oversampling', 'ipw', 'undersampling', 'min_max_scaling']",svc,0.3351877061430633,0.22095238095238093,0.8913277932385075,140.22401428222656,
datasets/german.csv,xgb,age,10,20,0.25,0.5,"['matching', 'stratified_sampling', 'clustering', 'standard', 'undersampling']",xgb,0.14618121693121688,0.48518518518518516,0.7775476190476189,164.0048098564148,
datasets/german.csv,rf,age,20,5,0.75,0.5,"['clustering', 'standard', 'min_max_scaling', 'oversampling', 'ipw']",rf,0.4894919158857714,0.016257389396393065,0.9952412211679359,68.0010244846344,
datasets/german.csv,lr,age,20,5,0.75,0.5,"['min_max_scaling', 'oversampling', 'standard', 'clustering']",lr,0.46598450171477773,0.06731024881204802,0.9992792522416035,70.30951881408691,
datasets/german.csv,svc,age,20,5,0.75,0.5,"['stratified_sampling', 'matching', 'standard', 'ipw', 'clustering', 'oversampling', 'min_max_scaling']",svc,0.4280432638857741,0.07651734790718638,0.9326038756787345,89.90813159942627,
datasets/german.csv,xgb,age,20,5,0.75,0.5,"['ipw', 'standard', 'oversampling', 'min_max_scaling']",xgb,0.4734234068779156,0.042176949158574596,0.9890237629144059,74.92030215263367,
datasets/german.csv,rf,age,20,5,0.75,0.75,"['oversampling', 'undersampling']",rf,0.41934413807873777,0.13933941237898337,0.9780276885364589,67.52360677719116,
datasets/german.csv,lr,age,20,5,0.75,0.75,"['stratified_sampling', 'oversampling', 'min_max_scaling', 'matching']",lr,0.43445309100071006,0.037777777777777785,0.9066839597791979,70.24770331382751,
datasets/german.csv,svc,age,20,5,0.75,0.75,"['ipw', 'oversampling', 'clustering']",svc,0.4315709711484481,0.07493866753797902,0.9380806098348753,90.16854238510132,
datasets/german.csv,xgb,age,20,5,0.75,0.75,"['oversampling', 'ipw']",xgb,0.4734234068779156,0.042176949158574596,0.9890237629144059,75.2377622127533,
datasets/german.csv,rf,age,10,20,0.25,0.75,"['standard', 'oversampling']",rf,0.4897837374701883,0.01578244931914524,0.9953499242595217,1182.7857451438904,
datasets/german.csv,lr,age,10,20,0.25,0.75,"['ipw', 'standard', 'stratified_sampling', 'undersampling', 'clustering', 'min_max_scaling']",lr,0.39427311665406906,0.13333333333333333,0.9218795666414714,254.74368739128113,
datasets/german.csv,svc,age,10,20,0.25,0.75,"['min_max_scaling', 'oversampling', 'standard']",svc,0.42646125206996055,0.08182996718862467,0.9347524713285458,138.0386083126068,
datasets/german.csv,xgb,age,10,20,0.25,0.75,"['min_max_scaling', 'stratified_sampling', 'oversampling', 'ipw']",xgb,0.42835107841450987,0.12274724086462661,0.9794493976936464,165.61054682731628,
datasets/german.csv,rf,age,15,10,0.5,0.5,"['clustering', 'matching', 'stratified_sampling', 'min_max_scaling', 'oversampling', 'standard', 'ipw', 'undersampling']",rf,0.44129801858127327,0.11463243342575102,0.9972284705882976,529.5706739425659,
datasets/german.csv,lr,age,15,10,0.5,0.5,"['stratified_sampling', 'matching', 'undersampling', 'standard', 'min_max_scaling', 'ipw']",lr,0.1597777777777777,0.41111111111111115,0.7306666666666666,123.37129330635071,
datasets/german.csv,svc,age,15,10,0.5,0.5,"['oversampling', 'clustering', 'ipw', 'standard']",svc,0.4358883500591586,0.06649258960579595,0.9382692897241132,116.16399049758911,
datasets/german.csv,xgb,age,15,10,0.5,0.5,"['matching', 'clustering']",xgb,0.39478324434397133,0.09608398477294854,0.8856504734608912,118.08584856987,
datasets/german.csv,rf,age,10,20,0.5,0.25,"['oversampling', 'undersampling']",rf,0.41934413807873777,0.13933941237898337,0.9780276885364589,1157.0785415172577,
datasets/german.csv,lr,age,10,20,0.5,0.25,"['standard', 'ipw', 'matching', 'oversampling']",lr,0.284228448623074,0.14624689375270308,0.7147037909988511,245.5739824771881,
datasets/german.csv,svc,age,10,20,0.5,0.25,"['clustering', 'matching', 'ipw', 'min_max_scaling']",svc,0.3857851149387852,0.11553761287905347,0.8871078427566239,138.96746444702148,
datasets/german.csv,xgb,age,10,20,0.5,0.25,"['clustering', 'min_max_scaling', 'stratified_sampling', 'undersampling']",xgb,0.13587301587301587,0.36904761904761907,0.6407936507936508,185.18878817558289,
datasets/german.csv,rf,age,10,20,0.5,0.5,"['matching', 'undersampling']",rf,0.3367686788520123,0.18777777777777774,0.8613151354818023,991.235054731369,
datasets/german.csv,lr,age,10,20,0.5,0.5,"['clustering', 'standard', 'undersampling', 'stratified_sampling', 'ipw', 'min_max_scaling']",lr,0.39427311665406906,0.13333333333333333,0.9218795666414714,214.66786909103394,
datasets/german.csv,svc,age,10,20,0.5,0.5,"['matching', 'min_max_scaling']",svc,0.38679569394780106,0.11360967970112028,0.8872010675967223,136.94273138046265,
datasets/german.csv,xgb,age,10,20,0.5,0.5,"['ipw', 'oversampling']",xgb,0.4734234068779156,0.042176949158574596,0.9890237629144059,168.31007504463196,
datasets/german.csv,rf,age,15,10,0.5,0.75,"['oversampling', 'ipw', 'min_max_scaling']",rf,0.49030459756280614,0.014640648968857818,0.9952498440944701,479.5133309364319,
datasets/german.csv,lr,age,15,10,0.5,0.75,"['matching', 'min_max_scaling']",lr,0.39371618945943987,0.1066078679668923,0.894040246885772,110.77759957313538,
datasets/german.csv,svc,age,15,10,0.5,0.75,['oversampling'],svc,0.4252993324148415,0.08438316266722455,0.9349818274969076,121.88592505455017,
datasets/german.csv,xgb,age,15,10,0.5,0.75,"['oversampling', 'min_max_scaling', 'clustering', 'ipw']",xgb,0.47567045820141934,0.038464667179797685,0.9898055835826364,114.37147641181946,
datasets/german.csv,rf,age,10,20,0.5,0.75,"['stratified_sampling', 'oversampling', 'matching']",rf,0.4885911995758359,0.018826553807018333,0.9960089529586902,854.2109289169312,
datasets/german.csv,lr,age,10,20,0.5,0.75,"['stratified_sampling', 'matching', 'undersampling', 'clustering']",lr,,,0.3513246753246753,189.03448605537415,
datasets/german.csv,svc,age,10,20,0.5,0.75,"['matching', 'standard', 'stratified_sampling', 'ipw', 'oversampling']",svc,0.27807486428914996,0.31396296296296294,0.8701126915412629,143.4255826473236,
datasets/german.csv,xgb,age,10,20,0.5,0.75,"['matching', 'min_max_scaling']",xgb,0.39311258678830896,0.10061438017165851,0.8868395537482764,165.56068444252014,
datasets/german.csv,rf,age,10,20,0.75,0.25,"['oversampling', 'min_max_scaling', 'undersampling']",rf,0.41838353927985855,0.14130448842241103,0.9780715669821282,848.5589153766632,
datasets/german.csv,lr,age,10,20,0.75,0.25,"['undersampling', 'stratified_sampling']",lr,0.3789499587713873,0.0,0.7578999175427746,188.59344816207886,
datasets/german.csv,svc,age,10,20,0.75,0.25,"['matching', 'min_max_scaling']",svc,0.38679569394780106,0.11360967970112028,0.8872010675967223,145.99819231033325,
datasets/german.csv,xgb,age,10,20,0.75,0.25,"['standard', 'ipw', 'matching', 'stratified_sampling']",xgb,0.06452056277056276,0.45555555555555555,0.5845966810966811,163.8059356212616,
datasets/german.csv,rf,age,10,20,0.75,0.5,['matching'],rf,0.4160703111177943,0.05346028228466821,0.8856009045202569,741.6696116924286,
datasets/german.csv,lr,age,10,20,0.75,0.5,"['min_max_scaling', 'oversampling', 'ipw']",lr,0.43181298757145475,0.0718025596223436,0.9354285347652531,183.8062391281128,
datasets/german.csv,svc,age,10,20,0.75,0.5,"['standard', 'min_max_scaling', 'clustering']",svc,0.16218900388584565,0.2811265148379633,0.6055045226096546,154.37858533859253,
datasets/german.csv,xgb,age,10,20,0.75,0.5,"['min_max_scaling', 'clustering']",xgb,0.2171241983750768,0.1823127142038242,0.6165611109539778,160.97670459747314,
datasets/german.csv,rf,age,10,20,0.75,0.75,['matching'],rf,0.4160703111177943,0.05346028228466821,0.8856009045202569,741.1101050376892,
datasets/german.csv,lr,age,10,20,0.75,0.75,"['stratified_sampling', 'undersampling']",lr,0.3789499587713873,0.0,0.7578999175427746,183.85371780395508,
datasets/german.csv,svc,age,10,20,0.75,0.75,"['ipw', 'oversampling']",svc,0.42759247578088455,0.0797659040783944,0.9349508556401634,155.7001359462738,
datasets/german.csv,xgb,age,10,20,0.75,0.75,"['oversampling', 'clustering']",xgb,0.4757928216669581,0.03949135091594437,0.9910769942498605,159.94585871696472,
datasets/german.csv,rf,age,15,15,0.25,0.25,"['min_max_scaling', 'ipw', 'standard', 'undersampling', 'matching']",rf,0.1304047619047619,0.43333333333333335,0.6941428571428572,368.58651900291443,
datasets/german.csv,lr,age,15,15,0.25,0.25,"['undersampling', 'matching', 'clustering', 'oversampling']",lr,0.2206507936507936,0.2348888888888889,0.6761904761904761,164.82761454582214,
datasets/german.csv,svc,age,15,15,0.25,0.25,"['matching', 'oversampling', 'stratified_sampling', 'standard']",svc,0.10723015873015876,0.4242063492063492,0.6386666666666667,183.4198718070984,
datasets/german.csv,xgb,age,15,15,0.25,0.25,"['min_max_scaling', 'clustering', 'ipw', 'undersampling', 'standard', 'oversampling']",xgb,0.41713205268583375,0.13715527761044136,0.9714193829821088,172.94675302505493,
datasets/german.csv,rf,age,15,15,0.25,0.5,"['standard', 'matching', 'oversampling', 'ipw', 'stratified_sampling']",rf,0.4871202317139808,0.021569178861544264,0.9958096422895059,348.4750831127167,
datasets/german.csv,lr,age,15,15,0.25,0.5,"['ipw', 'standard', 'matching', 'min_max_scaling', 'clustering', 'undersampling']",lr,0.3606161215327882,0.15726984126984125,0.8785020843354177,157.89283967018127,
datasets/german.csv,svc,age,15,15,0.25,0.5,"['standard', 'min_max_scaling', 'ipw', 'clustering', 'undersampling', 'stratified_sampling']",svc,0.2774212648022172,0.3527777777777777,0.9076203073822121,186.41770482063293,
datasets/german.csv,xgb,age,15,15,0.25,0.5,"['oversampling', 'stratified_sampling', 'standard', 'min_max_scaling', 'clustering']",xgb,0.44531433315704433,0.10813190725958459,0.9987605735736732,169.99870371818542,
datasets/german.csv,rf,age,15,15,0.25,0.75,['oversampling'],rf,0.4903288606769363,0.014688997186892242,0.9953467185407648,337.9647822380066,
datasets/german.csv,lr,age,15,15,0.25,0.75,"['ipw', 'clustering', 'matching']",lr,0.3701680839641882,0.0,0.7403361679283764,155.5317666530609,
datasets/german.csv,svc,age,15,15,0.25,0.75,"['undersampling', 'oversampling', 'matching', 'standard', 'ipw', 'min_max_scaling']",svc,0.25918901983811843,0.18908373605339932,0.7074617757296362,187.23927807807922,
datasets/german.csv,xgb,age,15,15,0.25,0.75,"['ipw', 'oversampling', 'clustering', 'min_max_scaling', 'standard']",xgb,0.47567045820141934,0.038464667179797685,0.9898055835826364,171.02497148513794,
datasets/german.csv,rf,age,15,15,0.5,0.25,"['oversampling', 'undersampling']",rf,0.41934413807873777,0.13933941237898337,0.9780276885364589,321.1461570262909,
datasets/german.csv,lr,age,15,15,0.5,0.25,"['matching', 'undersampling', 'stratified_sampling']",lr,0.3684306214068119,0.0,0.7368612428136238,155.22485733032227,
datasets/german.csv,svc,age,15,15,0.5,0.25,"['matching', 'standard']",svc,0.38790558626335797,0.11146052271466807,0.887271695241384,188.28811264038086,
datasets/german.csv,xgb,age,15,15,0.5,0.25,"['undersampling', 'matching']",xgb,0.17774603174603174,0.33888888888888885,0.6943809523809523,172.07782983779907,
datasets/german.csv,rf,age,15,15,0.5,0.5,"['standard', 'ipw']",rf,0.15273613193667956,0.28527502067858435,0.5907472845519435,314.52702617645264,
datasets/german.csv,lr,age,15,15,0.5,0.5,"['undersampling', 'stratified_sampling']",lr,0.3789499587713873,0.0,0.7578999175427746,154.63963866233826,
datasets/german.csv,svc,age,15,15,0.5,0.5,"['oversampling', 'standard']",svc,0.4264464800451083,0.08188709327209726,0.934780053362314,187.1606068611145,
datasets/german.csv,xgb,age,15,15,0.5,0.5,"['min_max_scaling', 'stratified_sampling', 'oversampling', 'clustering', 'standard']",xgb,0.44531433315704433,0.10813190725958459,0.9987605735736732,172.21228122711182,
datasets/german.csv,rf,age,15,15,0.5,0.75,"['oversampling', 'matching']",rf,0.4322537492071198,0.11451169171282431,0.9790191901270638,295.97274255752563,
datasets/german.csv,lr,age,15,15,0.5,0.75,"['ipw', 'undersampling', 'matching', 'min_max_scaling', 'standard', 'clustering', 'stratified_sampling']",lr,0.45846560846560847,0.0830687830687831,1.0,154.55317568778992,
datasets/german.csv,svc,age,15,15,0.5,0.75,"['ipw', 'clustering', 'oversampling', 'matching', 'standard']",svc,0.2687091794243084,0.16589478016940593,0.7033131390180227,189.69860696792603,
datasets/german.csv,xgb,age,15,15,0.5,0.75,"['min_max_scaling', 'standard', 'oversampling', 'clustering']",xgb,0.4737594582058432,0.0436115846062863,0.9911305010179727,170.96453833580017,
datasets/german.csv,rf,age,15,15,0.75,0.25,"['ipw', 'oversampling', 'stratified_sampling']",rf,0.06591269841269848,0.5476190476190476,0.6794444444444445,289.76478910446167,
datasets/german.csv,lr,age,15,15,0.75,0.25,"['oversampling', 'standard', 'ipw', 'matching']",lr,0.284228448623074,0.14624689375270308,0.7147037909988511,154.0411729812622,
datasets/german.csv,svc,age,15,15,0.75,0.25,"['min_max_scaling', 'matching']",svc,0.38679569394780106,0.11360967970112028,0.8872010675967223,189.74240136146545,
datasets/german.csv,xgb,age,15,15,0.75,0.25,"['stratified_sampling', 'oversampling', 'min_max_scaling']",xgb,0.42287587172364627,0.13485460550747852,0.9806063489547711,170.94560074806213,
datasets/german.csv,rf,age,15,15,0.75,0.5,"['oversampling', 'clustering']",rf,0.48890350932105137,0.017351749882065646,0.9951587685241684,268.99804186820984,
datasets/german.csv,lr,age,15,15,0.75,0.5,['oversampling'],lr,0.37457991776737154,0.07395286396392038,0.8231126994986635,154.13625121116638,
datasets/german.csv,svc,age,15,15,0.75,0.5,"['stratified_sampling', 'standard', 'undersampling', 'ipw', 'matching']",svc,0.29226437847866427,0.31396296296296294,0.8984917199202915,194.551518201828,
datasets/german.csv,xgb,age,15,15,0.75,0.5,"['min_max_scaling', 'standard']",xgb,0.20899953284618844,0.18992685202651194,0.6079259177188888,166.05275678634644,
datasets/german.csv,rf,age,15,15,0.75,0.75,"['oversampling', 'min_max_scaling', 'ipw']",rf,0.49030459756280614,0.014640648968857818,0.9952498440944701,265.8258533477783,
datasets/german.csv,lr,age,15,15,0.75,0.75,"['standard', 'oversampling']",lr,0.4311713392633926,0.07328859892208067,0.9356312774488658,154.7342619895935,
datasets/german.csv,svc,age,15,15,0.75,0.75,"['matching', 'clustering', 'min_max_scaling']",svc,0.3867965944777655,0.11360967970112028,0.8872028686566512,194.39680242538452,
datasets/german.csv,xgb,age,15,15,0.75,0.75,"['stratified_sampling', 'undersampling', 'oversampling', 'ipw']",xgb,0.47016307035358884,0.0499096710535436,0.9902358117607213,166.2764856815338,
datasets/german.csv,rf,age,20,10,0.25,0.25,"['min_max_scaling', 'ipw', 'oversampling', 'stratified_sampling', 'standard']",rf,0.4310002827952549,0.1187648848258297,0.9807654504163394,138.30316352844238,
datasets/german.csv,lr,age,20,10,0.25,0.25,"['undersampling', 'ipw', 'oversampling', 'stratified_sampling']",lr,0.39934676700497374,0.0359236076897354,0.8346171416996828,165.78907704353333,
datasets/german.csv,svc,age,20,10,0.25,0.25,"['undersampling', 'ipw', 'standard', 'matching', 'min_max_scaling', 'clustering']",svc,0.3486937229437229,0.16282539682539685,0.8602128427128427,153.67929577827454,
datasets/german.csv,xgb,age,20,10,0.25,0.25,"['oversampling', 'standard', 'min_max_scaling']",xgb,0.4737594582058432,0.0436115846062863,0.9911305010179727,146.8564772605896,
datasets/german.csv,rf,age,20,10,0.25,0.5,"['stratified_sampling', 'clustering', 'standard', 'undersampling', 'oversampling']",rf,0.4824269564055396,0.030848573904135423,0.9957024867152147,138.01861429214478,
datasets/german.csv,lr,age,20,10,0.25,0.5,"['min_max_scaling', 'oversampling', 'ipw', 'stratified_sampling', 'standard', 'undersampling']",lr,0.43278539860595105,0.06773867447493188,0.933309471686834,166.0052559375763,
datasets/german.csv,svc,age,20,10,0.25,0.5,"['standard', 'undersampling', 'min_max_scaling', 'oversampling', 'stratified_sampling', 'ipw']",svc,0.4355258451440302,0.06363058432148613,0.9346822746095466,153.35105443000793,
datasets/german.csv,xgb,age,20,10,0.25,0.5,"['oversampling', 'standard', 'min_max_scaling', 'clustering']",xgb,0.4737594582058432,0.0436115846062863,0.9911305010179727,146.60941314697266,
datasets/german.csv,rf,age,20,10,0.25,0.75,"['clustering', 'matching', 'oversampling', 'min_max_scaling', 'standard', 'ipw', 'stratified_sampling', 'undersampling']",rf,0.44129801858127327,0.11463243342575102,0.9972284705882976,137.62177872657776,
datasets/german.csv,lr,age,20,10,0.25,0.75,"['ipw', 'oversampling', 'clustering', 'min_max_scaling', 'stratified_sampling', 'undersampling', 'standard']",lr,0.41254598278705423,0.11277777777777777,0.9378697433518862,166.19555115699768,
datasets/german.csv,svc,age,20,10,0.25,0.75,"['clustering', 'oversampling', 'standard']",svc,0.4261992501534888,0.082245768527917,0.9346442688348946,154.16120076179504,
datasets/german.csv,xgb,age,20,10,0.25,0.75,"['min_max_scaling', 'stratified_sampling', 'oversampling', 'clustering', 'undersampling', 'matching']",xgb,0.437962962962963,0.12407407407407406,1.0,147.63229250907898,
datasets/german.csv,rf,age,20,10,0.5,0.25,"['oversampling', 'stratified_sampling']",rf,0.4309514580896141,0.11799396439641148,0.9798968805756397,137.17984414100647,
datasets/german.csv,lr,age,20,10,0.5,0.25,"['standard', 'min_max_scaling', 'clustering', 'matching']",lr,0.41243910354528884,0.08296990801388625,0.907848115104464,165.55747747421265,
datasets/german.csv,svc,age,20,10,0.5,0.25,"['clustering', 'oversampling', 'ipw']",svc,0.4315709711484481,0.07493866753797902,0.9380806098348753,154.24222421646118,
datasets/german.csv,xgb,age,20,10,0.5,0.25,"['stratified_sampling', 'oversampling', 'matching', 'ipw']",xgb,0.3498806088091802,0.14629629629629629,0.8460575139146567,148.58786797523499,
datasets/german.csv,rf,age,20,10,0.5,0.5,"['min_max_scaling', 'undersampling', 'stratified_sampling', 'clustering', 'oversampling']",rf,0.48186564937868664,0.031736560897953174,0.9954678596553265,136.8796877861023,
datasets/german.csv,lr,age,20,10,0.5,0.5,"['clustering', 'oversampling', 'standard', 'min_max_scaling']",lr,0.46598450171477773,0.06731024881204802,0.9992792522416035,168.67772889137268,
datasets/german.csv,svc,age,20,10,0.5,0.5,"['clustering', 'undersampling', 'matching', 'min_max_scaling']",svc,0.34454866121532784,0.1701587301587302,0.8592560525893859,152.47806072235107,
datasets/german.csv,xgb,age,20,10,0.5,0.5,"['clustering', 'oversampling']",xgb,0.4757928216669581,0.03949135091594437,0.9910769942498605,150.06763553619385,
datasets/german.csv,rf,age,20,10,0.5,0.75,"['oversampling', 'matching', 'standard', 'stratified_sampling', 'clustering']",rf,0.43855641516377175,0.10521408803821036,0.9823269183657539,136.99831700325012,
datasets/german.csv,lr,age,20,10,0.5,0.75,"['oversampling', 'ipw', 'stratified_sampling', 'undersampling']",lr,0.39934676700497374,0.0359236076897354,0.8346171416996828,170.39468669891357,
datasets/german.csv,svc,age,20,10,0.5,0.75,"['ipw', 'stratified_sampling', 'undersampling', 'clustering']",svc,0.3215568954854669,0.19222222222222218,0.835336013193156,151.33908104896545,
datasets/german.csv,xgb,age,20,10,0.5,0.75,"['min_max_scaling', 'ipw', 'standard', 'oversampling']",xgb,0.4734234068779156,0.042176949158574596,0.9890237629144059,152.1210000514984,
datasets/german.csv,rf,age,20,10,0.75,0.25,['oversampling'],rf,0.4903288606769363,0.014688997186892242,0.9953467185407648,160.01432156562805,
datasets/german.csv,lr,age,20,10,0.75,0.25,"['matching', 'stratified_sampling']",lr,,,0.26076118326118325,156.40054869651794,
datasets/german.csv,svc,age,20,10,0.75,0.25,"['undersampling', 'oversampling']",svc,0.2495295369719444,0.20145212241890298,0.7005111963627918,148.68826341629028,
datasets/german.csv,xgb,age,20,10,0.75,0.25,"['oversampling', 'standard']",xgb,0.4737594582058432,0.0436115846062863,0.9911305010179727,158.97115921974182,
datasets/german.csv,rf,age,20,10,0.75,0.5,['oversampling'],rf,0.4903288606769363,0.014688997186892242,0.9953467185407648,158.78974103927612,
datasets/german.csv,lr,age,20,10,0.75,0.5,"['ipw', 'stratified_sampling', 'min_max_scaling', 'standard', 'clustering', 'oversampling', 'matching']",lr,0.43331399661771947,0.06675369386219233,0.9333816870976313,156.80341124534607,
datasets/german.csv,svc,age,20,10,0.75,0.5,"['matching', 'min_max_scaling', 'clustering', 'oversampling', 'undersampling', 'ipw']",svc,0.382888638367805,0.14319047619047617,0.9089677529260862,147.97648978233337,
datasets/german.csv,xgb,age,20,10,0.75,0.5,"['oversampling', 'min_max_scaling', 'ipw']",xgb,0.4734234068779156,0.042176949158574596,0.9890237629144059,170.69220495224,
datasets/german.csv,rf,age,20,10,0.75,0.75,"['oversampling', 'ipw']",rf,0.48941243491037295,0.017173151359871467,0.9959980211806174,159.9084873199463,
datasets/german.csv,lr,age,20,10,0.75,0.75,"['min_max_scaling', 'oversampling']",lr,0.4281743513042629,0.07913056055981484,0.9354792631683406,155.86508989334106,
datasets/german.csv,svc,age,20,10,0.75,0.75,"['min_max_scaling', 'oversampling', 'clustering', 'standard']",svc,0.4269085218568546,0.08085853241338459,0.9346755761270937,147.52062797546387,
datasets/german.csv,xgb,age,20,10,0.75,0.75,"['clustering', 'oversampling']",xgb,0.4757928216669581,0.03949135091594437,0.9910769942498605,174.47280406951904,
datasets/german.csv,rf,age,15,20,0.25,0.25,"['standard', 'oversampling']",rf,0.4897837374701883,0.01578244931914524,0.9953499242595217,310.25614380836487,
datasets/german.csv,lr,age,15,20,0.25,0.25,"['stratified_sampling', 'ipw', 'standard', 'matching', 'undersampling', 'clustering', 'min_max_scaling']",lr,0.45846560846560847,0.0830687830687831,1.0,236.27139353752136,
datasets/german.csv,svc,age,15,20,0.25,0.25,"['standard', 'ipw', 'min_max_scaling', 'matching']",svc,0.38686128692932537,0.11360967970112028,0.887332253559771,229.37281131744385,
datasets/german.csv,xgb,age,15,20,0.25,0.25,"['matching', 'standard', 'oversampling', 'ipw', 'min_max_scaling', 'undersampling']",xgb,0.42575994079477403,0.12172577503010755,0.9732456566196556,314.344966173172,
datasets/german.csv,rf,age,15,20,0.25,0.5,"['standard', 'stratified_sampling', 'clustering', 'min_max_scaling', 'oversampling', 'ipw']",rf,0.4352690754538294,0.1106541484062658,0.9811922993139246,299.4156472682953,
datasets/german.csv,lr,age,15,20,0.25,0.5,['min_max_scaling'],lr,0.14256284503481242,0.32110916137203716,0.606234851441662,234.23140692710876,
datasets/german.csv,svc,age,15,20,0.25,0.5,"['matching', 'ipw', 'standard']",svc,0.3889582885731849,0.10927365617452302,0.8871902333208928,228.9211163520813,
datasets/german.csv,xgb,age,15,20,0.25,0.5,"['clustering', 'stratified_sampling', 'min_max_scaling', 'oversampling', 'standard']",xgb,0.44531433315704433,0.10813190725958459,0.9987605735736732,333.6903121471405,
datasets/german.csv,rf,age,15,20,0.25,0.75,"['clustering', 'oversampling']",rf,0.48890350932105137,0.017351749882065646,0.9951587685241684,291.3867950439453,
datasets/german.csv,lr,age,15,20,0.25,0.75,"['undersampling', 'matching', 'stratified_sampling', 'standard']",lr,0.3712203669346526,0.16555555555555557,0.9079962894248608,234.21036386489868,
datasets/german.csv,svc,age,15,20,0.25,0.75,"['ipw', 'clustering', 'oversampling']",svc,0.4315709711484481,0.07493866753797902,0.9380806098348753,228.8127760887146,
datasets/german.csv,xgb,age,15,20,0.25,0.75,"['min_max_scaling', 'matching', 'clustering', 'oversampling']",xgb,0.43819586816322303,0.10051166305728297,0.976903399383729,341.71306562423706,
datasets/german.csv,rf,age,15,20,0.5,0.25,"['oversampling', 'standard']",rf,0.4897837374701883,0.01578244931914524,0.9953499242595217,281.52786660194397,
datasets/german.csv,lr,age,15,20,0.5,0.25,"['min_max_scaling', 'matching', 'clustering']",lr,0.3950089801093391,0.10373217695997673,0.8937501371786549,235.64711380004883,
datasets/german.csv,svc,age,15,20,0.5,0.25,"['standard', 'ipw', 'stratified_sampling', 'matching', 'undersampling']",svc,0.29226437847866427,0.31396296296296294,0.8984917199202915,226.90061593055725,
datasets/german.csv,xgb,age,15,20,0.5,0.25,"['standard', 'ipw', 'oversampling']",xgb,0.4734234068779156,0.042176949158574596,0.9890237629144059,352.1954071521759,
datasets/german.csv,rf,age,15,20,0.5,0.5,"['oversampling', 'clustering', 'standard']",rf,0.4913876804635891,0.013196618442202162,0.9959719793693804,279.8394606113434,
datasets/german.csv,lr,age,15,20,0.5,0.5,"['clustering', 'undersampling']",lr,,,0.4274675324675325,236.9808235168457,
datasets/german.csv,svc,age,15,20,0.5,0.5,"['undersampling', 'ipw', 'stratified_sampling', 'clustering']",svc,0.3215568954854669,0.19222222222222218,0.835336013193156,225.43566846847534,
datasets/german.csv,xgb,age,15,20,0.5,0.5,"['standard', 'clustering', 'oversampling']",xgb,0.4766455061770242,0.03775152368051244,0.9910425360345609,355.4843981266022,
datasets/german.csv,rf,age,15,20,0.5,0.75,"['standard', 'oversampling']",rf,0.4897837374701883,0.01578244931914524,0.9953499242595217,276.91074204444885,
datasets/german.csv,lr,age,15,20,0.5,0.75,['stratified_sampling'],lr,,,0.32242712842712845,237.6358494758606,
datasets/german.csv,svc,age,15,20,0.5,0.75,"['undersampling', 'stratified_sampling', 'standard']",svc,0.3312879360498408,0.22666666666666668,0.8892425387663483,225.501216173172,
datasets/german.csv,xgb,age,15,20,0.5,0.75,"['clustering', 'oversampling']",xgb,0.4757928216669581,0.03949135091594437,0.9910769942498605,364.1621024608612,
datasets/german.csv,rf,age,15,20,0.75,0.25,"['stratified_sampling', 'min_max_scaling', 'standard']",rf,0.13403535353535354,0.4000000000000001,0.6680707070707071,257.87136220932007,
datasets/german.csv,lr,age,15,20,0.75,0.25,"['undersampling', 'stratified_sampling']",lr,0.3789499587713873,0.0,0.7578999175427746,237.19525408744812,
datasets/german.csv,svc,age,15,20,0.75,0.25,"['ipw', 'matching']",svc,0.39104135709409427,0.10629086950078803,0.8883735836889766,225.52332472801208,
datasets/german.csv,xgb,age,15,20,0.75,0.25,"['oversampling', 'standard']",xgb,0.4737594582058432,0.0436115846062863,0.9911305010179727,386.0055990219116,
datasets/german.csv,rf,age,15,20,0.75,0.5,"['stratified_sampling', 'oversampling']",rf,0.4309514580896141,0.11799396439641148,0.9798968805756397,252.74876618385315,
datasets/german.csv,lr,age,15,20,0.75,0.5,"['clustering', 'oversampling', 'standard']",lr,0.4350019284464382,0.06556637884355573,0.9355702357364322,246.48589611053467,
datasets/german.csv,svc,age,15,20,0.75,0.5,"['matching', 'clustering', 'min_max_scaling', 'undersampling']",svc,0.34454866121532784,0.1701587301587302,0.8592560525893859,219.21037912368774,
datasets/german.csv,xgb,age,15,20,0.75,0.5,"['clustering', 'oversampling']",xgb,0.4757928216669581,0.03949135091594437,0.9910769942498605,421.081538438797,
datasets/german.csv,rf,age,15,20,0.75,0.75,"['oversampling', 'min_max_scaling']",rf,0.4897704679177971,0.01578244931914524,0.9953233851547394,252.68200516700745,
datasets/german.csv,lr,age,15,20,0.75,0.75,"['oversampling', 'standard']",lr,0.4311713392633926,0.07328859892208067,0.9356312774488658,247.18351769447327,
datasets/german.csv,svc,age,15,20,0.75,0.75,"['oversampling', 'min_max_scaling']",svc,0.42646142874107046,0.08182996718862467,0.9347528246707656,219.4155297279358,
datasets/german.csv,xgb,age,15,20,0.75,0.75,"['matching', 'standard']",xgb,0.39311258678830896,0.10061438017165851,0.8868395537482764,439.796080827713,
datasets/heart.csv,rf,sex,5,5,0.5,0.25,"['matching', 'stratified_sampling']",rf,0.2622032955995104,0.3799242092043949,0.9043308004034156,328.45845794677734,
datasets/heart.csv,lr,sex,5,5,0.5,0.25,"['stratified_sampling', 'clustering', 'min_max_scaling', 'standard']",lr,0.26085580740383163,0.3317786501997028,0.8534902650073661,83.66855049133301,
datasets/heart.csv,svc,sex,5,5,0.5,0.25,"['clustering', 'undersampling']",svc,0.29351226244599093,0.29387472648669116,0.8808992513786731,80.5429356098175,
datasets/heart.csv,xgb,sex,5,5,0.5,0.25,['clustering'],xgb,0.2794008529681702,0.2890198214504088,0.8478215273867491,412.54277777671814,
datasets/heart.csv,rf,sex,5,5,0.25,0.25,"['undersampling', 'clustering', 'standard', 'stratified_sampling', 'matching', 'oversampling', 'min_max_scaling']",rf,0.3567051976125091,0.26467965848155456,0.9780900537065728,411.70434069633484,
datasets/heart.csv,lr,sex,5,5,0.25,0.25,"['clustering', 'standard', 'min_max_scaling', 'ipw']",lr,0.2546116468219235,0.3900170458366941,0.899240339480541,80.30724811553955,
datasets/heart.csv,svc,sex,5,5,0.25,0.25,"['matching', 'oversampling', 'ipw', 'undersampling', 'stratified_sampling', 'min_max_scaling']",svc,0.19523228682080174,0.5576833777830638,0.9481479514246672,89.42554473876953,
datasets/heart.csv,xgb,sex,5,5,0.25,0.25,['min_max_scaling'],xgb,0.2794008529681702,0.2890198214504088,0.8478215273867491,425.73979020118713,
datasets/heart.csv,rf,sex,5,5,0.75,0.75,['oversampling'],rf,0.320764533508307,0.3412119766841077,0.9827410437007218,280.5841221809387,
datasets/heart.csv,lr,sex,5,5,0.75,0.75,"['standard', 'stratified_sampling']",lr,0.25019909785881855,0.3522345247345247,0.8526327204521618,71.00743222236633,
datasets/heart.csv,svc,sex,5,5,0.75,0.75,"['matching', 'min_max_scaling', 'oversampling', 'clustering', 'standard']",svc,0.24025188291161656,0.4712684769906627,0.9517722428138958,108.22737979888916,
datasets/heart.csv,xgb,sex,5,5,0.75,0.75,"['min_max_scaling', 'undersampling']",xgb,0.29945849280717796,0.2736197322467346,0.8725367178610904,631.3374812602997,
datasets/heart.csv,rf,sex,5,5,0.25,0.75,['oversampling'],rf,0.320764533508307,0.3412119766841077,0.9827410437007218,469.5327093601227,
datasets/heart.csv,lr,sex,5,5,0.25,0.75,"['undersampling', 'clustering', 'oversampling', 'matching', 'stratified_sampling']",lr,0.4180857932704911,0.08714644603189496,0.9233180325728771,91.69845271110535,
datasets/heart.csv,svc,sex,5,5,0.25,0.75,"['oversampling', 'clustering', 'min_max_scaling']",svc,0.2785709311561767,0.41798904729682423,0.9751309096091777,98.89253568649292,
datasets/heart.csv,xgb,sex,5,5,0.25,0.75,"['min_max_scaling', 'oversampling']",xgb,0.30887016708731563,0.35838204526649126,0.9761223794411225,627.8077239990234,
datasets/german.csv,rf,age,20,15,0.25,0.25,"['min_max_scaling', 'oversampling', 'matching', 'stratified_sampling', 'undersampling']",rf,0.4352295234539596,0.10658358183159074,0.97704262873951,234.11194324493408,
datasets/german.csv,lr,age,20,15,0.25,0.25,"['standard', 'undersampling', 'min_max_scaling', 'clustering', 'ipw', 'stratified_sampling', 'matching']",lr,0.45846560846560847,0.0830687830687831,1.0,228.32386994361877,
datasets/german.csv,svc,age,20,15,0.25,0.25,"['standard', 'min_max_scaling', 'ipw', 'clustering', 'stratified_sampling', 'oversampling', 'matching']",svc,0.4280432638857741,0.07651734790718638,0.9326038756787345,340.16906809806824,
datasets/german.csv,xgb,age,20,15,0.25,0.25,"['matching', 'oversampling']",xgb,0.4408888579929784,0.09507517398947328,0.9768528899754301,747.8800461292267,
datasets/heart.csv,rf,sex,5,5,0.5,0.5,['min_max_scaling'],rf,0.2801396517393687,0.32328355553103166,0.8835628590097692,412.4951102733612,
datasets/heart.csv,lr,sex,5,5,0.5,0.5,"['clustering', 'standard', 'matching', 'ipw']",lr,0.2636310221978342,0.3703590653263063,0.8976211097219746,91.47629380226135,
datasets/heart.csv,svc,sex,5,5,0.5,0.5,"['undersampling', 'standard', 'oversampling', 'stratified_sampling', 'min_max_scaling', 'ipw']",svc,0.32170650073422224,0.28326388237378947,0.926676883842234,105.72121357917786,
datasets/heart.csv,xgb,sex,5,5,0.5,0.5,"['clustering', 'matching', 'standard', 'ipw']",xgb,0.28792242453415773,0.2845757923531856,0.860420641421501,854.39084815979,
datasets/heart.csv,rf,sex,5,5,0.25,0.5,"['min_max_scaling', 'clustering', 'standard', 'stratified_sampling', 'matching']",rf,0.3037645640843428,0.3221718048033838,0.9297009329720695,561.4954941272736,
datasets/heart.csv,lr,sex,5,5,0.25,0.5,"['standard', 'oversampling', 'ipw', 'clustering', 'matching']",lr,0.25245755541466697,0.4132896842365796,0.9182047950659135,65.8464949131012,
datasets/heart.csv,svc,sex,5,5,0.25,0.5,"['undersampling', 'ipw', 'oversampling']",svc,0.29264453465541185,0.28402152321221735,0.8693105925230411,103.5701584815979,
datasets/heart.csv,xgb,sex,5,5,0.25,0.5,"['clustering', 'stratified_sampling', 'matching', 'ipw', 'standard']",xgb,0.2671407221197461,0.3438138139862035,0.8780952582256957,784.8362023830414,
datasets/heart.csv,rf,sex,5,5,0.75,0.25,"['min_max_scaling', 'matching']",rf,0.31383423657680876,0.2655763033523915,0.893244776506009,434.85557413101196,
datasets/heart.csv,lr,sex,5,5,0.75,0.25,"['standard', 'stratified_sampling']",lr,0.25019909785881855,0.3522345247345247,0.8526327204521618,63.538220167160034,
datasets/heart.csv,svc,sex,5,5,0.75,0.25,"['ipw', 'undersampling', 'stratified_sampling']",svc,0.26555995508343755,0.3536050688217871,0.8847249789886622,95.27209234237671,
datasets/heart.csv,xgb,sex,5,5,0.75,0.25,"['undersampling', 'ipw', 'oversampling', 'min_max_scaling', 'stratified_sampling']",xgb,0.3786245433909586,0.2263238495823635,0.9835729363642807,946.0625262260437,
datasets/german.csv,rf,age,20,15,0.25,0.5,"['ipw', 'oversampling']",rf,0.48941243491037295,0.017173151359871467,0.9959980211806174,246.8973834514618,
datasets/german.csv,lr,age,20,15,0.25,0.5,"['min_max_scaling', 'standard', 'matching']",lr,0.39371618945943987,0.1066078679668923,0.894040246885772,219.81951093673706,
datasets/german.csv,svc,age,20,15,0.25,0.5,"['clustering', 'standard', 'matching']",svc,0.38702635443521244,0.11292591792187696,0.8869786267923019,438.92399048805237,
datasets/german.csv,xgb,age,20,15,0.25,0.5,"['ipw', 'oversampling', 'clustering']",xgb,0.4757928216669581,0.03949135091594437,0.9910769942498605,819.0175335407257,
datasets/german.csv,rf,age,20,15,0.25,0.75,"['standard', 'stratified_sampling', 'matching', 'min_max_scaling', 'oversampling', 'ipw']",rf,0.487129301196246,0.021569178861544264,0.9958277812540363,246.11184239387512,
datasets/german.csv,lr,age,20,15,0.25,0.75,"['min_max_scaling', 'ipw', 'stratified_sampling', 'matching']",lr,0.14429894179894187,0.37777777777777777,0.6663756613756615,219.67243194580078,
datasets/german.csv,svc,age,20,15,0.25,0.75,"['clustering', 'oversampling', 'ipw', 'standard']",svc,0.4358883500591586,0.06649258960579595,0.9382692897241132,444.90433955192566,
datasets/german.csv,xgb,age,20,15,0.25,0.75,['matching'],xgb,0.39311258678830896,0.10061438017165851,0.8868395537482764,821.5148785114288,
datasets/heart.csv,rf,sex,5,10,0.75,0.25,"['min_max_scaling', 'oversampling']",rf,0.324425538695052,0.33331074082185225,0.9821618182119561,505.0394585132599,
datasets/heart.csv,lr,sex,5,10,0.75,0.25,"['min_max_scaling', 'stratified_sampling']",lr,0.24835109925904583,0.37183138498927965,0.8685335835073713,143.7073211669922,
datasets/heart.csv,svc,sex,5,10,0.75,0.25,"['matching', 'standard']",svc,0.26051730852294464,0.37575260288073054,0.8967872199266198,157.108167886734,
datasets/heart.csv,xgb,sex,5,10,0.75,0.25,"['stratified_sampling', 'matching', 'ipw']",xgb,0.2671407221197461,0.3438138139862035,0.8780952582256957,719.7876310348511,
datasets/german.csv,rf,age,20,15,0.5,0.25,"['undersampling', 'oversampling']",rf,0.41934413807873777,0.13933941237898337,0.9780276885364589,245.49291729927063,
datasets/german.csv,lr,age,20,15,0.5,0.25,"['standard', 'stratified_sampling', 'ipw', 'clustering', 'undersampling', 'oversampling', 'min_max_scaling']",lr,0.41254598278705423,0.11277777777777777,0.9378697433518862,219.96457362174988,
datasets/german.csv,svc,age,20,15,0.5,0.25,"['matching', 'clustering']",svc,0.38588763968443174,0.11634638598021003,0.8881216653490736,456.12550473213196,
datasets/german.csv,xgb,age,20,15,0.5,0.25,"['matching', 'undersampling', 'oversampling', 'standard', 'ipw']",xgb,0.42575994079477403,0.12172577503010755,0.9732456566196556,826.9133493900299,
datasets/german.csv,rf,age,20,15,0.5,0.5,"['standard', 'clustering', 'min_max_scaling', 'oversampling', 'ipw']",rf,0.4894919158857714,0.016257389396393065,0.9952412211679359,246.08162569999695,
datasets/german.csv,lr,age,20,15,0.5,0.5,['oversampling'],lr,0.37457991776737154,0.07395286396392038,0.8231126994986635,219.89680886268616,
datasets/german.csv,svc,age,20,15,0.5,0.5,"['matching', 'clustering', 'min_max_scaling']",svc,0.3867965944777655,0.11360967970112028,0.8872028686566512,461.2508339881897,
datasets/german.csv,xgb,age,20,15,0.5,0.5,"['standard', 'min_max_scaling', 'ipw', 'oversampling']",xgb,0.4734234068779156,0.042176949158574596,0.9890237629144059,827.8357427120209,
datasets/heart.csv,rf,sex,5,5,0.75,0.5,"['stratified_sampling', 'matching']",rf,0.2622032955995104,0.3799242092043949,0.9043308004034156,1263.114577293396,
datasets/heart.csv,lr,sex,5,5,0.75,0.5,"['min_max_scaling', 'matching', 'undersampling', 'ipw', 'oversampling', 'standard', 'clustering']",lr,0.30010270406431183,0.32352445043847466,0.9237298585670983,96.58635807037354,
datasets/heart.csv,svc,sex,5,5,0.75,0.5,"['ipw', 'matching', 'min_max_scaling']",svc,0.257105558202676,0.3877585407192308,0.9019696571245829,174.17040872573853,
datasets/heart.csv,xgb,sex,5,5,0.75,0.5,['oversampling'],xgb,0.30887016708731563,0.35838204526649126,0.9761223794411225,109.88358640670776,
datasets/heart.csv,rf,sex,5,10,0.25,0.25,"['clustering', 'min_max_scaling']",rf,0.2783997930639125,0.38421539580006403,0.941014981927889,945.1413400173187,
datasets/heart.csv,lr,sex,5,10,0.25,0.25,"['ipw', 'stratified_sampling', 'clustering']",lr,0.29184533560188347,0.2499082104113064,0.8335988816150733,147.95958137512207,
datasets/heart.csv,svc,sex,5,10,0.25,0.25,['clustering'],svc,0.26086787274259937,0.3745445279670561,0.8962802734522548,166.71094155311584,
datasets/heart.csv,xgb,sex,5,10,0.25,0.25,['stratified_sampling'],xgb,0.24821975975463978,0.34586467597303505,0.8423041954823146,389.6826298236847,
datasets/heart.csv,rf,sex,5,10,0.5,0.25,['min_max_scaling'],rf,0.2801396517393687,0.32328355553103166,0.8835628590097692,323.40729904174805,
datasets/heart.csv,lr,sex,5,10,0.5,0.25,"['min_max_scaling', 'clustering']",lr,0.2903015569994447,0.38078557942907115,0.9613886934279605,120.04257464408875,
datasets/heart.csv,svc,sex,5,10,0.5,0.25,"['oversampling', 'matching', 'standard']",svc,0.23740799712872768,0.4420662000378619,0.9168821942953173,196.38324069976807,
datasets/heart.csv,xgb,sex,5,10,0.5,0.25,"['stratified_sampling', 'matching', 'clustering']",xgb,0.26897993230796957,0.3438138139862035,0.8817736786021426,988.0172901153564,
datasets/german.csv,rf,age,20,15,0.5,0.75,"['oversampling', 'min_max_scaling']",rf,0.4897704679177971,0.01578244931914524,0.9953233851547394,249.82219576835632,
datasets/german.csv,lr,age,20,15,0.5,0.75,"['standard', 'ipw', 'oversampling']",lr,0.4365576807609301,0.06589912120182749,0.9390144827236877,224.244065284729,
datasets/german.csv,svc,age,20,15,0.5,0.75,"['matching', 'ipw']",svc,0.39104135709409427,0.10629086950078803,0.8883735836889766,529.3160421848297,
datasets/german.csv,xgb,age,20,15,0.5,0.75,"['matching', 'ipw', 'stratified_sampling', 'oversampling', 'min_max_scaling']",xgb,0.42816392874292863,0.12401040802464787,0.9803382655105052,806.8909401893616,
datasets/heart.csv,rf,sex,5,20,0.25,0.25,"['matching', 'stratified_sampling']",rf,0.2622032955995104,0.3799242092043949,0.9043308004034156,269.07856798171997,
datasets/heart.csv,lr,sex,5,20,0.25,0.25,"['oversampling', 'stratified_sampling', 'standard', 'min_max_scaling']",lr,0.1448078144011638,0.6509742525633259,0.9405898813656535,267.80594968795776,
datasets/heart.csv,svc,sex,5,20,0.25,0.25,"['stratified_sampling', 'matching', 'standard', 'min_max_scaling', 'clustering', 'oversampling', 'ipw']",svc,0.2694346948278522,0.3942773195680047,0.9331467092237091,300.59011721611023,
datasets/heart.csv,xgb,sex,5,20,0.25,0.25,"['clustering', 'matching', 'min_max_scaling', 'standard', 'ipw', 'oversampling', 'stratified_sampling']",xgb,0.28726075486485236,0.3759067233300643,0.950428233059769,614.9844772815704,
datasets/heart.csv,rf,sex,5,10,0.75,0.75,"['oversampling', 'stratified_sampling']",rf,0.31746112014670513,0.3565004355185984,0.9914226758120087,554.0436894893646,
datasets/heart.csv,lr,sex,5,10,0.75,0.75,"['min_max_scaling', 'clustering']",lr,0.2903015569994447,0.38078557942907115,0.9613886934279605,214.03719520568848,
datasets/heart.csv,svc,sex,5,10,0.75,0.75,['undersampling'],svc,0.2880232260375791,0.30169187424717553,0.8777383263223338,221.69998979568481,
datasets/heart.csv,xgb,sex,5,10,0.75,0.75,"['oversampling', 'min_max_scaling']",xgb,0.30887016708731563,0.35838204526649126,0.9761223794411225,637.898622751236,
datasets/heart.csv,rf,sex,5,15,0.25,0.5,['oversampling'],rf,0.320764533508307,0.3412119766841077,0.9827410437007218,201.1362910270691,
datasets/heart.csv,lr,sex,5,15,0.25,0.5,"['standard', 'oversampling', 'min_max_scaling', 'clustering', 'undersampling']",lr,0.2751199881364257,0.416575427712983,0.9668154039858343,213.23059272766113,
datasets/heart.csv,svc,sex,5,15,0.25,0.5,"['matching', 'stratified_sampling']",svc,0.24155347307590722,0.43279305318005007,0.9158999993318645,330.48664021492004,
datasets/heart.csv,xgb,sex,5,15,0.25,0.5,"['undersampling', 'stratified_sampling']",xgb,0.254115921686042,0.33152709536658537,0.8397589387386694,765.7217259407043,
datasets/heart.csv,rf,sex,5,15,0.25,0.25,"['stratified_sampling', 'standard']",rf,0.2355093975127693,0.4052871494976758,0.8763059445232144,740.3075597286224,
datasets/heart.csv,lr,sex,5,15,0.25,0.25,"['stratified_sampling', 'ipw']",lr,0.27275746377228405,0.2836474859849473,0.8291624135295155,212.1794764995575,
datasets/heart.csv,svc,sex,5,15,0.25,0.25,"['standard', 'stratified_sampling', 'oversampling']",svc,0.1600811412810757,0.6196049112860561,0.9397671938482075,355.8744442462921,
datasets/heart.csv,xgb,sex,5,15,0.25,0.25,"['ipw', 'stratified_sampling']",xgb,0.24821975975463978,0.34586467597303505,0.8423041954823146,353.11219596862793,
datasets/german.csv,rf,age,20,15,0.75,0.25,"['matching', 'ipw']",rf,0.41754460702973006,0.05307287350536741,0.8881620875648275,230.37049770355225,
datasets/german.csv,lr,age,20,15,0.75,0.25,"['min_max_scaling', 'stratified_sampling', 'matching', 'oversampling']",lr,0.43445309100071006,0.037777777777777785,0.9066839597791979,230.89563965797424,
datasets/german.csv,svc,age,20,15,0.75,0.25,"['standard', 'oversampling']",svc,0.4264464800451083,0.08188709327209726,0.934780053362314,577.7295269966125,
datasets/german.csv,xgb,age,20,15,0.75,0.25,"['undersampling', 'ipw', 'min_max_scaling']",xgb,0.03747354497354491,0.4767195767195768,0.5516666666666666,791.914068698883,
datasets/heart.csv,rf,sex,5,15,0.75,0.25,['undersampling'],rf,0.3011687347264388,0.2807400252938011,0.8830774947466786,210.58721733093262,
datasets/heart.csv,lr,sex,5,15,0.75,0.25,"['clustering', 'stratified_sampling']",lr,0.29184533560188347,0.2499082104113064,0.8335988816150733,177.51119136810303,
datasets/heart.csv,svc,sex,5,15,0.75,0.25,['matching'],svc,0.2713019864969357,0.3597694503204784,0.9023734233143499,185.15498876571655,
datasets/heart.csv,xgb,sex,5,15,0.75,0.25,"['ipw', 'oversampling']",xgb,0.30887016708731563,0.35838204526649126,0.9761223794411225,951.7948067188263,
datasets/german.csv,rf,age,20,15,0.75,0.5,"['undersampling', 'oversampling']",rf,0.41934413807873777,0.13933941237898337,0.9780276885364589,229.98714470863342,
datasets/german.csv,lr,age,20,15,0.75,0.5,"['oversampling', 'standard', 'min_max_scaling']",lr,0.4299625923332734,0.07549241322484111,0.9354175978913879,232.92401361465454,
datasets/german.csv,svc,age,20,15,0.75,0.5,"['standard', 'clustering', 'min_max_scaling', 'oversampling']",svc,0.4269085218568546,0.08085853241338459,0.9346755761270937,585.3966999053955,
datasets/german.csv,xgb,age,20,15,0.75,0.5,"['ipw', 'min_max_scaling', 'oversampling']",xgb,0.4734234068779156,0.042176949158574596,0.9890237629144059,788.0945043563843,
datasets/heart.csv,rf,sex,5,5,0.5,0.75,"['oversampling', 'stratified_sampling', 'ipw', 'undersampling', 'matching', 'min_max_scaling']",rf,0.3414594952762522,0.2777301356480923,0.9606491262005967,1052.7715737819672,
datasets/heart.csv,lr,sex,5,5,0.5,0.75,"['standard', 'undersampling', 'clustering', 'min_max_scaling']",lr,0.33881656695011836,0.22257251054733895,0.9002056444475757,98.57558608055115,
datasets/heart.csv,svc,sex,5,5,0.5,0.75,"['matching', 'clustering', 'standard']",svc,0.2969898502518251,0.30275109746720325,0.8967307979708534,154.92597818374634,
datasets/heart.csv,xgb,sex,5,5,0.5,0.75,"['matching', 'oversampling', 'clustering', 'min_max_scaling', 'ipw']",xgb,0.285082523550348,0.3877888809706936,0.9579539280713897,486.77522373199463,
datasets/german.csv,rf,age,20,15,0.75,0.75,"['stratified_sampling', 'oversampling']",rf,0.4309514580896141,0.11799396439641148,0.9798968805756397,230.42992067337036,
datasets/german.csv,lr,age,20,15,0.75,0.75,['matching'],lr,0.3701707549325245,0.0,0.740341509865049,239.60381317138672,
datasets/german.csv,svc,age,20,15,0.75,0.75,"['min_max_scaling', 'matching']",svc,0.38679569394780106,0.11360967970112028,0.8872010675967223,613.7244076728821,
datasets/german.csv,xgb,age,20,15,0.75,0.75,"['oversampling', 'clustering']",xgb,0.4757928216669581,0.03949135091594437,0.9910769942498605,787.7551145553589,
datasets/heart.csv,rf,sex,5,15,0.5,0.5,['matching'],rf,0.31397066202379753,0.2655763033523915,0.8935176273999866,648.0615570545197,
datasets/heart.csv,lr,sex,5,15,0.5,0.5,"['ipw', 'standard', 'stratified_sampling', 'oversampling']",lr,0.3080736569584447,0.3204963961371284,0.9366437100540178,239.29235768318176,
datasets/heart.csv,svc,sex,5,15,0.5,0.5,"['matching', 'undersampling']",svc,0.2704830596539682,0.3462076997076997,0.8871738190156361,235.89883255958557,
datasets/heart.csv,xgb,sex,5,15,0.5,0.5,"['stratified_sampling', 'clustering', 'undersampling']",xgb,0.254115921686042,0.33152709536658537,0.8397589387386694,479.74407744407654,
datasets/heart.csv,rf,sex,10,5,0.5,0.25,['oversampling'],rf,0.320764533508307,0.3412119766841077,0.9827410437007218,570.3250243663788,
datasets/heart.csv,lr,sex,10,5,0.5,0.25,"['oversampling', 'ipw']",lr,0.24728689179183996,0.4099732580694307,0.9045470416531106,194.10516738891602,
datasets/heart.csv,svc,sex,10,5,0.5,0.25,"['standard', 'ipw', 'oversampling']",svc,0.2387797682894992,0.44699362973204004,0.9245531663110385,232.5043613910675,
datasets/heart.csv,xgb,sex,10,5,0.5,0.25,"['clustering', 'matching']",xgb,0.28792242453415773,0.2845757923531856,0.860420641421501,262.5522165298462,
datasets/heart.csv,rf,sex,5,10,0.5,0.5,['min_max_scaling'],rf,0.2801396517393687,0.32328355553103166,0.8835628590097692,326.9566559791565,
datasets/heart.csv,lr,sex,5,10,0.5,0.5,"['standard', 'matching', 'min_max_scaling', 'oversampling', 'undersampling', 'stratified_sampling']",lr,0.17824676435651787,0.5948223065252921,0.9513158352383279,132.03916764259338,
datasets/heart.csv,svc,sex,5,10,0.5,0.5,"['clustering', 'stratified_sampling']",svc,0.2564630873568269,0.3417425264793686,0.8546687011930224,183.56669545173645,
datasets/heart.csv,xgb,sex,5,10,0.5,0.5,"['undersampling', 'standard', 'clustering', 'ipw']",xgb,0.3002521022572274,0.2736197322467346,0.8741239367611895,1195.5088732242584,
datasets/heart.csv,rf,sex,5,20,0.5,0.5,"['min_max_scaling', 'matching']",rf,0.31383423657680876,0.2655763033523915,0.893244776506009,549.3159816265106,
datasets/heart.csv,lr,sex,5,20,0.5,0.5,"['oversampling', 'stratified_sampling', 'undersampling', 'min_max_scaling']",lr,0.2050990997635738,0.49790452980921446,0.908102729336362,354.98718094825745,
datasets/heart.csv,svc,sex,5,20,0.5,0.5,"['clustering', 'oversampling']",svc,0.2400206174299796,0.4479414861612818,0.927982721021241,441.4421420097351,
datasets/heart.csv,xgb,sex,5,20,0.5,0.5,['min_max_scaling'],xgb,0.2794008529681702,0.2890198214504088,0.8478215273867491,205.6407709121704,
datasets/heart.csv,rf,sex,10,5,0.25,0.25,"['clustering', 'oversampling', 'stratified_sampling']",rf,0.30588138888767125,0.380252930586883,0.9920157083622254,868.1210606098175,
datasets/heart.csv,lr,sex,10,5,0.25,0.25,"['matching', 'stratified_sampling', 'min_max_scaling']",lr,0.24730554992298462,0.42770402427523174,0.922315124121201,197.5055890083313,
datasets/heart.csv,svc,sex,10,5,0.25,0.25,"['stratified_sampling', 'min_max_scaling', 'clustering', 'oversampling']",svc,0.32863491252634625,0.31736333587592164,0.9746331609286141,148.1571741104126,
datasets/heart.csv,xgb,sex,10,5,0.25,0.25,"['oversampling', 'matching', 'undersampling']",xgb,0.29712364258107804,0.3897309107749611,0.9839781959371171,262.47389817237854,
datasets/heart.csv,rf,sex,5,10,0.75,0.5,['matching'],rf,0.31397066202379753,0.2655763033523915,0.8935176273999866,314.575692653656,
datasets/heart.csv,lr,sex,5,10,0.75,0.5,"['ipw', 'stratified_sampling']",lr,0.27275746377228405,0.2836474859849473,0.8291624135295155,156.4966835975647,
datasets/heart.csv,svc,sex,5,10,0.75,0.5,"['min_max_scaling', 'undersampling', 'matching']",svc,0.28903526023240245,0.30605130440370715,0.884121824868512,187.08838272094727,
datasets/heart.csv,xgb,sex,5,10,0.75,0.5,"['undersampling', 'standard', 'min_max_scaling', 'stratified_sampling']",xgb,0.2741954960589245,0.315497805714524,0.863888797832373,1193.900996208191,
datasets/heart.csv,rf,sex,5,15,0.25,0.75,"['matching', 'stratified_sampling']",rf,0.2622032955995104,0.3799242092043949,0.9043308004034156,856.2371554374695,
datasets/heart.csv,lr,sex,5,15,0.25,0.75,"['stratified_sampling', 'standard', 'clustering', 'matching']",lr,0.28919948230383297,0.31691730612009245,0.8953162707277584,378.10932183265686,
datasets/heart.csv,svc,sex,5,15,0.25,0.75,"['standard', 'matching', 'clustering', 'undersampling', 'ipw', 'stratified_sampling', 'min_max_scaling']",svc,0.2756729283879935,0.3173692234962258,0.8687150802722128,236.67369675636292,
datasets/heart.csv,xgb,sex,5,15,0.25,0.75,"['clustering', 'ipw']",xgb,0.2794008529681702,0.2890198214504088,0.8478215273867491,232.8940930366516,
datasets/heart.csv,rf,sex,10,5,0.5,0.75,"['clustering', 'oversampling']",rf,0.32404090460757895,0.3378315062744019,0.9859133154895598,826.3134372234344,
datasets/heart.csv,lr,sex,10,5,0.5,0.75,"['standard', 'oversampling', 'clustering', 'min_max_scaling', 'stratified_sampling', 'undersampling']",lr,0.2771514366445764,0.3659968806556148,0.9202997539447677,166.90338826179504,
datasets/heart.csv,svc,sex,10,5,0.5,0.75,"['matching', 'undersampling', 'min_max_scaling', 'ipw', 'standard']",svc,0.2903785496928498,0.2983894472338408,0.8791465466195405,150.72725915908813,
datasets/heart.csv,xgb,sex,10,5,0.5,0.75,"['oversampling', 'clustering', 'matching']",xgb,0.3144024036436909,0.3344857386012143,0.9632905458885961,288.3212089538574,
datasets/heart.csv,rf,sex,10,5,0.75,0.25,"['matching', 'min_max_scaling', 'stratified_sampling']",rf,0.27660210751453695,0.3169399385730655,0.8701441536021394,882.9447495937347,
datasets/heart.csv,lr,sex,10,5,0.75,0.25,"['min_max_scaling', 'undersampling', 'standard']",lr,0.29074507512843506,0.29107498710854923,0.8725651373654193,135.6199631690979,
datasets/heart.csv,svc,sex,10,5,0.75,0.25,"['oversampling', 'matching', 'stratified_sampling']",svc,0.2943415126252878,0.33693452043337624,0.9256175456839518,112.37038803100586,
datasets/heart.csv,xgb,sex,10,5,0.75,0.25,"['clustering', 'undersampling']",xgb,0.3002521022572274,0.2736197322467346,0.8741239367611895,327.82211351394653,
datasets/heart.csv,rf,sex,10,5,0.25,0.75,"['clustering', 'undersampling']",rf,0.32819646555360027,0.24861015626461855,0.9050030873718191,1060.2951328754425,
datasets/heart.csv,lr,sex,10,5,0.25,0.75,"['stratified_sampling', 'ipw', 'undersampling', 'oversampling', 'min_max_scaling', 'clustering', 'matching']",lr,0.3113783547167833,0.3257806076879303,0.948537317121497,101.45926094055176,
datasets/heart.csv,svc,sex,10,5,0.25,0.75,"['min_max_scaling', 'undersampling']",svc,0.2712509833160356,0.33771546418380893,0.8802174308158801,143.84572315216064,
datasets/heart.csv,xgb,sex,10,5,0.25,0.75,"['stratified_sampling', 'undersampling', 'oversampling', 'min_max_scaling']",xgb,0.3786245433909586,0.2263238495823635,0.9835729363642807,291.3379352092743,
datasets/heart.csv,rf,sex,10,5,0.75,0.5,"['clustering', 'oversampling']",rf,0.32404090460757895,0.3378315062744019,0.9859133154895598,1030.8220748901367,
datasets/heart.csv,lr,sex,10,5,0.75,0.5,"['clustering', 'matching', 'standard', 'undersampling', 'stratified_sampling']",lr,0.3005368788049205,0.2805094971677789,0.88158325477762,123.77590894699097,
datasets/heart.csv,svc,sex,10,5,0.75,0.5,"['clustering', 'min_max_scaling', 'stratified_sampling', 'ipw']",svc,0.30359979470052445,0.336224282253694,0.943423871654743,112.9990406036377,
datasets/heart.csv,xgb,sex,10,5,0.75,0.5,"['oversampling', 'standard', 'min_max_scaling']",xgb,0.30887016708731563,0.35838204526649126,0.9761223794411225,252.32169008255005,
datasets/heart.csv,rf,sex,5,15,0.75,0.5,"['stratified_sampling', 'clustering']",rf,0.26583231182791545,0.33263784947995473,0.8643024731357857,1400.5014941692352,
datasets/heart.csv,lr,sex,5,15,0.75,0.5,['undersampling'],lr,0.2833325625394842,0.23024762719270728,0.7969127522716757,155.67446780204773,
datasets/heart.csv,svc,sex,5,15,0.75,0.5,"['matching', 'clustering']",svc,0.27191572521649077,0.35799508241807426,0.9018265328510557,185.90141797065735,
datasets/heart.csv,xgb,sex,5,15,0.75,0.5,"['min_max_scaling', 'undersampling', 'oversampling']",xgb,0.31095113871171653,0.35671253845148176,0.9786148158749148,213.89127397537231,
datasets/heart.csv,rf,sex,5,20,0.25,0.5,"['oversampling', 'undersampling']",rf,0.37336420052244607,0.2245848921821462,0.9713132932270383,992.4139623641968,
datasets/heart.csv,lr,sex,5,20,0.25,0.5,"['min_max_scaling', 'oversampling', 'ipw']",lr,0.24048347741618017,0.4405530915502737,0.9215200463826341,335.0480360984802,
datasets/heart.csv,svc,sex,5,20,0.25,0.5,"['ipw', 'oversampling']",svc,0.2362638441686,0.45151571794978057,0.9240434062869806,203.16847395896912,
datasets/heart.csv,xgb,sex,5,20,0.25,0.5,['stratified_sampling'],xgb,0.24821975975463978,0.34586467597303505,0.8423041954823146,351.00901436805725,
datasets/heart.csv,rf,sex,10,5,0.25,0.5,"['standard', 'undersampling']",rf,0.30662358695718606,0.2675999286754436,0.8808471025898157,1192.6600468158722,
datasets/heart.csv,lr,sex,10,5,0.25,0.5,"['min_max_scaling', 'clustering']",lr,0.2903015569994447,0.38078557942907115,0.9613886934279605,113.54333591461182,
datasets/heart.csv,svc,sex,10,5,0.25,0.5,"['undersampling', 'oversampling', 'ipw']",svc,0.29264453465541185,0.28402152321221735,0.8693105925230411,131.74897575378418,
datasets/heart.csv,xgb,sex,10,5,0.25,0.5,"['standard', 'undersampling']",xgb,0.29945849280717796,0.2736197322467346,0.8725367178610904,201.2871699333191,
datasets/heart.csv,rf,sex,5,10,0.25,0.5,"['stratified_sampling', 'ipw', 'min_max_scaling', 'undersampling', 'matching']",rf,0.3189861154548626,0.23399884286107198,0.8719710737707972,1675.7003235816956,
datasets/heart.csv,lr,sex,5,10,0.25,0.5,"['standard', 'undersampling', 'min_max_scaling', 'oversampling', 'stratified_sampling']",lr,0.2520757856208495,0.40610259826372364,0.9102541695054226,116.0704550743103,
datasets/heart.csv,svc,sex,5,10,0.25,0.5,"['min_max_scaling', 'matching', 'clustering', 'standard']",svc,0.266984180494255,0.3651227983253334,0.8990911593138433,118.59351968765259,
datasets/heart.csv,xgb,sex,5,10,0.25,0.5,"['ipw', 'undersampling']",xgb,0.29945849280717796,0.2736197322467346,0.8725367178610904,289.45360040664673,
datasets/heart.csv,rf,sex,5,15,0.5,0.75,['oversampling'],rf,0.320764533508307,0.3412119766841077,0.9827410437007218,1228.8026113510132,
datasets/heart.csv,lr,sex,5,15,0.5,0.75,"['standard', 'oversampling']",lr,0.24676763136376037,0.4306229464277184,0.9241582091552392,222.90722179412842,
datasets/heart.csv,svc,sex,5,15,0.5,0.75,"['ipw', 'matching']",svc,0.2650505946177294,0.36948668722998607,0.8995878764654449,162.84157252311707,
datasets/heart.csv,xgb,sex,5,15,0.5,0.75,['oversampling'],xgb,0.30887016708731563,0.35838204526649126,0.9761223794411225,384.6555860042572,
datasets/heart.csv,rf,sex,5,10,0.25,0.75,"['matching', 'standard']",rf,0.3135792281560762,0.2655763033523915,0.8927347596645439,1573.6539092063904,
datasets/heart.csv,lr,sex,5,10,0.25,0.75,"['min_max_scaling', 'ipw', 'stratified_sampling', 'standard']",lr,0.25220259221003194,0.354637501874344,0.8590426862944078,99.52616596221924,
datasets/heart.csv,svc,sex,5,10,0.25,0.75,"['stratified_sampling', 'standard', 'undersampling', 'matching', 'clustering']",svc,0.2995200705486727,0.2584789350083468,0.8575190761056921,124.573655128479,
datasets/heart.csv,xgb,sex,5,10,0.25,0.75,"['matching', 'min_max_scaling', 'undersampling', 'clustering']",xgb,0.3139384291939499,0.3184405697183475,0.9463174281062472,410.72326016426086,
datasets/heart.csv,rf,sex,5,10,0.5,0.75,"['matching', 'ipw', 'undersampling', 'clustering', 'oversampling']",rf,0.3258517590674104,0.3410479961601243,0.9927515142949451,1698.7295682430267,
datasets/heart.csv,lr,sex,5,10,0.5,0.75,"['stratified_sampling', 'undersampling', 'oversampling', 'matching', 'clustering']",lr,0.4180857932704911,0.08714644603189496,0.9233180325728771,106.41564202308655,
datasets/heart.csv,svc,sex,5,10,0.5,0.75,"['standard', 'ipw', 'min_max_scaling', 'matching', 'clustering', 'undersampling', 'stratified_sampling']",svc,0.2756729283879935,0.3173692234962258,0.8687150802722128,119.78375101089478,
datasets/heart.csv,xgb,sex,5,10,0.5,0.75,"['oversampling', 'matching']",xgb,0.3144024036436909,0.3344857386012143,0.9632905458885961,270.7848062515259,
datasets/heart.csv,rf,sex,10,5,0.75,0.75,"['min_max_scaling', 'stratified_sampling', 'undersampling', 'matching', 'clustering', 'oversampling', 'ipw']",rf,0.32081523368162757,0.33760080660080655,0.9792312739640616,866.4331192970276,
datasets/heart.csv,lr,sex,10,5,0.75,0.75,"['undersampling', 'oversampling', 'clustering', 'min_max_scaling', 'stratified_sampling', 'ipw', 'matching']",lr,0.3113783547167833,0.3257806076879303,0.948537317121497,125.0736243724823,
datasets/heart.csv,svc,sex,10,5,0.75,0.75,"['undersampling', 'oversampling', 'ipw']",svc,0.29264453465541185,0.28402152321221735,0.8693105925230411,115.96394395828247,
datasets/heart.csv,xgb,sex,10,5,0.75,0.75,"['clustering', 'min_max_scaling', 'undersampling', 'oversampling']",xgb,0.31808814918953376,0.3508058077538517,0.9869821061329193,409.1596574783325,
datasets/heart.csv,rf,sex,10,5,0.5,0.5,"['oversampling', 'undersampling', 'standard', 'matching', 'ipw']",rf,0.38872945927878055,0.21473507973507977,0.9921939982926409,1304.7755539417267,
datasets/heart.csv,lr,sex,10,5,0.5,0.5,"['matching', 'min_max_scaling', 'stratified_sampling', 'clustering']",lr,0.28923451926256694,0.3609316640818189,0.9394007026069527,120.41036009788513,
datasets/heart.csv,svc,sex,10,5,0.5,0.5,"['standard', 'matching', 'stratified_sampling', 'undersampling', 'min_max_scaling']",svc,0.2726191701414662,0.3094445646945647,0.8546829049774971,117.17436361312866,
datasets/heart.csv,xgb,sex,10,5,0.5,0.5,"['standard', 'matching']",xgb,0.28792242453415773,0.2845757923531856,0.860420641421501,98.45700788497925,
datasets/heart.csv,rf,sex,5,20,0.75,0.75,"['oversampling', 'min_max_scaling']",rf,0.324425538695052,0.33331074082185225,0.9821618182119561,745.0068650245667,
datasets/heart.csv,lr,sex,5,20,0.75,0.75,"['clustering', 'min_max_scaling', 'oversampling']",lr,0.2927268248181123,0.38678401507190935,0.972237664708134,397.965616941452,
datasets/heart.csv,svc,sex,5,20,0.75,0.75,"['clustering', 'matching']",svc,0.27191572521649077,0.35799508241807426,0.9018265328510557,224.6842679977417,
datasets/heart.csv,xgb,sex,5,20,0.75,0.75,"['oversampling', 'undersampling', 'clustering']",xgb,0.31095113871171653,0.35671253845148176,0.9786148158749148,483.3061091899872,
datasets/heart.csv,rf,sex,10,10,0.25,0.5,"['oversampling', 'matching', 'undersampling']",rf,0.3381581064892973,0.3170893461145178,0.9934055590931123,771.3336682319641,
datasets/heart.csv,lr,sex,10,10,0.25,0.5,"['oversampling', 'clustering', 'standard', 'matching', 'min_max_scaling', 'stratified_sampling', 'undersampling']",lr,0.30953129504127463,0.2784151568770726,0.8974777469596218,205.40256929397583,
datasets/heart.csv,svc,sex,10,10,0.25,0.5,"['undersampling', 'min_max_scaling', 'matching']",svc,0.28903526023240245,0.30605130440370715,0.884121824868512,226.30062770843506,
datasets/heart.csv,xgb,sex,10,10,0.25,0.5,"['ipw', 'clustering', 'min_max_scaling']",xgb,0.29071692732189325,0.3770579614469774,0.958491816090764,171.9684727191925,
datasets/heart.csv,rf,sex,5,15,0.5,0.25,"['matching', 'undersampling', 'stratified_sampling']",rf,0.3139235203038184,0.251200539226855,0.8790475798344918,1380.9900901317596,
datasets/heart.csv,lr,sex,5,15,0.5,0.25,"['min_max_scaling', 'stratified_sampling', 'standard', 'oversampling', 'ipw', 'matching']",lr,0.13738851000977748,0.6819210798766036,0.9566980998961585,166.72331142425537,
datasets/heart.csv,svc,sex,5,15,0.5,0.25,"['clustering', 'oversampling', 'standard']",svc,0.29558644959775693,0.3497925255288994,0.9409654247244132,169.43878293037415,
datasets/heart.csv,xgb,sex,5,15,0.5,0.25,"['min_max_scaling', 'clustering']",xgb,0.29071692732189325,0.3770579614469774,0.958491816090764,343.23605012893677,
datasets/heart.csv,rf,sex,5,15,0.75,0.75,"['stratified_sampling', 'oversampling']",rf,0.31746112014670513,0.3565004355185984,0.9914226758120087,1443.7314989566803,
datasets/heart.csv,lr,sex,5,15,0.75,0.75,"['undersampling', 'stratified_sampling']",lr,0.27143503815350145,0.27660940127759354,0.8194794775845964,162.55477142333984,
datasets/heart.csv,svc,sex,5,15,0.75,0.75,"['clustering', 'matching']",svc,0.27191572521649077,0.35799508241807426,0.9018265328510557,192.31499123573303,
datasets/heart.csv,xgb,sex,5,15,0.75,0.75,"['clustering', 'min_max_scaling', 'matching']",xgb,0.3042423116206878,0.34480111667012814,0.9532857399115038,238.6878843307495,
datasets/heart.csv,rf,sex,10,10,0.25,0.75,['matching'],rf,0.31397066202379753,0.2655763033523915,0.8935176273999866,722.8567698001862,
datasets/heart.csv,lr,sex,10,10,0.25,0.75,"['stratified_sampling', 'min_max_scaling', 'clustering', 'undersampling', 'standard', 'oversampling']",lr,0.2771514366445764,0.3659968806556148,0.9202997539447677,211.39908862113953,
datasets/heart.csv,svc,sex,10,10,0.25,0.75,"['min_max_scaling', 'matching', 'clustering']",svc,0.3149577924356036,0.34129643421807726,0.9712120190892846,251.90969276428223,
datasets/heart.csv,xgb,sex,10,10,0.25,0.75,"['oversampling', 'standard']",xgb,0.30887016708731563,0.35838204526649126,0.9761223794411225,103.31025886535645,
datasets/heart.csv,rf,sex,5,20,0.5,0.25,"['min_max_scaling', 'oversampling']",rf,0.324425538695052,0.33331074082185225,0.9821618182119561,1423.1601057052612,
datasets/heart.csv,lr,sex,5,20,0.5,0.25,"['standard', 'oversampling']",lr,0.24676763136376037,0.4306229464277184,0.9241582091552392,227.02426719665527,
datasets/heart.csv,svc,sex,5,20,0.5,0.25,"['min_max_scaling', 'ipw', 'oversampling', 'undersampling']",svc,0.223540774128749,0.46819865550497264,0.9152802037624707,231.9233582019806,
datasets/heart.csv,xgb,sex,5,20,0.5,0.25,['oversampling'],xgb,0.30887016708731563,0.35838204526649126,0.9761223794411225,79.68972969055176,
datasets/heart.csv,rf,sex,5,20,0.25,0.75,"['oversampling', 'stratified_sampling']",rf,0.31746112014670513,0.3565004355185984,0.9914226758120087,1285.520429611206,
datasets/heart.csv,lr,sex,5,20,0.25,0.75,"['matching', 'undersampling', 'min_max_scaling', 'ipw', 'oversampling', 'clustering', 'standard', 'stratified_sampling']",lr,0.24815035727571041,0.44496657973774684,0.9412672942891677,200.77142524719238,
datasets/heart.csv,svc,sex,5,20,0.25,0.75,"['clustering', 'matching', 'min_max_scaling', 'undersampling']",svc,0.29471918914250683,0.29235734728869733,0.881795725573711,260.021201133728,
datasets/heart.csv,xgb,sex,5,20,0.25,0.75,"['ipw', 'undersampling']",xgb,0.29945849280717796,0.2736197322467346,0.8725367178610904,255.6517539024353,
datasets/heart.csv,rf,sex,5,20,0.5,0.75,"['oversampling', 'min_max_scaling']",rf,0.324425538695052,0.33331074082185225,0.9821618182119561,1417.6349511146545,
datasets/heart.csv,lr,sex,5,20,0.5,0.75,"['stratified_sampling', 'min_max_scaling', 'oversampling', 'undersampling', 'clustering', 'standard', 'matching']",lr,0.30953129504127463,0.2784151568770726,0.8974777469596218,239.59692335128784,
datasets/heart.csv,svc,sex,5,20,0.5,0.75,"['matching', 'ipw']",svc,0.2650505946177294,0.36948668722998607,0.8995878764654449,223.78100633621216,
datasets/heart.csv,xgb,sex,5,20,0.5,0.75,"['ipw', 'min_max_scaling', 'matching']",xgb,0.28792242453415773,0.2845757923531856,0.860420641421501,106.17603802680969,
datasets/heart.csv,rf,sex,10,10,0.25,0.25,"['stratified_sampling', 'oversampling']",rf,0.31746112014670513,0.3565004355185984,0.9914226758120087,1151.5419228076935,
datasets/heart.csv,lr,sex,10,10,0.25,0.25,"['clustering', 'min_max_scaling', 'oversampling', 'standard', 'matching']",lr,0.28624776156524473,0.3593088020035209,0.9318043251340103,232.45369839668274,
datasets/heart.csv,svc,sex,10,10,0.25,0.25,"['ipw', 'matching', 'clustering', 'undersampling', 'oversampling', 'standard']",svc,0.2803391045358281,0.3800828240535628,0.940761033125219,140.34254264831543,
datasets/heart.csv,xgb,sex,10,10,0.25,0.25,"['clustering', 'min_max_scaling']",xgb,0.29071692732189325,0.3770579614469774,0.958491816090764,62.40875005722046,
datasets/heart.csv,rf,sex,15,5,0.5,0.5,"['oversampling', 'min_max_scaling']",rf,0.324425538695052,0.33331074082185225,0.9821618182119561,165.29902839660645,
datasets/heart.csv,lr,sex,15,5,0.5,0.5,"['oversampling', 'standard', 'clustering', 'stratified_sampling', 'undersampling']",lr,0.34928485266910553,0.22667164420260397,0.925241349540815,156.64086818695068,
datasets/heart.csv,svc,sex,15,5,0.5,0.5,"['min_max_scaling', 'ipw', 'oversampling', 'undersampling', 'standard', 'matching']",svc,0.32984553839189523,0.28292494579599176,0.9426160225797823,52.904656410217285,
datasets/heart.csv,xgb,sex,15,5,0.5,0.5,"['standard', 'ipw', 'oversampling']",xgb,0.30887016708731563,0.35838204526649126,0.9761223794411225,55.52084255218506,
datasets/heart.csv,rf,sex,15,5,0.75,0.25,['oversampling'],rf,0.320764533508307,0.3412119766841077,0.9827410437007218,164.42159581184387,
datasets/heart.csv,lr,sex,15,5,0.75,0.25,"['stratified_sampling', 'clustering', 'matching', 'oversampling', 'undersampling']",lr,0.4180857932704911,0.08714644603189496,0.9233180325728771,153.48556923866272,
datasets/heart.csv,svc,sex,15,5,0.75,0.25,"['matching', 'ipw', 'undersampling', 'clustering']",svc,0.2994700080375208,0.28081982874316963,0.8797598448182112,48.99310922622681,
datasets/heart.csv,xgb,sex,15,5,0.75,0.25,"['min_max_scaling', 'clustering']",xgb,0.29071692732189325,0.3770579614469774,0.958491816090764,55.9997193813324,
datasets/heart.csv,rf,sex,10,10,0.75,0.75,"['stratified_sampling', 'oversampling']",rf,0.31746112014670513,0.3565004355185984,0.9914226758120087,340.3265583515167,
datasets/heart.csv,lr,sex,10,10,0.75,0.75,"['oversampling', 'matching', 'undersampling']",lr,0.3787266581140199,0.12105512943422936,0.8785084456622692,231.39211773872375,
datasets/heart.csv,svc,sex,10,10,0.75,0.75,"['stratified_sampling', 'oversampling', 'matching']",svc,0.2943415126252878,0.33693452043337624,0.9256175456839518,154.62826228141785,
datasets/heart.csv,xgb,sex,10,10,0.75,0.75,['matching'],xgb,0.28792242453415773,0.2845757923531856,0.860420641421501,77.38519811630249,
datasets/heart.csv,rf,sex,10,10,0.5,0.5,"['standard', 'matching']",rf,0.3135792281560762,0.2655763033523915,0.8927347596645439,588.2078063488007,
datasets/heart.csv,lr,sex,10,10,0.5,0.5,"['oversampling', 'clustering', 'stratified_sampling', 'undersampling', 'matching']",lr,0.4180857932704911,0.08714644603189496,0.9233180325728771,245.65979647636414,
datasets/heart.csv,svc,sex,10,10,0.5,0.5,"['stratified_sampling', 'clustering']",svc,0.2564630873568269,0.3417425264793686,0.8546687011930224,150.2001039981842,
datasets/heart.csv,xgb,sex,10,10,0.5,0.5,"['undersampling', 'min_max_scaling', 'clustering']",xgb,0.34456255388762286,0.27544785602565924,0.964572963800905,78.35365772247314,
datasets/heart.csv,rf,sex,15,5,0.25,0.25,"['stratified_sampling', 'oversampling']",rf,0.31746112014670513,0.3565004355185984,0.9914226758120087,312.31845593452454,
datasets/heart.csv,lr,sex,15,5,0.25,0.25,"['oversampling', 'stratified_sampling']",lr,0.2545717674431882,0.3428556954529494,0.8519992303393258,111.59265875816345,
datasets/heart.csv,svc,sex,15,5,0.25,0.25,"['oversampling', 'matching', 'standard', 'clustering']",svc,0.2755734354764724,0.38571169571169567,0.9368585666646405,48.88956570625305,
datasets/heart.csv,xgb,sex,15,5,0.25,0.25,"['oversampling', 'standard']",xgb,0.30887016708731563,0.35838204526649126,0.9761223794411225,47.12632727622986,
datasets/heart.csv,rf,sex,5,20,0.75,0.25,"['undersampling', 'oversampling', 'matching', 'standard', 'clustering', 'ipw']",rf,0.36679337472277307,0.25375692042511266,0.9873436698706588,1622.262156009674,
datasets/heart.csv,lr,sex,5,20,0.75,0.25,"['standard', 'clustering', 'min_max_scaling']",lr,0.27098421036930254,0.350140397881783,0.8921088186203882,230.93504166603088,
datasets/heart.csv,svc,sex,5,20,0.75,0.25,"['stratified_sampling', 'standard', 'min_max_scaling']",svc,0.2510478421184552,0.3522345247345247,0.8543302089714352,82.78774785995483,
datasets/heart.csv,xgb,sex,5,20,0.75,0.25,"['ipw', 'undersampling']",xgb,0.29945849280717796,0.2736197322467346,0.8725367178610904,70.96072936058044,
datasets/heart.csv,rf,sex,10,10,0.75,0.25,"['oversampling', 'ipw', 'stratified_sampling', 'standard']",rf,0.30591871711551777,0.35613638053978036,0.9679738147708159,526.3977777957916,
datasets/heart.csv,lr,sex,10,10,0.75,0.25,"['ipw', 'stratified_sampling', 'oversampling', 'min_max_scaling', 'undersampling']",lr,0.34809654388051336,0.22861559656542352,0.9248086843264502,220.2868082523346,
datasets/heart.csv,svc,sex,10,10,0.75,0.25,"['ipw', 'standard', 'stratified_sampling', 'oversampling', 'clustering', 'min_max_scaling']",svc,0.30888659759073067,0.33151935487175765,0.949292550053219,78.01698207855225,
datasets/heart.csv,xgb,sex,10,10,0.75,0.25,"['min_max_scaling', 'matching']",xgb,0.28792242453415773,0.2845757923531856,0.860420641421501,70.97093987464905,
datasets/heart.csv,rf,sex,15,5,0.25,0.5,"['min_max_scaling', 'ipw', 'clustering', 'undersampling', 'oversampling', 'matching']",rf,0.3730721640162682,0.24116432783252006,0.9873086558650565,305.43673181533813,
datasets/heart.csv,lr,sex,15,5,0.25,0.5,"['stratified_sampling', 'clustering']",lr,0.29184533560188347,0.2499082104113064,0.8335988816150733,95.73921251296997,
datasets/heart.csv,svc,sex,15,5,0.25,0.5,"['clustering', 'matching', 'undersampling', 'stratified_sampling']",svc,0.2522939428335139,0.42446599590764356,0.9290538815746714,53.2033257484436,
datasets/heart.csv,xgb,sex,15,5,0.25,0.5,"['undersampling', 'ipw']",xgb,0.29945849280717796,0.2736197322467346,0.8725367178610904,42.165160179138184,
datasets/heart.csv,rf,sex,10,10,0.5,0.25,"['oversampling', 'min_max_scaling']",rf,0.324425538695052,0.33331074082185225,0.9821618182119561,925.4864699840546,
datasets/heart.csv,lr,sex,10,10,0.5,0.25,"['undersampling', 'min_max_scaling', 'matching', 'oversampling', 'standard']",lr,0.3017247816057814,0.31529397164408607,0.918743534855649,205.5254032611847,
datasets/heart.csv,svc,sex,10,10,0.5,0.25,"['matching', 'undersampling', 'standard', 'stratified_sampling']",svc,0.28864092261627394,0.3111930719583759,0.8884749171909239,73.39755630493164,
datasets/heart.csv,xgb,sex,10,10,0.5,0.25,['undersampling'],xgb,0.29945849280717796,0.2736197322467346,0.8725367178610904,64.29023313522339,
datasets/heart.csv,rf,sex,15,5,0.5,0.25,"['min_max_scaling', 'matching']",rf,0.31383423657680876,0.2655763033523915,0.893244776506009,315.81804060935974,
datasets/heart.csv,lr,sex,15,5,0.5,0.25,"['standard', 'min_max_scaling', 'ipw', 'matching', 'stratified_sampling', 'undersampling', 'oversampling']",lr,0.3259810023924119,0.2921770081770082,0.944139012961832,77.21053338050842,
datasets/heart.csv,svc,sex,15,5,0.5,0.25,"['ipw', 'matching']",svc,0.2650505946177294,0.36948668722998607,0.8995878764654449,50.566115617752075,
datasets/heart.csv,xgb,sex,15,5,0.5,0.25,"['oversampling', 'matching']",xgb,0.3144024036436909,0.3344857386012143,0.9632905458885961,46.46426057815552,
datasets/heart.csv,rf,sex,15,5,0.5,0.75,"['standard', 'stratified_sampling', 'oversampling', 'matching']",rf,0.3884987881889218,0.19294273264861497,0.9699403090264586,292.80847096443176,
datasets/heart.csv,lr,sex,15,5,0.5,0.75,"['clustering', 'undersampling', 'oversampling', 'stratified_sampling', 'matching']",lr,0.4180857932704911,0.08714644603189496,0.9233180325728771,68.79748558998108,
datasets/heart.csv,svc,sex,15,5,0.5,0.75,"['oversampling', 'stratified_sampling', 'ipw', 'undersampling', 'matching']",svc,0.27788090000822363,0.4195107579089272,0.9752725579253745,50.35340595245361,
datasets/heart.csv,xgb,sex,15,5,0.5,0.75,"['stratified_sampling', 'standard', 'matching', 'ipw', 'oversampling']",xgb,0.29148820132628755,0.38541666462909774,0.9683930672816728,46.73298001289368,
datasets/heart.csv,rf,sex,15,5,0.25,0.75,['oversampling'],rf,0.320764533508307,0.3412119766841077,0.9827410437007218,303.0540988445282,
datasets/heart.csv,lr,sex,15,5,0.25,0.75,"['ipw', 'min_max_scaling', 'undersampling', 'stratified_sampling', 'standard', 'oversampling', 'matching']",lr,0.3259810023924119,0.2921770081770082,0.944139012961832,89.9307861328125,
datasets/heart.csv,svc,sex,15,5,0.25,0.75,['undersampling'],svc,0.2880232260375791,0.30169187424717553,0.8777383263223338,53.064762592315674,
datasets/heart.csv,xgb,sex,15,5,0.25,0.75,['oversampling'],xgb,0.30887016708731563,0.35838204526649126,0.9761223794411225,53.47636914253235,
datasets/german.csv,rf,age,20,20,0.25,0.25,"['stratified_sampling', 'undersampling', 'clustering']",rf,0.36224707391374056,0.125,0.8494941478274811,305.65564227104187,
datasets/german.csv,lr,age,20,20,0.25,0.25,"['undersampling', 'ipw', 'standard', 'oversampling', 'clustering', 'stratified_sampling']",lr,0.3571243558029272,0.1855555555555556,0.8998042671614099,542.9731845855713,
datasets/german.csv,svc,age,20,20,0.25,0.25,"['oversampling', 'min_max_scaling', 'standard']",svc,0.42646125206996055,0.08182996718862467,0.9347524713285458,1027.8456847667694,
datasets/german.csv,xgb,age,20,20,0.25,0.25,"['min_max_scaling', 'oversampling', 'ipw', 'matching']",xgb,0.4408888579929784,0.09507517398947328,0.9768528899754301,555.3102524280548,
datasets/german.csv,rf,age,20,20,0.25,0.5,"['stratified_sampling', 'clustering', 'undersampling']",rf,0.36224707391374056,0.125,0.8494941478274811,304.95738101005554,
datasets/german.csv,lr,age,20,20,0.25,0.5,"['ipw', 'matching', 'standard', 'clustering']",lr,0.39590716046036817,0.10208627191613641,0.8939005928368727,546.4357500076294,
datasets/german.csv,svc,age,20,20,0.25,0.5,"['oversampling', 'standard', 'undersampling', 'stratified_sampling', 'ipw', 'clustering']",svc,0.4342647314080038,0.06597814011106572,0.9345076029270734,1026.8945996761322,
datasets/german.csv,xgb,age,20,20,0.25,0.5,"['oversampling', 'clustering']",xgb,0.4757928216669581,0.03949135091594437,0.9910769942498605,553.0975432395935,
datasets/german.csv,rf,age,20,20,0.25,0.75,"['standard', 'min_max_scaling', 'oversampling', 'ipw', 'stratified_sampling', 'clustering']",rf,0.4352690754538294,0.1106541484062658,0.9811922993139246,303.9101994037628,
datasets/german.csv,lr,age,20,20,0.25,0.75,"['min_max_scaling', 'standard', 'ipw', 'undersampling', 'oversampling', 'matching']",lr,0.27651691625105096,0.15270672390722703,0.705740556409329,553.0148038864136,
datasets/german.csv,svc,age,20,20,0.25,0.75,"['min_max_scaling', 'oversampling']",svc,0.42646142874107046,0.08182996718862467,0.9347528246707656,1028.5739641189575,
datasets/german.csv,xgb,age,20,20,0.25,0.75,"['oversampling', 'clustering', 'standard']",xgb,0.4766455061770242,0.03775152368051244,0.9910425360345609,542.7644517421722,
datasets/german.csv,rf,age,20,20,0.5,0.25,"['matching', 'clustering', 'undersampling', 'ipw']",rf,0.3459066859066859,0.17,0.8618133718133718,303.977130651474,
datasets/german.csv,lr,age,20,20,0.5,0.25,"['standard', 'oversampling', 'ipw']",lr,0.4365576807609301,0.06589912120182749,0.9390144827236877,554.8097128868103,
datasets/german.csv,svc,age,20,20,0.5,0.25,"['undersampling', 'oversampling', 'min_max_scaling', 'clustering']",svc,0.2539206666903413,0.19720389584229228,0.7050452292229749,1027.9303650856018,
datasets/german.csv,xgb,age,20,20,0.5,0.25,"['undersampling', 'matching', 'standard', 'stratified_sampling', 'oversampling']",xgb,0.4295974460126997,0.11730097693357781,0.9764958689589772,542.3465373516083,
datasets/german.csv,rf,age,20,20,0.5,0.5,"['oversampling', 'stratified_sampling']",rf,0.4309514580896141,0.11799396439641148,0.9798968805756397,303.44022369384766,
datasets/german.csv,lr,age,20,20,0.5,0.5,"['undersampling', 'oversampling', 'stratified_sampling', 'ipw']",lr,0.39934676700497374,0.0359236076897354,0.8346171416996828,561.7728941440582,
datasets/german.csv,svc,age,20,20,0.5,0.5,"['oversampling', 'ipw', 'clustering', 'standard']",svc,0.4358883500591586,0.06649258960579595,0.9382692897241132,1025.0569744110107,
datasets/german.csv,xgb,age,20,20,0.5,0.5,"['matching', 'standard']",xgb,0.39311258678830896,0.10061438017165851,0.8868395537482764,537.1547176837921,
datasets/german.csv,rf,age,20,20,0.5,0.75,"['min_max_scaling', 'ipw', 'oversampling']",rf,0.49030459756280614,0.014640648968857818,0.9952498440944701,303.24669194221497,
datasets/german.csv,lr,age,20,20,0.5,0.75,['oversampling'],lr,0.37457991776737154,0.07395286396392038,0.8231126994986635,567.734653711319,
datasets/german.csv,svc,age,20,20,0.5,0.75,"['standard', 'matching', 'clustering']",svc,0.38702635443521244,0.11292591792187696,0.8869786267923019,1024.2521438598633,
datasets/german.csv,xgb,age,20,20,0.5,0.75,"['oversampling', 'ipw', 'matching']",xgb,0.4408888579929784,0.09507517398947328,0.9768528899754301,531.2538480758667,
datasets/heart.csv,rf,sex,5,20,0.75,0.5,"['min_max_scaling', 'clustering', 'standard', 'matching']",rf,0.29690865005955724,0.3053149161435539,0.8991322162626684,1683.2271654605865,
datasets/heart.csv,lr,sex,5,20,0.75,0.5,"['stratified_sampling', 'min_max_scaling', 'undersampling', 'clustering', 'standard']",lr,0.3189227806046393,0.26634265402067253,0.9041882152299511,179.5229034423828,
datasets/heart.csv,svc,sex,5,20,0.75,0.5,"['ipw', 'stratified_sampling', 'matching']",svc,0.24363769836722274,0.43279305318005007,0.9200684499144955,67.04869341850281,
datasets/heart.csv,xgb,sex,5,20,0.75,0.5,"['ipw', 'oversampling']",xgb,0.30887016708731563,0.35838204526649126,0.9761223794411225,57.93080949783325,
datasets/german.csv,rf,age,20,20,0.75,0.25,"['oversampling', 'ipw', 'standard']",rf,0.4902800630415148,0.014640648968857818,0.9952007750518874,302.58640575408936,
datasets/german.csv,lr,age,20,20,0.75,0.25,"['oversampling', 'standard']",lr,0.4311713392633926,0.07328859892208067,0.9356312774488658,588.1667885780334,
datasets/german.csv,svc,age,20,20,0.75,0.25,"['undersampling', 'matching']",svc,0.12040476190476193,0.41444444444444445,0.6552539682539683,1018.4120626449585,
datasets/german.csv,xgb,age,20,20,0.75,0.25,"['ipw', 'matching']",xgb,0.38951225244522875,0.08397667311806234,0.8630011780085198,514.3088185787201,
datasets/heart.csv,rf,sex,15,5,0.75,0.75,"['matching', 'ipw', 'oversampling', 'undersampling']",rf,0.3495551537904098,0.28757854725436727,0.9866888548351869,144.1817033290863,
datasets/heart.csv,lr,sex,15,5,0.75,0.75,"['ipw', 'oversampling', 'matching', 'standard', 'stratified_sampling']",lr,0.297793537569021,0.34176374092049144,0.9373508160585334,46.88759088516235,
datasets/heart.csv,svc,sex,15,5,0.75,0.75,"['standard', 'undersampling', 'matching']",svc,0.2905509263358147,0.2983894472338408,0.8794912999054703,59.30893611907959,
datasets/heart.csv,xgb,sex,15,5,0.75,0.75,"['oversampling', 'undersampling', 'ipw', 'standard']",xgb,0.3656999803623222,0.19093020760068816,0.9223301683253325,39.4665949344635,
datasets/heart.csv,rf,sex,10,10,0.5,0.75,"['clustering', 'undersampling']",rf,0.32819646555360027,0.24861015626461855,0.9050030873718191,773.1473186016083,
datasets/heart.csv,lr,sex,10,10,0.5,0.75,"['clustering', 'oversampling', 'stratified_sampling', 'ipw', 'min_max_scaling', 'standard']",lr,0.3076062469843268,0.33414151320329816,0.9493540071719517,146.51668572425842,
datasets/heart.csv,svc,sex,10,10,0.5,0.75,"['min_max_scaling', 'matching', 'undersampling']",svc,0.28903526023240245,0.30605130440370715,0.884121824868512,62.4677414894104,
datasets/heart.csv,xgb,sex,10,10,0.5,0.75,"['oversampling', 'matching']",xgb,0.3144024036436909,0.3344857386012143,0.9632905458885961,57.13373374938965,
datasets/german.csv,rf,age,20,20,0.75,0.5,"['oversampling', 'min_max_scaling']",rf,0.4897704679177971,0.01578244931914524,0.9953233851547394,303.6199815273285,
datasets/german.csv,lr,age,20,20,0.75,0.5,"['oversampling', 'ipw', 'matching', 'stratified_sampling', 'standard']",lr,0.386590737305023,0.13111111111111112,0.9042925857211571,603.0509214401245,
datasets/german.csv,svc,age,20,20,0.75,0.5,"['oversampling', 'clustering']",svc,0.426971734533377,0.08169728146689742,0.9356407505336515,1022.5764396190643,
datasets/german.csv,xgb,age,20,20,0.75,0.5,"['ipw', 'min_max_scaling', 'clustering', 'matching']",xgb,0.38951225244522875,0.08397667311806234,0.8630011780085198,493.0409734249115,
datasets/heart.csv,rf,sex,15,5,0.75,0.5,"['clustering', 'stratified_sampling', 'matching', 'min_max_scaling', 'undersampling', 'ipw']",rf,0.2955849047551937,0.28225099519217167,0.8734208047025591,162.59118819236755,
datasets/heart.csv,lr,sex,15,5,0.75,0.5,"['undersampling', 'matching', 'clustering', 'oversampling', 'stratified_sampling']",lr,0.4180857932704911,0.08714644603189496,0.9233180325728771,60.1959228515625,
datasets/heart.csv,svc,sex,15,5,0.75,0.5,"['min_max_scaling', 'clustering']",svc,0.2953781337371503,0.376281297479137,0.9670375649534376,50.15479230880737,
datasets/heart.csv,xgb,sex,15,5,0.75,0.5,"['undersampling', 'standard']",xgb,0.29945849280717796,0.2736197322467346,0.8725367178610904,61.05206847190857,
datasets/german.csv,rf,age,20,20,0.75,0.75,"['min_max_scaling', 'oversampling']",rf,0.4897704679177971,0.01578244931914524,0.9953233851547394,303.00653314590454,
datasets/german.csv,lr,age,20,20,0.75,0.75,"['matching', 'ipw', 'min_max_scaling']",lr,0.41265393751831725,0.0,0.8253078750366345,625.9155354499817,
datasets/german.csv,svc,age,20,20,0.75,0.75,"['standard', 'oversampling']",svc,0.4264464800451083,0.08188709327209726,0.934780053362314,1015.9830837249756,
datasets/german.csv,xgb,age,20,20,0.75,0.75,"['clustering', 'matching']",xgb,0.39478324434397133,0.09608398477294854,0.8856504734608912,472.05644154548645,
datasets/heart.csv,rf,sex,10,10,0.75,0.5,"['matching', 'min_max_scaling']",rf,0.31383423657680876,0.2655763033523915,0.893244776506009,612.0822472572327,
datasets/heart.csv,lr,sex,10,10,0.75,0.5,"['standard', 'ipw', 'matching']",lr,0.26198892648387584,0.3701992569596815,0.8941771099274332,153.77161169052124,
datasets/heart.csv,svc,sex,10,10,0.75,0.5,"['oversampling', 'standard', 'undersampling', 'ipw']",svc,0.2885423398804753,0.28970795272473376,0.8667926324856843,62.6982159614563,
datasets/heart.csv,xgb,sex,10,10,0.75,0.5,"['ipw', 'standard', 'oversampling']",xgb,0.30887016708731563,0.35838204526649126,0.9761223794411225,64.38454532623291,
datasets/heart.csv,rf,sex,10,15,0.25,0.25,['matching'],rf,0.31397066202379753,0.2655763033523915,0.8935176273999866,322.2191336154938,
datasets/heart.csv,lr,sex,10,15,0.25,0.25,"['stratified_sampling', 'clustering']",lr,0.29184533560188347,0.2499082104113064,0.8335988816150733,334.1733627319336,
datasets/heart.csv,svc,sex,10,15,0.25,0.25,"['standard', 'oversampling', 'matching', 'min_max_scaling', 'clustering', 'ipw', 'undersampling']",svc,0.4170430495835477,0.12343652643652646,0.9575226256036219,109.79522132873535,
datasets/heart.csv,xgb,sex,10,15,0.25,0.25,"['min_max_scaling', 'oversampling', 'stratified_sampling', 'matching']",xgb,0.20411197132193287,0.5782465087340017,0.9864704513778675,80.99297881126404,
datasets/heart.csv,rf,sex,10,15,0.25,0.75,"['oversampling', 'min_max_scaling']",rf,0.324425538695052,0.33331074082185225,0.9821618182119561,316.95624709129333,
datasets/heart.csv,lr,sex,10,15,0.25,0.75,"['min_max_scaling', 'clustering', 'oversampling']",lr,0.2927268248181123,0.38678401507190935,0.972237664708134,326.7924222946167,
datasets/heart.csv,svc,sex,10,15,0.25,0.75,"['stratified_sampling', 'undersampling']",svc,0.27001597562600377,0.3408885329783163,0.8809204842303238,105.15763020515442,
datasets/heart.csv,xgb,sex,10,15,0.25,0.75,"['min_max_scaling', 'standard', 'undersampling', 'stratified_sampling', 'oversampling']",xgb,0.336001688970019,0.2588990583956259,0.9309024363356638,77.94309639930725,
datasets/heart.csv,rf,sex,10,15,0.5,0.25,"['undersampling', 'stratified_sampling']",rf,0.2563653111986426,0.3341991040370685,0.8469297264343536,315.06132197380066,
datasets/heart.csv,lr,sex,10,15,0.5,0.25,"['stratified_sampling', 'standard', 'min_max_scaling']",lr,0.25019909785881855,0.3522345247345247,0.8526327204521618,320.6717245578766,
datasets/heart.csv,svc,sex,10,15,0.5,0.25,"['oversampling', 'clustering', 'stratified_sampling']",svc,0.2817386437029889,0.353618316774577,0.9170956041805548,105.46772122383118,
datasets/heart.csv,xgb,sex,10,15,0.5,0.25,['undersampling'],xgb,0.29945849280717796,0.2736197322467346,0.8725367178610904,75.9373140335083,
datasets/heart.csv,rf,sex,10,15,0.75,0.25,"['min_max_scaling', 'oversampling']",rf,0.324425538695052,0.33331074082185225,0.9821618182119561,324.84332942962646,
datasets/heart.csv,lr,sex,10,15,0.75,0.25,"['matching', 'min_max_scaling', 'oversampling', 'standard', 'clustering']",lr,0.28624776156524473,0.3593088020035209,0.9318043251340103,274.005482673645,
datasets/heart.csv,svc,sex,10,15,0.75,0.25,"['oversampling', 'standard', 'ipw', 'stratified_sampling']",svc,0.2754878349455464,0.37509679997094186,0.9260724698620347,95.21066522598267,
datasets/heart.csv,xgb,sex,10,15,0.75,0.25,['matching'],xgb,0.28792242453415773,0.2845757923531856,0.860420641421501,67.44080638885498,
datasets/heart.csv,rf,sex,10,15,0.75,0.5,['oversampling'],rf,0.320764533508307,0.3412119766841077,0.9827410437007218,321.97758960723877,
datasets/heart.csv,lr,sex,10,15,0.75,0.5,"['ipw', 'oversampling', 'stratified_sampling', 'matching', 'standard']",lr,0.297793537569021,0.34176374092049144,0.9373508160585334,274.4800908565521,
datasets/heart.csv,svc,sex,10,15,0.75,0.5,"['stratified_sampling', 'matching', 'oversampling']",svc,0.2943415126252878,0.33693452043337624,0.9256175456839518,98.777667760849,
datasets/heart.csv,xgb,sex,10,15,0.75,0.5,"['clustering', 'min_max_scaling']",xgb,0.29071692732189325,0.3770579614469774,0.958491816090764,66.14547801017761,
datasets/heart.csv,rf,sex,10,15,0.5,0.5,['oversampling'],rf,0.320764533508307,0.3412119766841077,0.9827410437007218,448.1096112728119,
datasets/heart.csv,lr,sex,10,15,0.5,0.5,"['standard', 'ipw']",lr,0.26188094353888813,0.3698864053715985,0.8936482924493747,224.6911325454712,
datasets/heart.csv,svc,sex,10,15,0.5,0.5,"['undersampling', 'clustering', 'oversampling', 'ipw', 'standard']",svc,0.34133888659475564,0.19409081278074414,0.8767685859702554,97.87205767631531,
datasets/heart.csv,xgb,sex,10,15,0.5,0.5,"['standard', 'clustering']",xgb,0.2879801868549846,0.336861003730569,0.9128213774405382,58.565003633499146,
datasets/heart.csv,rf,sex,10,15,0.25,0.5,"['undersampling', 'standard']",rf,0.30662358695718606,0.2675999286754436,0.8808471025898157,456.18920373916626,
datasets/heart.csv,lr,sex,10,15,0.25,0.5,"['stratified_sampling', 'oversampling']",lr,0.2545717674431882,0.3428556954529494,0.8519992303393258,242.3110990524292,
datasets/heart.csv,svc,sex,10,15,0.25,0.5,"['ipw', 'standard', 'clustering', 'stratified_sampling']",svc,0.29824674759173514,0.27874773374773376,0.875241228931204,97.01533055305481,
datasets/heart.csv,xgb,sex,10,15,0.25,0.5,"['matching', 'ipw']",xgb,0.28792242453415773,0.2845757923531856,0.860420641421501,66.98660516738892,
datasets/heart.csv,rf,sex,10,15,0.5,0.75,"['undersampling', 'matching', 'stratified_sampling']",rf,0.3139235203038184,0.251200539226855,0.8790475798344918,436.6359078884125,
datasets/heart.csv,lr,sex,10,15,0.5,0.75,"['min_max_scaling', 'undersampling', 'standard']",lr,0.29074507512843506,0.29107498710854923,0.8725651373654193,201.55848097801208,
datasets/heart.csv,svc,sex,10,15,0.5,0.75,"['clustering', 'min_max_scaling']",svc,0.2953781337371503,0.376281297479137,0.9670375649534376,98.15390205383301,
datasets/heart.csv,xgb,sex,10,15,0.5,0.75,"['clustering', 'oversampling']",xgb,0.30887016708731563,0.35838204526649126,0.9761223794411225,57.154305934906006,
datasets/heart.csv,rf,sex,10,15,0.75,0.75,"['undersampling', 'standard']",rf,0.30662358695718606,0.2675999286754436,0.8808471025898157,560.6092529296875,
datasets/heart.csv,lr,sex,10,15,0.75,0.75,"['min_max_scaling', 'undersampling', 'ipw']",lr,0.2662313177114368,0.35598022834864945,0.8884428637715232,100.69702219963074,
datasets/heart.csv,svc,sex,10,15,0.75,0.75,"['min_max_scaling', 'clustering']",svc,0.2953781337371503,0.376281297479137,0.9670375649534376,71.36871409416199,
datasets/heart.csv,xgb,sex,10,15,0.75,0.75,"['undersampling', 'ipw']",xgb,0.29945849280717796,0.2736197322467346,0.8725367178610904,48.65108942985535,
datasets/heart.csv,rf,sex,10,20,0.25,0.5,"['matching', 'undersampling', 'oversampling', 'min_max_scaling']",rf,0.3381581064892973,0.3170893461145178,0.9934055590931123,450.0162537097931,
datasets/heart.csv,lr,sex,10,20,0.25,0.5,"['undersampling', 'standard']",lr,0.29079056558848715,0.29107498710854923,0.8726561182855235,187.76300024986267,
datasets/heart.csv,svc,sex,10,20,0.25,0.5,"['undersampling', 'standard', 'clustering']",svc,0.3145387317698741,0.2613797944575977,0.890457257997346,91.50376105308533,
datasets/heart.csv,xgb,sex,10,20,0.25,0.5,"['undersampling', 'oversampling']",xgb,0.31095113871171653,0.35671253845148176,0.9786148158749148,64.27083563804626,
datasets/heart.csv,rf,sex,10,20,0.5,0.25,"['matching', 'min_max_scaling']",rf,0.31383423657680876,0.2655763033523915,0.893244776506009,447.8877441883087,
datasets/heart.csv,lr,sex,10,20,0.5,0.25,"['matching', 'min_max_scaling', 'undersampling', 'ipw', 'stratified_sampling', 'standard', 'oversampling']",lr,0.3259810023924119,0.2921770081770082,0.944139012961832,165.4665298461914,
datasets/heart.csv,svc,sex,10,20,0.5,0.25,"['stratified_sampling', 'standard']",svc,0.25133670766467375,0.3522345247345247,0.8549079400638722,87.47698855400085,
datasets/heart.csv,xgb,sex,10,20,0.5,0.25,"['oversampling', 'matching']",xgb,0.3144024036436909,0.3344857386012143,0.9632905458885961,64.29149746894836,
datasets/heart.csv,rf,sex,15,10,0.25,0.25,"['undersampling', 'clustering']",rf,0.32819646555360027,0.24861015626461855,0.9050030873718191,135.91552877426147,
datasets/heart.csv,lr,sex,15,10,0.25,0.25,"['matching', 'undersampling', 'oversampling', 'min_max_scaling']",lr,0.3117566453972268,0.29808605285721995,0.9215993436516736,77.01566886901855,
datasets/heart.csv,svc,sex,15,10,0.25,0.25,"['ipw', 'standard', 'oversampling', 'stratified_sampling']",svc,0.2754878349455464,0.37509679997094186,0.9260724698620347,54.44088649749756,
datasets/heart.csv,xgb,sex,15,10,0.25,0.25,"['ipw', 'undersampling', 'oversampling', 'min_max_scaling', 'clustering']",xgb,0.37307983406397394,0.23057621624800442,0.9767358843759523,48.17257809638977,
datasets/heart.csv,rf,sex,15,10,0.25,0.5,"['min_max_scaling', 'oversampling']",rf,0.324425538695052,0.33331074082185225,0.9821618182119561,134.63309597969055,
datasets/heart.csv,lr,sex,15,10,0.25,0.5,"['min_max_scaling', 'undersampling', 'ipw', 'oversampling']",lr,0.2842580066862306,0.296222198007095,0.8647382113795562,77.34390783309937,
datasets/heart.csv,svc,sex,15,10,0.25,0.5,"['oversampling', 'clustering', 'standard']",svc,0.29558644959775693,0.3497925255288994,0.9409654247244132,54.170698404312134,
datasets/heart.csv,xgb,sex,15,10,0.25,0.5,"['standard', 'oversampling']",xgb,0.30887016708731563,0.35838204526649126,0.9761223794411225,48.43706250190735,
datasets/heart.csv,rf,sex,15,10,0.25,0.75,"['ipw', 'undersampling']",rf,0.31228278851693114,0.27509230366209775,0.8996578806959601,131.42892622947693,
datasets/heart.csv,lr,sex,15,10,0.25,0.75,"['standard', 'oversampling', 'ipw', 'min_max_scaling', 'stratified_sampling', 'clustering']",lr,0.3076062469843268,0.33414151320329816,0.9493540071719517,77.46089816093445,
datasets/heart.csv,svc,sex,15,10,0.25,0.75,"['clustering', 'min_max_scaling']",svc,0.2953781337371503,0.376281297479137,0.9670375649534376,54.00890827178955,
datasets/heart.csv,xgb,sex,15,10,0.25,0.75,"['matching', 'clustering', 'oversampling']",xgb,0.3144024036436909,0.3344857386012143,0.9632905458885961,48.718055725097656,
datasets/heart.csv,rf,sex,15,10,0.5,0.25,"['standard', 'oversampling']",rf,0.3260426700281611,0.3306233316127039,0.9827086716690262,124.39460110664368,
datasets/heart.csv,lr,sex,15,10,0.5,0.25,"['min_max_scaling', 'oversampling', 'matching', 'undersampling', 'standard', 'stratified_sampling', 'ipw']",lr,0.3259810023924119,0.2921770081770082,0.944139012961832,78.45013046264648,
datasets/heart.csv,svc,sex,15,10,0.5,0.25,"['min_max_scaling', 'oversampling', 'ipw', 'stratified_sampling']",svc,0.279607782707494,0.3563384166473411,0.9155539820623291,52.734137535095215,
datasets/heart.csv,xgb,sex,15,10,0.5,0.25,"['undersampling', 'clustering']",xgb,0.3002521022572274,0.2736197322467346,0.8741239367611895,48.87134408950806,
datasets/heart.csv,rf,sex,15,10,0.5,0.5,['matching'],rf,0.31397066202379753,0.2655763033523915,0.8935176273999866,123.9534637928009,
datasets/heart.csv,lr,sex,15,10,0.5,0.5,"['undersampling', 'stratified_sampling']",lr,0.27143503815350145,0.27660940127759354,0.8194794775845964,78.60320281982422,
datasets/heart.csv,svc,sex,15,10,0.5,0.5,"['ipw', 'min_max_scaling', 'matching', 'undersampling', 'clustering', 'standard']",svc,0.3116584875478925,0.29874702634428035,0.9220640014400654,52.595972776412964,
datasets/heart.csv,xgb,sex,15,10,0.5,0.5,"['clustering', 'oversampling']",xgb,0.30887016708731563,0.35838204526649126,0.9761223794411225,49.18022179603577,
datasets/heart.csv,rf,sex,15,10,0.5,0.75,"['min_max_scaling', 'oversampling']",rf,0.324425538695052,0.33331074082185225,0.9821618182119561,114.12280559539795,
datasets/heart.csv,lr,sex,15,10,0.5,0.75,"['standard', 'stratified_sampling', 'clustering']",lr,0.2900605299592294,0.2948880846249267,0.8750091445433854,79.97859621047974,
datasets/heart.csv,svc,sex,15,10,0.5,0.75,"['clustering', 'min_max_scaling']",svc,0.2953781337371503,0.376281297479137,0.9670375649534376,50.607335567474365,
datasets/heart.csv,xgb,sex,15,10,0.5,0.75,"['oversampling', 'clustering']",xgb,0.30887016708731563,0.35838204526649126,0.9761223794411225,49.373443603515625,
datasets/heart.csv,rf,sex,20,5,0.25,0.25,"['ipw', 'min_max_scaling', 'clustering', 'undersampling', 'oversampling', 'standard']",rf,0.38603566380242565,0.19415010957345058,0.9662214371783019,47.97321343421936,
datasets/heart.csv,lr,sex,20,5,0.25,0.25,"['standard', 'matching', 'undersampling']",lr,0.29383815397332225,0.29963170163170166,0.8873080095783461,34.07525682449341,
datasets/heart.csv,svc,sex,20,5,0.25,0.25,"['clustering', 'min_max_scaling']",svc,0.2953781337371503,0.376281297479137,0.9670375649534376,31.924358367919922,
datasets/heart.csv,xgb,sex,20,5,0.25,0.25,"['oversampling', 'undersampling', 'min_max_scaling']",xgb,0.31095113871171653,0.35671253845148176,0.9786148158749148,33.5333685874939,
datasets/heart.csv,rf,sex,15,10,0.75,0.25,"['oversampling', 'standard']",rf,0.3260426700281611,0.3306233316127039,0.9827086716690262,105.52529501914978,
datasets/heart.csv,lr,sex,15,10,0.75,0.25,"['standard', 'stratified_sampling', 'min_max_scaling', 'undersampling', 'oversampling', 'clustering', 'matching']",lr,0.30953129504127463,0.2784151568770726,0.8974777469596218,78.57679390907288,
datasets/heart.csv,svc,sex,15,10,0.75,0.25,"['clustering', 'min_max_scaling', 'matching']",svc,0.3149577924356036,0.34129643421807726,0.9712120190892846,49.161723136901855,
datasets/heart.csv,xgb,sex,15,10,0.75,0.25,"['matching', 'ipw']",xgb,0.28792242453415773,0.2845757923531856,0.860420641421501,50.86274743080139,
datasets/heart.csv,rf,sex,20,5,0.25,0.5,"['oversampling', 'min_max_scaling', 'standard']",rf,0.324425538695052,0.33331074082185225,0.9821618182119561,44.79091691970825,
datasets/heart.csv,lr,sex,20,5,0.25,0.5,"['undersampling', 'clustering', 'stratified_sampling']",lr,0.2627604597950096,0.2667300269390052,0.7922509465290244,33.07877707481384,
datasets/heart.csv,svc,sex,20,5,0.25,0.5,['undersampling'],svc,0.2880232260375791,0.30169187424717553,0.8777383263223338,31.875260829925537,
datasets/heart.csv,xgb,sex,20,5,0.25,0.5,"['clustering', 'oversampling', 'ipw', 'matching']",xgb,0.3144024036436909,0.3344857386012143,0.9632905458885961,35.42191743850708,
datasets/heart.csv,rf,sex,10,20,0.75,0.5,"['undersampling', 'min_max_scaling']",rf,0.30798740727121426,0.2675999286754436,0.8835747432178721,438.6608121395111,
datasets/heart.csv,lr,sex,10,20,0.75,0.5,"['matching', 'ipw']",lr,0.28121082007206066,0.2943183339580541,0.8567399741021754,138.4901475906372,
datasets/heart.csv,svc,sex,10,20,0.75,0.5,"['min_max_scaling', 'stratified_sampling']",svc,0.25895242480372804,0.34579247263457785,0.8636973222420339,77.12106084823608,
datasets/heart.csv,xgb,sex,10,20,0.75,0.5,"['min_max_scaling', 'undersampling', 'clustering']",xgb,0.34456255388762286,0.27544785602565924,0.964572963800905,67.70417761802673,
datasets/heart.csv,rf,sex,20,5,0.25,0.75,"['undersampling', 'clustering']",rf,0.32819646555360027,0.24861015626461855,0.9050030873718191,43.7763888835907,
datasets/heart.csv,lr,sex,20,5,0.25,0.75,"['stratified_sampling', 'min_max_scaling', 'oversampling', 'ipw', 'standard', 'clustering', 'matching']",lr,0.327130837254633,0.267007559975658,0.9212692344849239,32.80198574066162,
datasets/heart.csv,svc,sex,20,5,0.25,0.75,"['min_max_scaling', 'standard', 'clustering', 'undersampling']",svc,0.3145387317698741,0.2613797944575977,0.890457257997346,31.876368284225464,
datasets/heart.csv,xgb,sex,20,5,0.25,0.75,"['clustering', 'undersampling', 'min_max_scaling']",xgb,0.34456255388762286,0.27544785602565924,0.964572963800905,36.35894799232483,
datasets/heart.csv,rf,sex,15,10,0.75,0.75,"['oversampling', 'stratified_sampling']",rf,0.31746112014670513,0.3565004355185984,0.9914226758120087,105.02828621864319,
datasets/heart.csv,lr,sex,15,10,0.75,0.75,"['oversampling', 'matching', 'standard', 'undersampling']",lr,0.3018507579222339,0.31529397164408607,0.918995487488554,74.77969694137573,
datasets/heart.csv,svc,sex,15,10,0.75,0.75,"['oversampling', 'stratified_sampling', 'clustering', 'min_max_scaling']",svc,0.32863491252634625,0.31736333587592164,0.9746331609286141,48.658772468566895,
datasets/heart.csv,xgb,sex,15,10,0.75,0.75,"['stratified_sampling', 'undersampling', 'oversampling']",xgb,0.3132036133538133,0.3226464217196483,0.9490536484272749,52.41978168487549,
datasets/heart.csv,rf,sex,15,10,0.75,0.5,"['ipw', 'undersampling', 'min_max_scaling']",rf,0.3154707953111315,0.2755342176257508,0.9064758082480138,104.89681792259216,
datasets/heart.csv,lr,sex,15,10,0.75,0.5,"['clustering', 'oversampling', 'min_max_scaling']",lr,0.2927268248181123,0.38678401507190935,0.972237664708134,75.21531319618225,
datasets/heart.csv,svc,sex,15,10,0.75,0.5,"['matching', 'stratified_sampling', 'min_max_scaling', 'oversampling', 'clustering']",svc,0.320788669883908,0.34538926505593176,0.9869666048237477,48.645894289016724,
datasets/heart.csv,xgb,sex,15,10,0.75,0.5,"['standard', 'oversampling']",xgb,0.30887016708731563,0.35838204526649126,0.9761223794411225,53.059696435928345,
datasets/heart.csv,rf,sex,20,5,0.5,0.25,"['undersampling', 'min_max_scaling', 'ipw']",rf,0.3154707953111315,0.2755342176257508,0.9064758082480138,43.04969620704651,
datasets/heart.csv,lr,sex,20,5,0.5,0.25,"['min_max_scaling', 'matching', 'oversampling', 'standard', 'undersampling']",lr,0.3017247816057814,0.31529397164408607,0.918743534855649,32.821189641952515,
datasets/heart.csv,svc,sex,20,5,0.5,0.25,"['clustering', 'oversampling', 'matching', 'undersampling', 'ipw']",svc,0.29803017623813244,0.3100136697537809,0.9060740222300459,31.903915405273438,
datasets/heart.csv,xgb,sex,20,5,0.5,0.25,"['min_max_scaling', 'ipw', 'stratified_sampling', 'clustering']",xgb,0.3036170682500787,0.32934502603233257,0.9365791625324901,38.89686131477356,
datasets/heart.csv,rf,sex,10,20,0.75,0.75,"['undersampling', 'clustering']",rf,0.32819646555360027,0.24861015626461855,0.9050030873718191,425.0133275985718,
datasets/heart.csv,lr,sex,10,20,0.75,0.75,"['standard', 'undersampling']",lr,0.29079056558848715,0.29107498710854923,0.8726561182855235,134.09441995620728,
datasets/heart.csv,svc,sex,10,20,0.75,0.75,"['clustering', 'min_max_scaling']",svc,0.2953781337371503,0.376281297479137,0.9670375649534376,75.92555332183838,
datasets/heart.csv,xgb,sex,10,20,0.75,0.75,"['matching', 'min_max_scaling']",xgb,0.28792242453415773,0.2845757923531856,0.860420641421501,71.11797308921814,
datasets/heart.csv,rf,sex,10,20,0.25,0.25,"['ipw', 'matching', 'stratified_sampling']",rf,0.2688652812940361,0.33164548503065255,0.8693760476187247,544.1440005302429,
datasets/heart.csv,lr,sex,10,20,0.25,0.25,"['oversampling', 'stratified_sampling']",lr,0.2545717674431882,0.3428556954529494,0.8519992303393258,133.11183428764343,
datasets/heart.csv,svc,sex,10,20,0.25,0.25,"['min_max_scaling', 'stratified_sampling']",svc,0.25895242480372804,0.34579247263457785,0.8636973222420339,75.79798650741577,
datasets/heart.csv,xgb,sex,10,20,0.25,0.25,"['clustering', 'ipw', 'matching']",xgb,0.28792242453415773,0.2845757923531856,0.860420641421501,71.64166069030762,
datasets/heart.csv,rf,sex,10,20,0.25,0.75,"['ipw', 'undersampling']",rf,0.31228278851693114,0.27509230366209775,0.8996578806959601,523.6250991821289,
datasets/heart.csv,lr,sex,10,20,0.25,0.75,"['clustering', 'ipw']",lr,0.2641368470349674,0.3219549434052162,0.850228637475151,133.555828332901,
datasets/heart.csv,svc,sex,10,20,0.25,0.75,"['stratified_sampling', 'clustering', 'oversampling']",svc,0.2817386437029889,0.353618316774577,0.9170956041805548,75.75717616081238,
datasets/heart.csv,xgb,sex,10,20,0.25,0.75,"['ipw', 'oversampling', 'clustering']",xgb,0.30887016708731563,0.35838204526649126,0.9761223794411225,72.11841225624084,
datasets/heart.csv,rf,sex,20,5,0.5,0.5,"['standard', 'oversampling']",rf,0.3260426700281611,0.3306233316127039,0.9827086716690262,42.6531937122345,
datasets/heart.csv,lr,sex,20,5,0.5,0.5,"['min_max_scaling', 'standard', 'matching', 'ipw', 'undersampling', 'stratified_sampling', 'oversampling']",lr,0.3259810023924119,0.2921770081770082,0.944139012961832,32.7999484539032,
datasets/heart.csv,svc,sex,20,5,0.5,0.5,"['clustering', 'undersampling']",svc,0.29351226244599093,0.29387472648669116,0.8808992513786731,31.8775851726532,
datasets/heart.csv,xgb,sex,20,5,0.5,0.5,"['min_max_scaling', 'oversampling']",xgb,0.30887016708731563,0.35838204526649126,0.9761223794411225,40.30252933502197,
datasets/heart.csv,rf,sex,20,5,0.5,0.75,['oversampling'],rf,0.320764533508307,0.3412119766841077,0.9827410437007218,42.371182441711426,
datasets/heart.csv,lr,sex,20,5,0.5,0.75,"['undersampling', 'ipw', 'standard', 'min_max_scaling']",lr,0.29079056558848715,0.29107498710854923,0.8726561182855235,32.80884146690369,
datasets/heart.csv,svc,sex,20,5,0.5,0.75,"['oversampling', 'undersampling', 'stratified_sampling', 'min_max_scaling']",svc,0.33060232180124827,0.2622309524554106,0.9234355960579071,31.869454622268677,
datasets/heart.csv,xgb,sex,20,5,0.5,0.75,"['undersampling', 'oversampling', 'min_max_scaling', 'clustering']",xgb,0.31808814918953376,0.3508058077538517,0.9869821061329193,41.51135230064392,
datasets/heart.csv,rf,sex,20,5,0.75,0.25,['oversampling'],rf,0.320764533508307,0.3412119766841077,0.9827410437007218,41.95450496673584,
datasets/heart.csv,lr,sex,20,5,0.75,0.25,"['matching', 'undersampling', 'oversampling']",lr,0.3787266581140199,0.12105512943422936,0.8785084456622692,32.83837556838989,
datasets/heart.csv,svc,sex,20,5,0.75,0.25,"['min_max_scaling', 'undersampling', 'oversampling', 'stratified_sampling']",svc,0.33060232180124827,0.2622309524554106,0.9234355960579071,31.874263048171997,
datasets/heart.csv,xgb,sex,20,5,0.75,0.25,"['undersampling', 'stratified_sampling', 'oversampling']",xgb,0.3132036133538133,0.3226464217196483,0.9490536484272749,43.197407484054565,
datasets/heart.csv,rf,sex,20,5,0.75,0.5,"['oversampling', 'undersampling']",rf,0.37336420052244607,0.2245848921821462,0.9713132932270383,41.65729355812073,
datasets/heart.csv,lr,sex,20,5,0.75,0.5,"['standard', 'clustering', 'min_max_scaling', 'matching', 'stratified_sampling']",lr,0.3033582803227056,0.3354667995689667,0.942183360214378,32.82323479652405,
datasets/heart.csv,svc,sex,20,5,0.75,0.5,"['stratified_sampling', 'oversampling', 'ipw', 'clustering', 'min_max_scaling']",svc,0.32671816347378413,0.31736333587592164,0.9707996628234898,31.889655590057373,
datasets/heart.csv,xgb,sex,20,5,0.75,0.5,"['min_max_scaling', 'clustering', 'undersampling']",xgb,0.34456255388762286,0.27544785602565924,0.964572963800905,43.88919425010681,
datasets/heart.csv,rf,sex,20,5,0.75,0.75,"['min_max_scaling', 'oversampling', 'undersampling']",rf,0.37336420052244607,0.2245848921821462,0.9713132932270383,41.323891401290894,
datasets/heart.csv,lr,sex,20,5,0.75,0.75,['stratified_sampling'],lr,0.29184533560188347,0.2499082104113064,0.8335988816150733,32.785460233688354,
datasets/heart.csv,svc,sex,20,5,0.75,0.75,"['clustering', 'min_max_scaling']",svc,0.2953781337371503,0.376281297479137,0.9670375649534376,31.90475821495056,
datasets/heart.csv,xgb,sex,20,5,0.75,0.75,"['ipw', 'standard', 'oversampling']",xgb,0.30887016708731563,0.35838204526649126,0.9761223794411225,45.14477300643921,
datasets/heart.csv,rf,sex,10,20,0.5,0.75,"['oversampling', 'standard']",rf,0.3260426700281611,0.3306233316127039,0.9827086716690262,504.83937072753906,
datasets/heart.csv,lr,sex,10,20,0.5,0.75,"['clustering', 'ipw', 'stratified_sampling']",lr,0.29184533560188347,0.2499082104113064,0.8335988816150733,121.10571813583374,
datasets/heart.csv,svc,sex,10,20,0.5,0.75,"['undersampling', 'clustering']",svc,0.29351226244599093,0.29387472648669116,0.8808992513786731,72.54757356643677,
datasets/heart.csv,xgb,sex,10,20,0.5,0.75,"['matching', 'oversampling']",xgb,0.3144024036436909,0.3344857386012143,0.9632905458885961,80.87515807151794,
datasets/heart.csv,rf,sex,10,20,0.5,0.5,['oversampling'],rf,0.320764533508307,0.3412119766841077,0.9827410437007218,514.6015677452087,
datasets/heart.csv,lr,sex,10,20,0.5,0.5,"['ipw', 'stratified_sampling']",lr,0.27275746377228405,0.2836474859849473,0.8291624135295155,119.99329209327698,
datasets/heart.csv,svc,sex,10,20,0.5,0.5,"['matching', 'min_max_scaling', 'clustering']",svc,0.3149577924356036,0.34129643421807726,0.9712120190892846,72.50881552696228,
datasets/heart.csv,xgb,sex,10,20,0.5,0.5,"['ipw', 'stratified_sampling']",xgb,0.24821975975463978,0.34586467597303505,0.8423041954823146,82.01704168319702,
datasets/heart.csv,rf,sex,10,20,0.75,0.25,"['undersampling', 'matching']",rf,0.2455332722711908,0.39201449368497426,0.8830810382273558,521.5426063537598,
datasets/heart.csv,lr,sex,10,20,0.75,0.25,"['matching', 'clustering']",lr,0.2880596018962852,0.28074986041651645,0.8568690642090869,118.0895254611969,
datasets/heart.csv,svc,sex,10,20,0.75,0.25,"['min_max_scaling', 'oversampling', 'stratified_sampling', 'standard']",svc,0.2754878349455464,0.37509679997094186,0.9260724698620347,69.46646571159363,
datasets/heart.csv,xgb,sex,10,20,0.75,0.25,"['oversampling', 'stratified_sampling', 'standard']",xgb,0.28534854598880743,0.34043691656677927,0.9111340085443942,90.21821117401123,
datasets/heart.csv,rf,sex,15,15,0.25,0.25,"['clustering', 'matching', 'undersampling', 'ipw']",rf,0.2728324699604193,0.3486542452377693,0.8943191851586079,146.21286749839783,
datasets/heart.csv,lr,sex,15,15,0.25,0.25,"['stratified_sampling', 'matching', 'min_max_scaling', 'clustering', 'undersampling']",lr,0.30369430466334496,0.3333909081974098,0.9407795175240997,81.0543532371521,
datasets/heart.csv,svc,sex,15,15,0.25,0.25,"['ipw', 'matching', 'undersampling', 'standard', 'min_max_scaling', 'oversampling']",svc,0.32984553839189523,0.28292494579599176,0.9426160225797823,99.25333213806152,
datasets/heart.csv,xgb,sex,15,15,0.25,0.25,"['clustering', 'min_max_scaling']",xgb,0.29071692732189325,0.3770579614469774,0.958491816090764,130.95969319343567,
datasets/heart.csv,rf,sex,15,15,0.25,0.5,"['ipw', 'min_max_scaling', 'matching', 'clustering', 'oversampling', 'undersampling']",rf,0.3730721640162682,0.24116432783252006,0.9873086558650565,134.29118156433105,
datasets/heart.csv,lr,sex,15,15,0.25,0.5,"['stratified_sampling', 'min_max_scaling', 'oversampling', 'ipw', 'clustering', 'standard']",lr,0.3076062469843268,0.33414151320329816,0.9493540071719517,79.84007287025452,
datasets/heart.csv,svc,sex,15,15,0.25,0.5,"['ipw', 'matching', 'min_max_scaling', 'stratified_sampling', 'clustering', 'oversampling']",svc,0.32121539974745095,0.3432067253733921,0.985637524868294,104.30660915374756,
datasets/heart.csv,xgb,sex,15,15,0.25,0.5,"['matching', 'min_max_scaling', 'clustering']",xgb,0.3042423116206878,0.34480111667012814,0.9532857399115038,130.0378725528717,
datasets/heart.csv,rf,sex,15,15,0.25,0.75,"['oversampling', 'undersampling']",rf,0.37336420052244607,0.2245848921821462,0.9713132932270383,128.97715830802917,
datasets/heart.csv,lr,sex,15,15,0.25,0.75,"['matching', 'clustering', 'standard', 'stratified_sampling', 'min_max_scaling']",lr,0.3033582803227056,0.3354667995689667,0.942183360214378,76.46731114387512,
datasets/heart.csv,svc,sex,15,15,0.25,0.75,"['min_max_scaling', 'standard', 'undersampling', 'oversampling', 'clustering']",svc,0.34559888278347184,0.2564643492789946,0.9476621148459383,109.40102696418762,
datasets/heart.csv,xgb,sex,15,15,0.25,0.75,['oversampling'],xgb,0.30887016708731563,0.35838204526649126,0.9761223794411225,132.45946216583252,
datasets/heart.csv,rf,sex,15,15,0.5,0.25,"['undersampling', 'standard']",rf,0.30662358695718606,0.2675999286754436,0.8808471025898157,129.3999526500702,
datasets/heart.csv,lr,sex,15,15,0.5,0.25,"['standard', 'matching', 'stratified_sampling', 'oversampling', 'ipw']",lr,0.297793537569021,0.34176374092049144,0.9373508160585334,75.6998679637909,
datasets/heart.csv,svc,sex,15,15,0.5,0.25,"['stratified_sampling', 'min_max_scaling']",svc,0.25895242480372804,0.34579247263457785,0.8636973222420339,109.79410243034363,
datasets/heart.csv,xgb,sex,15,15,0.5,0.25,"['standard', 'min_max_scaling']",xgb,0.2794008529681702,0.2890198214504088,0.8478215273867491,132.786785364151,
datasets/heart.csv,rf,sex,15,15,0.5,0.5,"['matching', 'standard', 'clustering']",rf,0.2950124537325013,0.30191452982271055,0.8919394372877132,130.63246631622314,
datasets/heart.csv,lr,sex,15,15,0.5,0.5,"['oversampling', 'stratified_sampling', 'ipw', 'standard']",lr,0.3080736569584447,0.3204963961371284,0.9366437100540178,73.88971519470215,
datasets/heart.csv,svc,sex,15,15,0.5,0.5,"['standard', 'matching', 'oversampling', 'clustering', 'min_max_scaling', 'ipw']",svc,0.2750779425513954,0.38571169571169567,0.9358675808144865,112.21178197860718,
datasets/heart.csv,xgb,sex,15,15,0.5,0.5,"['ipw', 'oversampling']",xgb,0.30887016708731563,0.35838204526649126,0.9761223794411225,133.42700028419495,
datasets/heart.csv,rf,sex,15,15,0.5,0.75,['oversampling'],rf,0.320764533508307,0.3412119766841077,0.9827410437007218,131.08622813224792,
datasets/heart.csv,lr,sex,15,15,0.5,0.75,"['undersampling', 'standard', 'min_max_scaling']",lr,0.29074507512843506,0.29107498710854923,0.8725651373654193,73.15657210350037,
datasets/heart.csv,svc,sex,15,15,0.5,0.75,"['ipw', 'standard']",svc,0.26385272460836406,0.3698864053715985,0.8975918545883266,112.64762163162231,
datasets/heart.csv,xgb,sex,15,15,0.5,0.75,"['clustering', 'min_max_scaling', 'oversampling']",xgb,0.30887016708731563,0.35838204526649126,0.9761223794411225,134.02651405334473,
datasets/heart.csv,rf,sex,15,15,0.75,0.25,['oversampling'],rf,0.320764533508307,0.3412119766841077,0.9827410437007218,130.71574568748474,
datasets/heart.csv,lr,sex,15,15,0.75,0.25,"['stratified_sampling', 'clustering']",lr,0.29184533560188347,0.2499082104113064,0.8335988816150733,73.06562685966492,
datasets/heart.csv,svc,sex,15,15,0.75,0.25,"['stratified_sampling', 'ipw']",svc,0.25483260040979694,0.35197934132144654,0.8616445421410404,112.80653142929077,
datasets/heart.csv,xgb,sex,15,15,0.75,0.25,"['clustering', 'undersampling']",xgb,0.3002521022572274,0.2736197322467346,0.8741239367611895,134.81112098693848,
datasets/heart.csv,rf,sex,15,15,0.75,0.5,['matching'],rf,0.31397066202379753,0.2655763033523915,0.8935176273999866,129.35718822479248,
datasets/heart.csv,lr,sex,15,15,0.75,0.5,"['undersampling', 'clustering']",lr,0.2833325625394842,0.23024762719270728,0.7969127522716757,72.630606174469,
datasets/heart.csv,svc,sex,15,15,0.75,0.5,"['stratified_sampling', 'matching', 'oversampling']",svc,0.2943415126252878,0.33693452043337624,0.9256175456839518,117.61857271194458,
datasets/heart.csv,xgb,sex,15,15,0.75,0.5,['matching'],xgb,0.28792242453415773,0.2845757923531856,0.860420641421501,134.35943150520325,
datasets/heart.csv,rf,sex,15,15,0.75,0.75,"['oversampling', 'ipw']",rf,0.32375083643735636,0.33810729285478613,0.9856089657294989,107.71032953262329,
datasets/heart.csv,lr,sex,15,15,0.75,0.75,"['clustering', 'matching']",lr,0.2880596018962852,0.28074986041651645,0.8568690642090869,72.34337711334229,
datasets/heart.csv,svc,sex,15,15,0.75,0.75,"['undersampling', 'oversampling', 'standard', 'stratified_sampling', 'ipw', 'min_max_scaling']",svc,0.32170650073422224,0.28326388237378947,0.926676883842234,126.79046511650085,
datasets/heart.csv,xgb,sex,15,15,0.75,0.75,"['min_max_scaling', 'oversampling']",xgb,0.30887016708731563,0.35838204526649126,0.9761223794411225,140.56796717643738,
datasets/heart.csv,rf,sex,20,10,0.25,0.25,"['min_max_scaling', 'undersampling', 'ipw']",rf,0.3154707953111315,0.2755342176257508,0.9064758082480138,73.82914400100708,
datasets/heart.csv,lr,sex,20,10,0.25,0.25,"['ipw', 'min_max_scaling', 'clustering', 'oversampling']",lr,0.2772586425129817,0.41324116715763975,0.9677584521836031,78.52190732955933,
datasets/heart.csv,svc,sex,20,10,0.25,0.25,"['undersampling', 'clustering', 'ipw', 'stratified_sampling']",svc,0.2830801376171016,0.3183031553929387,0.8844634306271418,110.36343312263489,
datasets/heart.csv,xgb,sex,20,10,0.25,0.25,"['clustering', 'matching']",xgb,0.28792242453415773,0.2845757923531856,0.860420641421501,127.27484011650085,
datasets/heart.csv,rf,sex,20,10,0.25,0.5,"['stratified_sampling', 'oversampling']",rf,0.31746112014670513,0.3565004355185984,0.9914226758120087,73.51178622245789,
datasets/heart.csv,lr,sex,20,10,0.25,0.5,"['oversampling', 'clustering', 'min_max_scaling']",lr,0.2927268248181123,0.38678401507190935,0.972237664708134,79.20558190345764,
datasets/heart.csv,svc,sex,20,10,0.25,0.5,"['matching', 'undersampling', 'stratified_sampling', 'oversampling']",svc,0.30242672603950593,0.29845945618109987,0.9033129082601118,110.34823179244995,
datasets/heart.csv,xgb,sex,20,10,0.25,0.5,"['standard', 'min_max_scaling', 'ipw', 'undersampling', 'oversampling']",xgb,0.3656999803623222,0.19093020760068816,0.9223301683253325,128.8274805545807,
datasets/heart.csv,rf,sex,20,10,0.25,0.75,"['standard', 'clustering', 'stratified_sampling', 'oversampling', 'matching']",rf,0.39317737102792094,0.19299338862032359,0.9793481306761654,73.23335814476013,
datasets/heart.csv,lr,sex,20,10,0.25,0.75,"['oversampling', 'stratified_sampling', 'clustering', 'standard', 'min_max_scaling', 'ipw']",lr,0.3076062469843268,0.33414151320329816,0.9493540071719517,79.16646265983582,
datasets/heart.csv,svc,sex,20,10,0.25,0.75,"['stratified_sampling', 'standard', 'matching', 'clustering', 'undersampling']",svc,0.2995200705486727,0.2584789350083468,0.8575190761056921,110.27106308937073,
datasets/heart.csv,xgb,sex,20,10,0.25,0.75,"['ipw', 'oversampling']",xgb,0.30887016708731563,0.35838204526649126,0.9761223794411225,128.96901440620422,
datasets/heart.csv,rf,sex,20,10,0.5,0.25,"['oversampling', 'standard']",rf,0.3260426700281611,0.3306233316127039,0.9827086716690262,72.83109998703003,
datasets/heart.csv,lr,sex,20,10,0.5,0.25,"['matching', 'oversampling', 'min_max_scaling', 'clustering', 'ipw', 'standard', 'stratified_sampling']",lr,0.327130837254633,0.267007559975658,0.9212692344849239,79.98246598243713,
datasets/heart.csv,svc,sex,20,10,0.5,0.25,"['standard', 'matching']",svc,0.26051730852294464,0.37575260288073054,0.8967872199266198,112.27361941337585,
datasets/heart.csv,xgb,sex,20,10,0.5,0.25,"['undersampling', 'clustering']",xgb,0.3002521022572274,0.2736197322467346,0.8741239367611895,130.28358721733093,
datasets/heart.csv,rf,sex,20,10,0.5,0.5,"['stratified_sampling', 'undersampling', 'matching']",rf,0.3139235203038184,0.251200539226855,0.8790475798344918,72.52022624015808,
datasets/heart.csv,lr,sex,20,10,0.5,0.5,"['clustering', 'standard', 'min_max_scaling', 'ipw', 'oversampling']",lr,0.2879367014383092,0.36184822452954696,0.9377216274061654,80.80823183059692,
datasets/heart.csv,svc,sex,20,10,0.5,0.5,"['ipw', 'standard', 'clustering', 'matching']",svc,0.2965421199098016,0.3053149161435539,0.8983991559631571,112.52564191818237,
datasets/heart.csv,xgb,sex,20,10,0.5,0.5,"['min_max_scaling', 'undersampling', 'oversampling', 'clustering']",xgb,0.31808814918953376,0.3508058077538517,0.9869821061329193,133.11183381080627,
datasets/heart.csv,rf,sex,20,10,0.5,0.75,"['undersampling', 'oversampling']",rf,0.37336420052244607,0.2245848921821462,0.9713132932270383,72.21907329559326,
datasets/heart.csv,lr,sex,20,10,0.5,0.75,"['standard', 'clustering', 'stratified_sampling', 'undersampling', 'oversampling']",lr,0.34928485266910553,0.22667164420260397,0.925241349540815,82.25024938583374,
datasets/heart.csv,svc,sex,20,10,0.5,0.75,"['oversampling', 'matching', 'stratified_sampling']",svc,0.2943415126252878,0.33693452043337624,0.9256175456839518,112.22635412216187,
datasets/heart.csv,xgb,sex,20,10,0.5,0.75,"['oversampling', 'matching']",xgb,0.3144024036436909,0.3344857386012143,0.9632905458885961,133.0806713104248,
datasets/heart.csv,rf,sex,20,10,0.75,0.25,"['matching', 'min_max_scaling']",rf,0.31383423657680876,0.2655763033523915,0.893244776506009,71.98919725418091,
datasets/heart.csv,lr,sex,20,10,0.75,0.25,"['oversampling', 'clustering', 'stratified_sampling', 'standard']",lr,0.29716889226211995,0.32667130013811935,0.9210090846623592,82.5479884147644,
datasets/heart.csv,svc,sex,20,10,0.75,0.25,"['ipw', 'undersampling', 'matching']",svc,0.2933403106560511,0.2920701768356231,0.8787507981477253,112.44262528419495,
datasets/heart.csv,xgb,sex,20,10,0.75,0.25,"['standard', 'clustering']",xgb,0.2879801868549846,0.336861003730569,0.9128213774405382,133.71024203300476,
datasets/heart.csv,rf,sex,20,10,0.75,0.5,"['oversampling', 'stratified_sampling']",rf,0.31746112014670513,0.3565004355185984,0.9914226758120087,71.671147108078,
datasets/heart.csv,lr,sex,20,10,0.75,0.5,"['min_max_scaling', 'oversampling', 'matching', 'undersampling']",lr,0.3117566453972268,0.29808605285721995,0.9215993436516736,83.56526803970337,
datasets/heart.csv,svc,sex,20,10,0.75,0.5,"['oversampling', 'standard', 'clustering']",svc,0.29558644959775693,0.3497925255288994,0.9409654247244132,112.59023070335388,
datasets/heart.csv,xgb,sex,20,10,0.75,0.5,"['clustering', 'oversampling']",xgb,0.30887016708731563,0.35838204526649126,0.9761223794411225,133.4222481250763,
datasets/heart.csv,rf,sex,20,10,0.75,0.75,['oversampling'],rf,0.320764533508307,0.3412119766841077,0.9827410437007218,71.35264492034912,
datasets/heart.csv,lr,sex,20,10,0.75,0.75,"['oversampling', 'undersampling', 'matching', 'stratified_sampling']",lr,0.2943282949554318,0.2510957624458769,0.8397523523567404,84.79608607292175,
datasets/heart.csv,svc,sex,20,10,0.75,0.75,"['matching', 'clustering']",svc,0.27191572521649077,0.35799508241807426,0.9018265328510557,113.00433087348938,
datasets/heart.csv,xgb,sex,20,10,0.75,0.75,"['standard', 'undersampling']",xgb,0.29945849280717796,0.2736197322467346,0.8725367178610904,136.43348503112793,
datasets/heart.csv,rf,sex,15,20,0.25,0.25,"['min_max_scaling', 'oversampling']",rf,0.324425538695052,0.33331074082185225,0.9821618182119561,130.94517421722412,
datasets/heart.csv,lr,sex,15,20,0.25,0.25,"['clustering', 'min_max_scaling', 'oversampling']",lr,0.2927268248181123,0.38678401507190935,0.972237664708134,133.31987977027893,
datasets/heart.csv,svc,sex,15,20,0.25,0.25,"['stratified_sampling', 'min_max_scaling', 'ipw', 'oversampling', 'standard', 'undersampling']",svc,0.32170650073422224,0.28326388237378947,0.926676883842234,187.89952492713928,
datasets/heart.csv,xgb,sex,15,20,0.25,0.25,"['min_max_scaling', 'oversampling', 'matching']",xgb,0.3144024036436909,0.3344857386012143,0.9632905458885961,243.81841039657593,
datasets/heart.csv,rf,sex,15,20,0.25,0.5,"['oversampling', 'standard']",rf,0.3260426700281611,0.3306233316127039,0.9827086716690262,128.41114854812622,
datasets/heart.csv,lr,sex,15,20,0.25,0.5,"['oversampling', 'matching', 'stratified_sampling', 'standard', 'ipw']",lr,0.297793537569021,0.34176374092049144,0.9373508160585334,137.1641960144043,
datasets/heart.csv,svc,sex,15,20,0.25,0.5,"['stratified_sampling', 'matching', 'clustering', 'oversampling', 'min_max_scaling']",svc,0.320788669883908,0.34538926505593176,0.9869666048237477,191.9734764099121,
datasets/heart.csv,xgb,sex,15,20,0.25,0.5,"['standard', 'clustering']",xgb,0.2879801868549846,0.336861003730569,0.9128213774405382,256.29943585395813,
datasets/heart.csv,rf,sex,15,20,0.25,0.75,"['min_max_scaling', 'stratified_sampling', 'oversampling', 'matching']",rf,0.38851022983651906,0.19294273264861497,0.9699631923216531,123.41412043571472,
datasets/heart.csv,lr,sex,15,20,0.25,0.75,"['standard', 'matching', 'ipw', 'undersampling']",lr,0.2843305353143247,0.3129446483679893,0.8816057189966386,139.98003435134888,
datasets/heart.csv,svc,sex,15,20,0.25,0.75,"['matching', 'ipw', 'undersampling']",svc,0.2933403106560511,0.2920701768356231,0.8787507981477253,193.44644474983215,
datasets/heart.csv,xgb,sex,15,20,0.25,0.75,"['oversampling', 'clustering', 'undersampling', 'stratified_sampling']",xgb,0.3786245433909586,0.2263238495823635,0.9835729363642807,262.6838183403015,
datasets/heart.csv,rf,sex,15,20,0.5,0.25,"['min_max_scaling', 'matching']",rf,0.31383423657680876,0.2655763033523915,0.893244776506009,122.82589673995972,
datasets/heart.csv,lr,sex,15,20,0.5,0.25,"['oversampling', 'matching', 'clustering', 'ipw', 'min_max_scaling']",lr,0.2610518929286255,0.4370518694473647,0.9591556553046157,140.24225854873657,
datasets/heart.csv,svc,sex,15,20,0.5,0.25,"['matching', 'standard', 'clustering', 'oversampling']",svc,0.2755734354764724,0.38571169571169567,0.9368585666646405,193.50664114952087,
datasets/heart.csv,xgb,sex,15,20,0.5,0.25,"['standard', 'undersampling', 'clustering']",xgb,0.3002521022572274,0.2736197322467346,0.8741239367611895,263.72566771507263,
datasets/heart.csv,rf,sex,15,20,0.5,0.5,"['oversampling', 'min_max_scaling']",rf,0.324425538695052,0.33331074082185225,0.9821618182119561,120.78371381759644,
datasets/heart.csv,lr,sex,15,20,0.5,0.5,"['oversampling', 'min_max_scaling', 'ipw', 'clustering', 'standard', 'stratified_sampling']",lr,0.3076062469843268,0.33414151320329816,0.9493540071719517,142.35597443580627,
datasets/heart.csv,svc,sex,15,20,0.5,0.5,"['matching', 'clustering', 'ipw']",svc,0.26787166580585314,0.36482272645663416,0.9005660580683404,193.38939547538757,
datasets/heart.csv,xgb,sex,15,20,0.5,0.5,"['min_max_scaling', 'oversampling']",xgb,0.30887016708731563,0.35838204526649126,0.9761223794411225,269.9566628932953,
datasets/heart.csv,rf,sex,15,20,0.5,0.75,"['ipw', 'oversampling']",rf,0.32375083643735636,0.33810729285478613,0.9856089657294989,120.1936194896698,
datasets/heart.csv,lr,sex,15,20,0.5,0.75,"['min_max_scaling', 'clustering']",lr,0.2903015569994447,0.38078557942907115,0.9613886934279605,142.66341519355774,
datasets/heart.csv,svc,sex,15,20,0.5,0.75,"['clustering', 'standard', 'undersampling', 'matching', 'stratified_sampling']",svc,0.2995200705486727,0.2584789350083468,0.8575190761056921,193.8788321018219,
datasets/heart.csv,xgb,sex,15,20,0.5,0.75,"['clustering', 'oversampling']",xgb,0.30887016708731563,0.35838204526649126,0.9761223794411225,271.2407274246216,
datasets/heart.csv,rf,sex,15,20,0.75,0.25,"['oversampling', 'matching', 'undersampling']",rf,0.3381581064892973,0.3170893461145178,0.9934055590931123,118.53918647766113,
datasets/heart.csv,lr,sex,15,20,0.75,0.25,"['matching', 'ipw', 'stratified_sampling', 'oversampling', 'standard']",lr,0.297793537569021,0.34176374092049144,0.9373508160585334,145.26581954956055,
datasets/heart.csv,svc,sex,15,20,0.75,0.25,"['stratified_sampling', 'min_max_scaling']",svc,0.25895242480372804,0.34579247263457785,0.8636973222420339,197.39515113830566,
datasets/heart.csv,xgb,sex,15,20,0.75,0.25,"['undersampling', 'clustering', 'standard']",xgb,0.3002521022572274,0.2736197322467346,0.8741239367611895,285.0476839542389,
datasets/heart.csv,rf,sex,15,20,0.75,0.5,"['matching', 'undersampling', 'oversampling']",rf,0.3381581064892973,0.3170893461145178,0.9934055590931123,115.87628698348999,
datasets/heart.csv,lr,sex,15,20,0.75,0.5,"['matching', 'ipw']",lr,0.28121082007206066,0.2943183339580541,0.8567399741021754,146.24295473098755,
datasets/heart.csv,svc,sex,15,20,0.75,0.5,"['clustering', 'standard', 'undersampling', 'min_max_scaling']",svc,0.3145387317698741,0.2613797944575977,0.890457257997346,199.45818257331848,
datasets/heart.csv,xgb,sex,15,20,0.75,0.5,"['oversampling', 'min_max_scaling']",xgb,0.30887016708731563,0.35838204526649126,0.9761223794411225,292.40363216400146,
datasets/heart.csv,rf,sex,15,20,0.75,0.75,"['clustering', 'undersampling']",rf,0.32819646555360027,0.24861015626461855,0.9050030873718191,115.43567371368408,
datasets/heart.csv,lr,sex,15,20,0.75,0.75,"['ipw', 'stratified_sampling', 'clustering']",lr,0.29184533560188347,0.2499082104113064,0.8335988816150733,146.61144542694092,
datasets/heart.csv,svc,sex,15,20,0.75,0.75,"['oversampling', 'stratified_sampling', 'matching', 'undersampling']",svc,0.30242672603950593,0.29845945618109987,0.9033129082601118,199.7000503540039,
datasets/heart.csv,xgb,sex,15,20,0.75,0.75,"['min_max_scaling', 'undersampling', 'oversampling', 'stratified_sampling']",xgb,0.3786245433909586,0.2263238495823635,0.9835729363642807,295.5948736667633,
datasets/heart.csv,rf,sex,20,15,0.25,0.25,"['min_max_scaling', 'clustering', 'stratified_sampling']",rf,0.26170275200581006,0.3398893114682588,0.863294815479879,103.21385931968689,
datasets/heart.csv,lr,sex,20,15,0.25,0.25,"['standard', 'stratified_sampling', 'min_max_scaling']",lr,0.25019909785881855,0.3522345247345247,0.8526327204521618,165.82527923583984,
datasets/heart.csv,svc,sex,20,15,0.25,0.25,"['matching', 'standard', 'oversampling', 'stratified_sampling', 'clustering']",svc,0.24222225912816,0.43851060745599696,0.922955125712317,201.28759932518005,
datasets/heart.csv,xgb,sex,20,15,0.25,0.25,"['clustering', 'matching']",xgb,0.28792242453415773,0.2845757923531856,0.860420641421501,370.3557012081146,
datasets/heart.csv,rf,sex,20,15,0.25,0.5,"['undersampling', 'oversampling', 'matching']",rf,0.3381581064892973,0.3170893461145178,0.9934055590931123,99.45561528205872,
datasets/heart.csv,lr,sex,20,15,0.25,0.5,"['stratified_sampling', 'oversampling', 'ipw', 'standard', 'matching', 'clustering']",lr,0.27847880022533833,0.37919748768263956,0.9361550881333163,175.5647087097168,
datasets/heart.csv,svc,sex,20,15,0.25,0.5,"['clustering', 'oversampling', 'ipw', 'undersampling', 'matching', 'standard', 'min_max_scaling']",svc,0.4170430495835477,0.12343652643652646,0.9575226256036219,202.5245635509491,
datasets/heart.csv,xgb,sex,20,15,0.25,0.5,"['ipw', 'min_max_scaling', 'clustering']",xgb,0.29071692732189325,0.3770579614469774,0.958491816090764,413.76616740226746,
datasets/heart.csv,rf,sex,20,15,0.25,0.75,"['oversampling', 'matching', 'min_max_scaling', 'ipw']",rf,0.3230758127126996,0.3332704620128959,0.9794220874382951,100.1048948764801,
datasets/heart.csv,lr,sex,20,15,0.25,0.75,"['standard', 'stratified_sampling', 'undersampling', 'clustering', 'min_max_scaling']",lr,0.3189227806046393,0.26634265402067253,0.9041882152299511,177.67355370521545,
datasets/heart.csv,svc,sex,20,15,0.25,0.75,"['min_max_scaling', 'clustering']",svc,0.2953781337371503,0.376281297479137,0.9670375649534376,203.24825525283813,
datasets/heart.csv,xgb,sex,20,15,0.25,0.75,"['standard', 'undersampling']",xgb,0.29945849280717796,0.2736197322467346,0.8725367178610904,426.50832176208496,
datasets/heart.csv,rf,sex,20,15,0.5,0.25,"['min_max_scaling', 'matching', 'standard']",rf,0.31383423657680876,0.2655763033523915,0.893244776506009,100.47578525543213,
datasets/heart.csv,lr,sex,20,15,0.5,0.25,"['stratified_sampling', 'matching', 'oversampling']",lr,0.239885239572683,0.4449384047234651,0.9247088838688311,177.50805950164795,
datasets/heart.csv,svc,sex,20,15,0.5,0.25,"['undersampling', 'stratified_sampling', 'matching', 'standard']",svc,0.28864092261627394,0.3111930719583759,0.8884749171909239,205.25424146652222,
datasets/heart.csv,xgb,sex,20,15,0.5,0.25,"['min_max_scaling', 'oversampling']",xgb,0.30887016708731563,0.35838204526649126,0.9761223794411225,431.4130880832672,
datasets/heart.csv,rf,age,5,5,0.5,0.25,"['undersampling', 'standard']",rf,-inf,inf,0.9029761904761905,377.94072437286377,
datasets/heart.csv,lr,age,5,5,0.5,0.25,"['matching', 'clustering', 'oversampling']",lr,0.3562188589378483,0.1772494764481125,0.8896871943238092,66.70327925682068,
datasets/heart.csv,svc,age,5,5,0.5,0.25,"['undersampling', 'ipw', 'matching']",svc,0.13303571428571428,0.4777777777777778,0.7438492063492064,44.63449430465698,
datasets/heart.csv,xgb,age,5,5,0.5,0.25,"['clustering', 'ipw', 'matching', 'stratified_sampling', 'oversampling', 'standard']",xgb,0.34576719576719567,0.18703703703703708,0.8785714285714284,381.0260851383209,
datasets/heart.csv,rf,sex,20,15,0.5,0.5,"['undersampling', 'clustering', 'min_max_scaling']",rf,0.3408486496993209,0.22068423033869256,0.9023815297373343,112.53394818305969,
datasets/heart.csv,lr,sex,20,15,0.5,0.5,"['standard', 'ipw', 'oversampling', 'stratified_sampling']",lr,0.3080736569584447,0.3204963961371284,0.9366437100540178,172.51568174362183,
datasets/heart.csv,svc,sex,20,15,0.5,0.5,"['matching', 'undersampling', 'ipw', 'clustering']",svc,0.2994700080375208,0.28081982874316963,0.8797598448182112,212.76148104667664,
datasets/heart.csv,xgb,sex,20,15,0.5,0.5,"['min_max_scaling', 'undersampling']",xgb,0.29945849280717796,0.2736197322467346,0.8725367178610904,487.4168915748596,
datasets/heart.csv,rf,sex,20,15,0.5,0.75,['matching'],rf,0.31397066202379753,0.2655763033523915,0.8935176273999866,112.8675262928009,
datasets/heart.csv,lr,sex,20,15,0.5,0.75,['stratified_sampling'],lr,0.29184533560188347,0.2499082104113064,0.8335988816150733,172.56079363822937,
datasets/heart.csv,svc,sex,20,15,0.5,0.75,"['undersampling', 'standard', 'clustering', 'ipw', 'oversampling']",svc,0.34133888659475564,0.19409081278074414,0.8767685859702554,213.87052083015442,
datasets/heart.csv,xgb,sex,20,15,0.5,0.75,"['clustering', 'oversampling']",xgb,0.30887016708731563,0.35838204526649126,0.9761223794411225,491.0533447265625,
datasets/heart.csv,rf,age,5,5,0.25,0.25,"['ipw', 'matching', 'clustering']",rf,0.2691260852103866,0.35228739733605363,0.8905395677568269,383.683030128479,
datasets/heart.csv,lr,age,5,5,0.25,0.25,"['standard', 'stratified_sampling', 'undersampling', 'oversampling', 'ipw', 'clustering']",lr,-inf,inf,0.856904761904762,48.98950982093811,
datasets/heart.csv,svc,age,5,5,0.25,0.25,"['standard', 'stratified_sampling', 'matching', 'ipw', 'undersampling']",svc,0.0905198412698412,0.6611111111111112,0.8421507936507936,61.80142664909363,
datasets/heart.csv,xgb,age,5,5,0.25,0.25,"['stratified_sampling', 'undersampling', 'clustering']",xgb,-inf,inf,0.8244047619047619,463.14279961586,
datasets/heart.csv,rf,age,5,10,0.25,0.25,['stratified_sampling'],rf,-inf,inf,0.9138095238095237,271.65367913246155,
datasets/heart.csv,lr,age,5,10,0.25,0.25,"['clustering', 'undersampling', 'matching', 'ipw', 'standard', 'stratified_sampling']",lr,-inf,inf,0.9027777777777779,86.73021745681763,
datasets/heart.csv,svc,age,5,10,0.25,0.25,"['undersampling', 'stratified_sampling', 'ipw', 'matching', 'clustering']",svc,0.2585119047619048,0.3033333333333333,0.8203571428571429,96.46051216125488,
datasets/heart.csv,xgb,age,5,10,0.25,0.25,"['matching', 'min_max_scaling']",xgb,0.2802522893652958,0.2976721701762028,0.8581767489067943,506.24563121795654,
datasets/heart.csv,rf,sex,20,15,0.75,0.25,"['min_max_scaling', 'oversampling']",rf,0.324425538695052,0.33331074082185225,0.9821618182119561,120.3196063041687,
datasets/heart.csv,lr,sex,20,15,0.75,0.25,"['oversampling', 'min_max_scaling', 'clustering']",lr,0.2927268248181123,0.38678401507190935,0.972237664708134,173.53909873962402,
datasets/heart.csv,svc,sex,20,15,0.75,0.25,"['matching', 'oversampling', 'stratified_sampling']",svc,0.2943415126252878,0.33693452043337624,0.9256175456839518,222.6803421974182,
datasets/heart.csv,xgb,sex,20,15,0.75,0.25,"['clustering', 'standard']",xgb,0.2879801868549846,0.336861003730569,0.9128213774405382,535.972630739212,
datasets/heart.csv,rf,sex,20,15,0.75,0.5,"['stratified_sampling', 'oversampling']",rf,0.31746112014670513,0.3565004355185984,0.9914226758120087,121.60022735595703,
datasets/heart.csv,lr,sex,20,15,0.75,0.5,"['standard', 'clustering']",lr,0.2845871435768421,0.336166537430503,0.9053408245841872,175.23778986930847,
datasets/heart.csv,svc,sex,20,15,0.75,0.5,"['undersampling', 'matching']",svc,0.2704830596539682,0.3462076997076997,0.8871738190156361,223.3778522014618,
datasets/heart.csv,xgb,sex,20,15,0.75,0.5,"['ipw', 'min_max_scaling', 'clustering']",xgb,0.29071692732189325,0.3770579614469774,0.958491816090764,551.2359697818756,
datasets/heart.csv,rf,age,5,5,0.25,0.75,"['clustering', 'standard', 'ipw', 'stratified_sampling', 'oversampling']",rf,0.4255949272527514,0.14541181769452477,0.9966016722000275,444.85994815826416,
datasets/heart.csv,lr,age,5,5,0.25,0.75,"['ipw', 'oversampling', 'standard']",lr,0.3943047747367228,0.1591433838547872,0.9477529333282328,118.15838289260864,
datasets/heart.csv,svc,age,5,5,0.25,0.75,"['standard', 'ipw', 'clustering']",svc,0.32298453983672015,0.24640154584908439,0.8923706255225247,100.9962089061737,
datasets/heart.csv,xgb,age,5,5,0.25,0.75,"['clustering', 'stratified_sampling', 'undersampling', 'matching']",xgb,0.2441666666666667,0.2833333333333333,0.7716666666666667,344.8033311367035,
datasets/heart.csv,rf,sex,20,15,0.75,0.75,"['oversampling', 'undersampling']",rf,0.37336420052244607,0.2245848921821462,0.9713132932270383,122.77892732620239,
datasets/heart.csv,lr,sex,20,15,0.75,0.75,"['stratified_sampling', 'clustering', 'min_max_scaling', 'matching', 'undersampling']",lr,0.30369430466334496,0.3333909081974098,0.9407795175240997,175.83349013328552,
datasets/heart.csv,svc,sex,20,15,0.75,0.75,"['min_max_scaling', 'undersampling']",svc,0.2712509833160356,0.33771546418380893,0.8802174308158801,227.53173851966858,
datasets/heart.csv,xgb,sex,20,15,0.75,0.75,"['clustering', 'undersampling']",xgb,0.3002521022572274,0.2736197322467346,0.8741239367611895,564.7297298908234,
datasets/heart.csv,rf,age,5,5,0.75,0.25,"['undersampling', 'clustering']",rf,-inf,inf,0.9238095238095237,359.403856754303,
datasets/heart.csv,lr,age,5,5,0.75,0.25,"['min_max_scaling', 'ipw', 'undersampling', 'stratified_sampling', 'oversampling']",lr,0.30418121693121686,0.19935185185185186,0.8077142857142856,55.17697334289551,
datasets/heart.csv,svc,age,5,5,0.75,0.25,"['standard', 'undersampling']",svc,0.10206349206349202,0.6544444444444445,0.8585714285714285,70.1679675579071,
datasets/heart.csv,xgb,age,5,5,0.75,0.25,"['undersampling', 'oversampling']",xgb,0.18171957671957673,0.5648148148148149,0.9282539682539683,542.9979283809662,
datasets/heart.csv,rf,age,5,5,0.5,0.5,"['min_max_scaling', 'ipw', 'undersampling', 'oversampling', 'standard', 'clustering']",rf,0.42664241754448984,0.14467846664073747,0.9979633017297171,494.53583788871765,
datasets/heart.csv,lr,age,5,5,0.5,0.5,"['undersampling', 'clustering', 'ipw']",lr,0.22345238095238099,0.3033333333333333,0.7502380952380953,88.58217072486877,
datasets/heart.csv,svc,age,5,5,0.5,0.5,"['min_max_scaling', 'stratified_sampling']",svc,0.010972222222222217,0.7694444444444445,0.7913888888888889,92.98581957817078,
datasets/heart.csv,xgb,age,5,5,0.5,0.5,"['stratified_sampling', 'matching', 'ipw', 'standard']",xgb,0.2806377551020407,0.2800000000000001,0.8412755102040815,375.7547459602356,
datasets/heart.csv,rf,age,5,5,0.25,0.5,"['clustering', 'min_max_scaling', 'ipw', 'matching', 'standard', 'stratified_sampling']",rf,0.3554166666666667,0.16333333333333336,0.8741666666666668,486.5406286716461,
datasets/heart.csv,lr,age,5,5,0.25,0.5,"['clustering', 'oversampling']",lr,0.40601111846159604,0.11383421113541127,0.9258564480586033,86.06893515586853,
datasets/heart.csv,svc,age,5,5,0.25,0.5,"['stratified_sampling', 'undersampling', 'min_max_scaling', 'matching']",svc,0.2402380952380952,0.2833333333333333,0.7638095238095237,84.538254737854,
datasets/heart.csv,xgb,age,5,5,0.25,0.5,"['undersampling', 'stratified_sampling', 'ipw', 'standard']",xgb,-inf,inf,0.8244047619047619,416.8992338180542,
datasets/heart.csv,rf,age,5,5,0.75,0.5,"['standard', 'clustering']",rf,0.30162385997113494,0.2894805380954562,0.892728258037726,581.7339587211609,
datasets/heart.csv,lr,age,5,5,0.75,0.5,"['oversampling', 'min_max_scaling']",lr,0.391526182145756,0.16154758141846012,0.9445999457099722,75.22446942329407,
datasets/heart.csv,svc,age,5,5,0.75,0.5,"['stratified_sampling', 'clustering', 'undersampling']",svc,0.3021825396825396,0.3194444444444445,0.9238095238095237,141.35879778862,
datasets/heart.csv,xgb,age,5,5,0.75,0.5,"['min_max_scaling', 'stratified_sampling', 'clustering', 'matching', 'oversampling']",xgb,0.2937857142857142,0.35166666666666674,0.9392380952380952,277.96732687950134,
datasets/heart.csv,rf,age,5,10,0.75,0.5,['oversampling'],rf,0.4282590446489467,0.14061982819656008,0.9971379174944535,206.71457481384277,
datasets/heart.csv,lr,age,5,10,0.75,0.5,"['matching', 'undersampling']",lr,0.34943537414965986,0.075,0.7738707482993197,97.4176561832428,
datasets/heart.csv,svc,age,5,10,0.75,0.5,"['undersampling', 'min_max_scaling']",svc,-inf,inf,0.8858333333333333,76.62076139450073,
datasets/heart.csv,xgb,age,5,10,0.75,0.5,"['standard', 'min_max_scaling']",xgb,0.2840131131957193,0.2833897509782861,0.8514159773697247,829.7866749763489,
datasets/heart.csv,rf,age,5,10,0.5,0.25,"['undersampling', 'standard', 'oversampling', 'stratified_sampling']",rf,0.27134920634920634,0.33944444444444444,0.8821428571428571,602.3376142978668,
datasets/heart.csv,lr,age,5,10,0.5,0.25,"['stratified_sampling', 'clustering']",lr,0.14277777777777775,0.4611111111111112,0.7466666666666667,112.07298707962036,
datasets/heart.csv,svc,age,5,10,0.5,0.25,"['matching', 'ipw']",svc,0.3178933028038121,0.26520542383748785,0.900992029445112,132.79957151412964,
datasets/heart.csv,xgb,age,5,10,0.5,0.25,"['ipw', 'matching', 'undersampling']",xgb,0.29817460317460315,0.37222222222222223,0.9685714285714285,474.1322989463806,
datasets/heart.csv,rf,age,5,15,0.25,0.25,['matching'],rf,0.275936146332168,0.3344875984206613,0.8863598910849972,186.05953001976013,
datasets/heart.csv,lr,age,5,15,0.25,0.25,"['ipw', 'matching', 'stratified_sampling', 'undersampling']",lr,-inf,inf,0.5733333333333334,100.98911380767822,
datasets/heart.csv,svc,age,5,15,0.25,0.25,"['clustering', 'undersampling']",svc,0.33176587301587296,0.2477777777777778,0.9113095238095237,115.24191975593567,
datasets/heart.csv,xgb,age,5,15,0.25,0.25,"['matching', 'undersampling', 'min_max_scaling', 'clustering', 'oversampling']",xgb,0.20882407407407408,0.4518518518518519,0.8695,940.9015398025513,
datasets/heart.csv,rf,age,5,5,0.5,0.75,"['stratified_sampling', 'oversampling']",rf,0.4301743448810424,0.1361523039521123,0.9965009937141971,547.8232817649841,
datasets/heart.csv,lr,age,5,5,0.5,0.75,"['clustering', 'oversampling', 'ipw', 'min_max_scaling']",lr,0.4003968179986916,0.1489094875037539,0.9497031235011371,93.23336482048035,
datasets/heart.csv,svc,age,5,5,0.5,0.75,"['ipw', 'clustering', 'standard', 'oversampling']",svc,0.41462384022130516,0.11673879450869329,0.9459864749513036,160.69032549858093,
datasets/heart.csv,xgb,age,5,5,0.5,0.75,"['standard', 'clustering', 'undersampling', 'matching']",xgb,0.245,0.30833333333333335,0.7983333333333333,606.9702408313751,
datasets/heart.csv,rf,age,5,10,0.25,0.75,"['clustering', 'standard']",rf,0.30162385997113494,0.2894805380954562,0.892728258037726,537.134801864624,
datasets/heart.csv,lr,age,5,10,0.25,0.75,"['undersampling', 'stratified_sampling', 'standard']",lr,0.4756944444444444,0.048611111111111105,1.0,160.6536157131195,
datasets/heart.csv,svc,age,5,10,0.25,0.75,"['matching', 'ipw', 'oversampling']",svc,0.3663453087978185,0.18561310294156186,0.9183037205371989,214.59115362167358,
datasets/heart.csv,xgb,age,5,10,0.25,0.75,"['oversampling', 'clustering']",xgb,0.4192591351081848,0.15496212643477245,0.9934803966511421,493.8178861141205,
datasets/heart.csv,rf,age,10,5,0.25,0.25,"['min_max_scaling', 'standard']",rf,0.28512313771092057,0.31268432240430827,0.8829305978261495,517.6348879337311,
datasets/heart.csv,lr,age,10,5,0.25,0.25,"['oversampling', 'undersampling']",lr,0.42955633952055283,0.07105342121455151,0.9301661002556572,161.93222904205322,
datasets/heart.csv,svc,age,10,5,0.25,0.25,"['oversampling', 'clustering']",svc,0.41757239866035967,0.11398632879066556,0.9491311261113848,125.6419575214386,
datasets/heart.csv,xgb,age,10,5,0.25,0.25,"['min_max_scaling', 'oversampling']",xgb,0.4200142937997934,0.15374071271335873,0.9937693003129455,348.48869919776917,
datasets/heart.csv,rf,age,5,5,0.75,0.75,"['stratified_sampling', 'standard', 'matching', 'clustering']",rf,0.3737698412698412,0.15222222222222223,0.8997619047619047,636.7852611541748,
datasets/heart.csv,lr,age,5,5,0.75,0.75,"['undersampling', 'oversampling']",lr,0.42955633952055283,0.07105342121455151,0.9301661002556572,73.25740218162537,
datasets/heart.csv,svc,age,5,5,0.75,0.75,"['clustering', 'stratified_sampling', 'min_max_scaling', 'undersampling']",svc,0.4022222222222222,0.18555555555555558,0.99,120.90248394012451,
datasets/heart.csv,xgb,age,5,5,0.75,0.75,"['undersampling', 'clustering', 'ipw', 'matching', 'stratified_sampling']",xgb,-inf,inf,0.8496825396825397,668.8045511245728,
datasets/heart.csv,rf,age,5,15,0.5,0.25,"['undersampling', 'matching']",rf,0.2552777777777777,0.43055555555555564,0.9411111111111111,345.5030200481415,
datasets/heart.csv,lr,age,5,15,0.5,0.25,"['standard', 'ipw', 'oversampling', 'clustering']",lr,0.3978423606496241,0.1513938514499546,0.9470785727492028,251.01754665374756,
datasets/heart.csv,svc,age,5,15,0.5,0.25,"['undersampling', 'clustering', 'ipw', 'matching']",svc,0.07065476190476189,0.5819444444444445,0.7232539682539683,266.4950375556946,
datasets/heart.csv,xgb,age,5,15,0.5,0.25,"['oversampling', 'undersampling', 'min_max_scaling']",xgb,0.18171957671957673,0.5648148148148149,0.9282539682539683,436.5593090057373,
datasets/heart.csv,rf,age,5,15,0.75,0.25,"['min_max_scaling', 'ipw']",rf,0.29569258590814074,0.29999826889758413,0.8913834407138657,374.0221049785614,
datasets/heart.csv,lr,age,5,15,0.75,0.25,"['oversampling', 'undersampling']",lr,0.42955633952055283,0.07105342121455151,0.9301661002556572,185.10329866409302,
datasets/heart.csv,svc,age,5,15,0.75,0.25,"['ipw', 'standard', 'clustering', 'min_max_scaling']",svc,0.32416318044772624,0.24621942628268165,0.8945457871781342,258.7784788608551,
datasets/heart.csv,xgb,age,5,15,0.75,0.25,"['ipw', 'min_max_scaling']",xgb,0.2683006287656084,0.3097088090770034,0.8463100666082202,489.3992202281952,
datasets/heart.csv,rf,age,5,15,0.5,0.5,"['min_max_scaling', 'standard']",rf,0.28512313771092057,0.31268432240430827,0.8829305978261495,418.47987604141235,
datasets/heart.csv,lr,age,5,15,0.5,0.5,"['oversampling', 'undersampling']",lr,0.42955633952055283,0.07105342121455151,0.9301661002556572,168.0047881603241,
datasets/heart.csv,svc,age,5,15,0.5,0.5,"['standard', 'oversampling', 'min_max_scaling']",svc,0.4103999732237241,0.1297876768189155,0.9505876232663637,265.781227350235,
datasets/heart.csv,xgb,age,5,15,0.5,0.5,"['stratified_sampling', 'oversampling']",xgb,-inf,inf,0.8244047619047619,475.4219069480896,
datasets/heart.csv,rf,age,5,10,0.5,0.75,"['min_max_scaling', 'stratified_sampling', 'oversampling', 'undersampling', 'ipw']",rf,-inf,inf,0.9252380952380952,729.6889927387238,
datasets/heart.csv,lr,age,5,10,0.5,0.75,"['oversampling', 'ipw']",lr,0.41730298327278764,0.0892715936881322,0.9238775602337075,142.74805974960327,
datasets/heart.csv,svc,age,5,10,0.5,0.75,"['clustering', 'stratified_sampling', 'undersampling', 'oversampling', 'standard', 'min_max_scaling', 'matching']",svc,0.3378968253968254,0.2777777777777778,0.9535714285714286,201.229576587677,
datasets/heart.csv,xgb,age,5,10,0.5,0.75,"['min_max_scaling', 'ipw', 'standard', 'matching', 'clustering']",xgb,0.3271599774256351,0.2560325672419315,0.9103525220932017,467.4146978855133,
datasets/heart.csv,rf,age,5,10,0.75,0.25,"['clustering', 'standard', 'min_max_scaling']",rf,0.3262329301184431,0.28381800959392806,0.9362838698308144,691.5592837333679,
datasets/heart.csv,lr,age,5,10,0.75,0.25,['stratified_sampling'],lr,0.13444444444444445,0.4611111111111112,0.7300000000000001,133.40367364883423,
datasets/heart.csv,svc,age,5,10,0.75,0.25,"['ipw', 'oversampling']",svc,0.4143245019744374,0.11892024087127502,0.9475692448201498,155.3538112640381,
datasets/heart.csv,xgb,age,5,10,0.75,0.25,"['stratified_sampling', 'ipw', 'clustering']",xgb,-inf,inf,0.7869047619047619,572.1680455207825,
datasets/heart.csv,rf,age,5,10,0.5,0.5,"['oversampling', 'min_max_scaling']",rf,0.42826225644645427,0.14061982819656008,0.9971443410894686,684.5556259155273,
datasets/heart.csv,lr,age,5,10,0.5,0.5,"['undersampling', 'matching']",lr,0.34943537414965986,0.075,0.7738707482993197,167.60443139076233,
datasets/heart.csv,svc,age,5,10,0.5,0.5,"['standard', 'ipw']",svc,0.3232526402497485,0.24640154584908439,0.8929068263485813,170.61760997772217,
datasets/heart.csv,xgb,age,5,10,0.5,0.5,"['stratified_sampling', 'undersampling']",xgb,-inf,inf,0.8244047619047619,539.1539130210876,
datasets/heart.csv,rf,age,5,15,0.25,0.5,"['clustering', 'stratified_sampling', 'matching', 'undersampling', 'min_max_scaling']",rf,0.29722222222222217,0.32222222222222224,0.9166666666666666,741.7948575019836,
datasets/heart.csv,lr,age,5,15,0.25,0.5,"['ipw', 'clustering', 'undersampling']",lr,0.22345238095238099,0.3033333333333333,0.7502380952380953,231.04910802841187,
datasets/heart.csv,svc,age,5,15,0.25,0.5,"['min_max_scaling', 'standard']",svc,0.3379968664085829,0.22298200561919934,0.8989757384363651,248.92182564735413,
datasets/heart.csv,xgb,age,5,15,0.25,0.5,['oversampling'],xgb,0.4200142937997934,0.15374071271335873,0.9937693003129455,190.09399890899658,
datasets/heart.csv,rf,age,10,5,0.75,0.75,"['standard', 'clustering', 'min_max_scaling']",rf,0.3262329301184431,0.28381800959392806,0.9362838698308144,261.84238171577454,
datasets/heart.csv,lr,age,10,5,0.75,0.75,"['oversampling', 'min_max_scaling', 'ipw', 'clustering']",lr,0.4003968179986916,0.1489094875037539,0.9497031235011371,162.58636808395386,
datasets/heart.csv,svc,age,10,5,0.75,0.75,"['min_max_scaling', 'standard']",svc,0.3379968664085829,0.22298200561919934,0.8989757384363651,167.7265067100525,
datasets/heart.csv,xgb,age,10,5,0.75,0.75,"['matching', 'undersampling', 'clustering', 'oversampling', 'min_max_scaling', 'stratified_sampling']",xgb,0.32777777777777783,0.2844444444444444,0.9400000000000001,411.66126322746277,
datasets/heart.csv,rf,age,10,5,0.25,0.75,"['oversampling', 'min_max_scaling']",rf,0.42826225644645427,0.14061982819656008,0.9971443410894686,294.75400710105896,
datasets/heart.csv,lr,age,10,5,0.25,0.75,['standard'],lr,0.327287347564774,0.23972855407172833,0.8943032492012764,136.77974009513855,
datasets/heart.csv,svc,age,10,5,0.25,0.75,"['ipw', 'oversampling', 'stratified_sampling']",svc,0.41256932807451324,0.12581171352500795,0.9509503696740345,178.19097471237183,
datasets/heart.csv,xgb,age,10,5,0.25,0.75,"['matching', 'stratified_sampling', 'standard']",xgb,0.20821428571428569,0.5244444444444445,0.9408730158730159,478.99801421165466,
datasets/heart.csv,rf,age,5,15,0.75,0.75,"['standard', 'ipw']",rf,0.29361795849451644,0.30401192725921083,0.8912478442482437,617.4423010349274,
datasets/heart.csv,lr,age,5,15,0.75,0.75,"['oversampling', 'stratified_sampling', 'min_max_scaling']",lr,0.400409819802178,0.14535595488698363,0.9461755944913396,212.4782783985138,
datasets/heart.csv,svc,age,5,15,0.75,0.75,"['clustering', 'undersampling']",svc,0.33176587301587296,0.2477777777777778,0.9113095238095237,241.20006585121155,
datasets/heart.csv,xgb,age,5,15,0.75,0.75,"['standard', 'clustering']",xgb,0.2840131131957193,0.2833897509782861,0.8514159773697247,328.97961473464966,
datasets/heart.csv,rf,age,10,5,0.75,0.5,"['oversampling', 'min_max_scaling']",rf,0.42826225644645427,0.14061982819656008,0.9971443410894686,317.9352970123291,
datasets/heart.csv,lr,age,10,5,0.75,0.5,"['matching', 'undersampling']",lr,0.34943537414965986,0.075,0.7738707482993197,140.1313989162445,
datasets/heart.csv,svc,age,10,5,0.75,0.5,"['min_max_scaling', 'standard']",svc,0.3379968664085829,0.22298200561919934,0.8989757384363651,166.24230408668518,
datasets/heart.csv,xgb,age,10,5,0.75,0.5,"['stratified_sampling', 'matching', 'undersampling', 'oversampling']",xgb,0.4172101417761992,0.1568249524645204,0.9912452360169188,435.5400035381317,
datasets/heart.csv,rf,age,10,5,0.75,0.25,"['standard', 'oversampling', 'stratified_sampling', 'ipw']",rf,0.4258055040811174,0.14341311260326522,0.9950241207655,425.822331905365,
datasets/heart.csv,lr,age,10,5,0.75,0.25,"['clustering', 'undersampling', 'stratified_sampling', 'oversampling']",lr,0.424384860658773,0.08235440105595142,0.9311241223734974,150.73475551605225,
datasets/heart.csv,svc,age,10,5,0.75,0.25,"['oversampling', 'standard']",svc,0.41220082694177557,0.12577028843967256,0.9501719423232237,169.81515979766846,
datasets/heart.csv,xgb,age,10,5,0.75,0.25,"['standard', 'clustering']",xgb,0.2840131131957193,0.2833897509782861,0.8514159773697247,365.0042850971222,
datasets/heart.csv,rf,age,10,5,0.5,0.5,"['oversampling', 'stratified_sampling']",rf,0.4301743448810424,0.1361523039521123,0.9965009937141971,185.65190625190735,
datasets/heart.csv,lr,age,10,5,0.5,0.5,"['min_max_scaling', 'stratified_sampling', 'matching']",lr,0.34930555555555554,0.2088888888888889,0.9075,168.27031993865967,
datasets/heart.csv,svc,age,10,5,0.5,0.5,"['oversampling', 'standard']",svc,0.41220082694177557,0.12577028843967256,0.9501719423232237,164.21099138259888,
datasets/heart.csv,xgb,age,10,5,0.5,0.5,"['matching', 'stratified_sampling', 'oversampling']",xgb,0.4359041545839665,0.11808286558801928,0.9898911747559522,611.8410453796387,
datasets/heart.csv,rf,age,5,10,0.25,0.5,"['stratified_sampling', 'ipw', 'standard', 'oversampling']",rf,0.4258055040811174,0.14341311260326522,0.9950241207655,814.2193892002106,
datasets/heart.csv,lr,age,5,10,0.25,0.5,"['ipw', 'min_max_scaling']",lr,0.3255838916056044,0.20505581388880467,0.8562235971000135,157.5267722606659,
datasets/heart.csv,svc,age,5,10,0.25,0.5,"['standard', 'stratified_sampling', 'min_max_scaling', 'matching']",svc,0.13946428571428565,0.5333333333333333,0.8122619047619046,183.84130191802979,
datasets/heart.csv,xgb,age,5,10,0.25,0.5,"['ipw', 'oversampling']",xgb,0.4217679306283913,0.15129399049427553,0.9948298517510581,516.2675914764404,
datasets/heart.csv,rf,age,10,5,0.5,0.75,"['min_max_scaling', 'undersampling', 'stratified_sampling', 'oversampling', 'standard']",rf,0.3643597883597884,0.14851851851851852,0.8772380952380953,532.3895082473755,
datasets/heart.csv,lr,age,10,5,0.5,0.75,"['stratified_sampling', 'oversampling', 'clustering', 'undersampling']",lr,0.424384860658773,0.08235440105595142,0.9311241223734974,232.29248023033142,
datasets/heart.csv,svc,age,10,5,0.5,0.75,"['standard', 'ipw', 'oversampling', 'matching', 'stratified_sampling']",svc,0.42373833921650117,0.1041760870242243,0.9516527654572267,154.8049967288971,
datasets/heart.csv,xgb,age,10,5,0.5,0.75,"['ipw', 'undersampling', 'clustering', 'oversampling', 'min_max_scaling', 'stratified_sampling']",xgb,0.43307531506501534,0.1290963970152497,0.9952470271452803,202.87174344062805,
datasets/heart.csv,rf,age,10,5,0.25,0.5,"['min_max_scaling', 'ipw', 'standard', 'clustering']",rf,0.3155903802456862,0.273409872823747,0.9045906333151195,686.2363166809082,
datasets/heart.csv,lr,age,10,5,0.25,0.5,['clustering'],lr,0.2685040347006683,0.3101821323991046,0.8471902018004412,158.32041025161743,
datasets/heart.csv,svc,age,10,5,0.25,0.5,"['undersampling', 'clustering']",svc,0.33176587301587296,0.2477777777777778,0.9113095238095237,142.1188235282898,
datasets/heart.csv,xgb,age,10,5,0.25,0.5,"['oversampling', 'standard']",xgb,0.4200142937997934,0.15374071271335873,0.9937693003129455,198.3618893623352,
datasets/heart.csv,rf,age,5,15,0.5,0.75,"['clustering', 'matching']",rf,0.2575158493604025,0.3800232008368254,0.8950548995576304,847.7109713554382,
datasets/heart.csv,lr,age,5,15,0.5,0.75,"['oversampling', 'stratified_sampling', 'standard', 'undersampling', 'matching']",lr,0.3494523809523809,0.1911111111111111,0.8900158730158729,277.23375940322876,
datasets/heart.csv,svc,age,5,15,0.5,0.75,"['undersampling', 'clustering']",svc,0.33176587301587296,0.2477777777777778,0.9113095238095237,204.19791841506958,
datasets/heart.csv,xgb,age,5,15,0.5,0.75,"['matching', 'clustering']",xgb,0.2802522893652958,0.2976721701762028,0.8581767489067943,159.77791500091553,
datasets/heart.csv,rf,age,5,10,0.75,0.75,"['ipw', 'min_max_scaling', 'oversampling']",rf,0.42420623257796697,0.14884624348578568,0.9972587086417196,830.8164324760437,
datasets/heart.csv,lr,age,5,10,0.75,0.75,"['oversampling', 'min_max_scaling', 'clustering']",lr,0.4003968179986916,0.1489094875037539,0.9497031235011371,139.21974682807922,
datasets/heart.csv,svc,age,5,10,0.75,0.75,"['undersampling', 'clustering']",svc,0.33176587301587296,0.2477777777777778,0.9113095238095237,142.93470430374146,
datasets/heart.csv,xgb,age,5,10,0.75,0.75,"['standard', 'oversampling']",xgb,0.4200142937997934,0.15374071271335873,0.9937693003129455,571.2718312740326,
datasets/heart.csv,rf,age,5,20,0.75,0.25,"['min_max_scaling', 'ipw']",rf,0.29569258590814074,0.29999826889758413,0.8913834407138657,630.6136894226074,
datasets/heart.csv,lr,age,5,20,0.75,0.25,"['ipw', 'oversampling', 'clustering', 'undersampling']",lr,0.41220498937240585,0.10790035675307423,0.9323103354978859,329.5080637931824,
datasets/heart.csv,svc,age,5,20,0.75,0.25,"['undersampling', 'oversampling']",svc,0.22252645502645496,0.35185185185185186,0.7969047619047618,306.0144250392914,
datasets/heart.csv,xgb,age,5,20,0.75,0.25,"['min_max_scaling', 'clustering']",xgb,0.2840131131957193,0.2833897509782861,0.8514159773697247,174.4057800769806,
datasets/heart.csv,rf,age,5,15,0.75,0.5,"['matching', 'min_max_scaling', 'ipw']",rf,0.27733081620026495,0.35016386427156565,0.9048254966720956,751.2884621620178,
datasets/heart.csv,lr,age,5,15,0.75,0.5,"['min_max_scaling', 'standard']",lr,0.32964001482802974,0.24073200047581023,0.9000120301318697,201.04772210121155,
datasets/heart.csv,svc,age,5,15,0.75,0.5,"['undersampling', 'min_max_scaling', 'oversampling']",svc,0.392694389087534,0.16409572670901262,0.9494845048840806,264.23916888237,
datasets/heart.csv,xgb,age,5,15,0.75,0.5,"['ipw', 'oversampling']",xgb,0.4217679306283913,0.15129399049427553,0.9948298517510581,287.0438630580902,
datasets/heart.csv,rf,age,5,20,0.25,0.25,"['standard', 'oversampling']",rf,0.42830532437750435,0.14061982819656008,0.9972304769515687,369.800181388855,
datasets/heart.csv,lr,age,5,20,0.25,0.25,"['undersampling', 'stratified_sampling', 'standard']",lr,0.4756944444444444,0.048611111111111105,1.0,326.40101051330566,
datasets/heart.csv,svc,age,5,20,0.25,0.25,"['clustering', 'oversampling']",svc,0.41757239866035967,0.11398632879066556,0.9491311261113848,329.0347168445587,
datasets/heart.csv,xgb,age,5,20,0.25,0.25,"['undersampling', 'matching', 'oversampling']",xgb,0.381739417989418,0.19259259259259265,0.9560714285714287,462.6473276615143,
datasets/heart.csv,rf,age,5,20,0.25,0.5,"['standard', 'clustering', 'ipw', 'undersampling', 'oversampling', 'min_max_scaling']",rf,0.42664241754448984,0.14467846664073747,0.9979633017297171,637.6626002788544,
datasets/heart.csv,lr,age,5,20,0.25,0.5,"['matching', 'undersampling']",lr,0.34943537414965986,0.075,0.7738707482993197,258.0378112792969,
datasets/heart.csv,svc,age,5,20,0.25,0.5,"['matching', 'stratified_sampling', 'oversampling', 'undersampling', 'min_max_scaling']",svc,0.4158943772920235,0.11833250729180718,0.9501212618758542,335.09455370903015,
datasets/heart.csv,xgb,age,5,20,0.25,0.5,"['oversampling', 'undersampling']",xgb,0.18171957671957673,0.5648148148148149,0.9282539682539683,276.65740942955017,
datasets/heart.csv,rf,age,5,20,0.75,0.75,['ipw'],rf,0.295526703968656,0.29999826889758413,0.8910516768348961,721.0133578777313,
datasets/heart.csv,lr,age,5,20,0.75,0.75,"['standard', 'matching']",lr,0.30948317302204154,0.277740412350971,0.8967067583950541,279.82585191726685,
datasets/heart.csv,svc,age,5,20,0.75,0.75,"['min_max_scaling', 'oversampling']",svc,0.4103999732237241,0.1297876768189155,0.9505876232663637,283.2087211608887,
datasets/heart.csv,xgb,age,5,20,0.75,0.75,"['ipw', 'oversampling']",xgb,0.4217679306283913,0.15129399049427553,0.9948298517510581,207.84983777999878,
datasets/heart.csv,rf,age,5,20,0.5,0.5,"['undersampling', 'oversampling']",rf,0.4202960313662346,0.15736116789795407,0.9979532306304233,743.5297911167145,
datasets/heart.csv,lr,age,5,20,0.5,0.5,"['standard', 'matching', 'min_max_scaling', 'undersampling']",lr,0.18371031746031752,0.5472222222222222,0.9146428571428572,326.32365107536316,
datasets/heart.csv,svc,age,5,20,0.5,0.5,"['undersampling', 'matching', 'min_max_scaling', 'ipw']",svc,0.22248015873015872,0.4152777777777778,0.8602380952380952,264.3623294830322,
datasets/heart.csv,xgb,age,5,20,0.5,0.5,"['standard', 'undersampling', 'ipw', 'oversampling']",xgb,0.18171957671957673,0.5648148148148149,0.9282539682539683,177.49398946762085,
datasets/heart.csv,rf,age,5,15,0.25,0.75,['standard'],rf,0.2855876221765228,0.31268432240430827,0.8838595667573539,899.2480630874634,
datasets/heart.csv,lr,age,5,15,0.25,0.75,"['min_max_scaling', 'matching']",lr,0.3129132617457824,0.27760037453585845,0.9034268980274233,233.12708497047424,
datasets/heart.csv,svc,age,5,15,0.25,0.75,"['oversampling', 'clustering', 'ipw', 'matching']",svc,0.36645028616618536,0.1866024421295757,0.9195030144619464,248.8514335155487,
datasets/heart.csv,xgb,age,5,15,0.25,0.75,"['matching', 'standard', 'min_max_scaling', 'ipw']",xgb,0.279454167647726,0.3070691495323759,0.865977484827828,225.0905795097351,
datasets/heart.csv,rf,age,5,20,0.5,0.25,"['clustering', 'ipw']",rf,0.28183160717616107,0.3152404192177569,0.8789036335700791,621.6555557250977,
datasets/heart.csv,lr,age,5,20,0.5,0.25,"['clustering', 'min_max_scaling']",lr,0.3085212843093985,0.2841157345885105,0.9011583032073076,260.0527226924896,
datasets/heart.csv,svc,age,5,20,0.5,0.25,"['undersampling', 'ipw']",svc,0.14190476190476192,0.61,0.8938095238095238,318.3732807636261,
datasets/heart.csv,xgb,age,5,20,0.5,0.25,"['oversampling', 'undersampling', 'standard']",xgb,0.18171957671957673,0.5648148148148149,0.9282539682539683,340.3148112297058,
datasets/heart.csv,rf,age,10,5,0.5,0.25,"['clustering', 'oversampling', 'standard', 'min_max_scaling']",rf,0.4261206249692714,0.14341265352459664,0.9956539034631394,989.1318638324738,
datasets/heart.csv,lr,age,10,5,0.5,0.25,"['clustering', 'oversampling']",lr,0.40601111846159604,0.11383421113541127,0.9258564480586033,112.18955779075623,
datasets/heart.csv,svc,age,10,5,0.5,0.25,"['stratified_sampling', 'standard']",svc,0.029702380952380925,0.7027777777777778,0.7621825396825397,64.39703845977783,
datasets/heart.csv,xgb,age,10,5,0.5,0.25,"['min_max_scaling', 'stratified_sampling', 'clustering', 'matching', 'standard']",xgb,0.2806377551020407,0.2800000000000001,0.8412755102040815,96.48816561698914,
datasets/heart.csv,rf,age,10,10,0.25,0.25,"['undersampling', 'stratified_sampling', 'standard']",rf,-inf,inf,0.9361111111111111,444.04049134254456,
datasets/heart.csv,lr,age,10,10,0.25,0.25,"['ipw', 'min_max_scaling']",lr,0.3255838916056044,0.20505581388880467,0.8562235971000135,296.55576491355896,
datasets/heart.csv,svc,age,10,10,0.25,0.25,"['undersampling', 'clustering', 'standard', 'min_max_scaling', 'stratified_sampling']",svc,0.3926388888888888,0.18555555555555558,0.9708333333333332,269.4177212715149,
datasets/heart.csv,xgb,age,10,10,0.25,0.25,"['min_max_scaling', 'undersampling', 'oversampling']",xgb,0.18171957671957673,0.5648148148148149,0.9282539682539683,203.6098403930664,
datasets/heart.csv,rf,age,5,20,0.5,0.75,['min_max_scaling'],rf,0.28512313771092057,0.31268432240430827,0.8829305978261495,795.6113052368164,
datasets/heart.csv,lr,age,5,20,0.5,0.75,['oversampling'],lr,0.4059364991625458,0.11383421113541127,0.9257072094605029,306.82926869392395,
datasets/heart.csv,svc,age,5,20,0.5,0.75,"['undersampling', 'stratified_sampling', 'standard', 'oversampling']",svc,0.27459126984126997,0.32999999999999996,0.8791825396825399,284.09260845184326,
datasets/heart.csv,xgb,age,5,20,0.5,0.75,"['oversampling', 'ipw', 'standard']",xgb,0.4217679306283913,0.15129399049427553,0.9948298517510581,162.15979266166687,
datasets/heart.csv,rf,age,5,20,0.75,0.5,"['min_max_scaling', 'undersampling']",rf,-inf,inf,0.9029761904761905,966.278079032898,
datasets/heart.csv,lr,age,5,20,0.75,0.5,"['ipw', 'min_max_scaling']",lr,0.3255838916056044,0.20505581388880467,0.8562235971000135,288.36711716651917,
datasets/heart.csv,svc,age,5,20,0.75,0.5,"['oversampling', 'ipw', 'standard', 'matching', 'min_max_scaling', 'stratified_sampling']",svc,0.4147724899729404,0.12349809222326043,0.9530430721691413,180.74695682525635,
datasets/heart.csv,xgb,age,5,20,0.75,0.5,"['ipw', 'clustering']",xgb,0.27484346758343897,0.3036405733535953,0.8533275085204732,111.0220103263855,
datasets/heart.csv,rf,age,10,10,0.5,0.5,"['standard', 'clustering', 'min_max_scaling']",rf,0.3262329301184431,0.28381800959392806,0.9362838698308144,369.819415807724,
datasets/heart.csv,lr,age,10,10,0.5,0.5,"['oversampling', 'undersampling']",lr,0.42955633952055283,0.07105342121455151,0.9301661002556572,295.7042484283447,
datasets/heart.csv,svc,age,10,10,0.5,0.5,"['oversampling', 'standard', 'undersampling']",svc,0.3982746959492517,0.15411645327349577,0.9506658451719991,209.72040128707886,
datasets/heart.csv,xgb,age,10,10,0.5,0.5,['clustering'],xgb,0.2840131131957193,0.2833897509782861,0.8514159773697247,135.0198380947113,
datasets/heart.csv,rf,age,10,10,0.25,0.5,"['stratified_sampling', 'matching', 'clustering', 'oversampling', 'standard']",rf,0.16021825396825393,0.4777777777777778,0.7982142857142857,345.05259680747986,
datasets/heart.csv,lr,age,10,10,0.25,0.5,"['matching', 'stratified_sampling']",lr,0.08238095238095244,0.6677777777777777,0.8325396825396826,331.49767327308655,
datasets/heart.csv,svc,age,10,10,0.25,0.5,"['oversampling', 'clustering', 'standard']",svc,0.408887364917381,0.1321491623589999,0.9499238921937618,241.92813754081726,
datasets/heart.csv,xgb,age,10,10,0.25,0.5,"['ipw', 'stratified_sampling']",xgb,-inf,inf,0.7774999999999999,189.1403648853302,
datasets/heart.csv,rf,age,10,10,0.75,0.25,"['stratified_sampling', 'oversampling']",rf,0.4301743448810424,0.1361523039521123,0.9965009937141971,383.27027678489685,
datasets/heart.csv,lr,age,10,10,0.75,0.25,"['undersampling', 'oversampling']",lr,0.42955633952055283,0.07105342121455151,0.9301661002556572,283.7471446990967,
datasets/heart.csv,svc,age,10,10,0.75,0.25,"['standard', 'oversampling', 'matching', 'stratified_sampling', 'ipw']",svc,0.42373833921650117,0.1041760870242243,0.9516527654572267,161.55356431007385,
datasets/heart.csv,xgb,age,10,10,0.75,0.25,"['standard', 'min_max_scaling']",xgb,0.2840131131957193,0.2833897509782861,0.8514159773697247,129.6367471218109,
datasets/heart.csv,rf,age,10,10,0.5,0.25,"['clustering', 'standard']",rf,0.30162385997113494,0.2894805380954562,0.892728258037726,492.655965089798,
datasets/heart.csv,lr,age,10,10,0.5,0.25,"['standard', 'clustering', 'min_max_scaling', 'stratified_sampling', 'undersampling']",lr,0.43222222222222223,0.13555555555555554,1.0,296.94145703315735,
datasets/heart.csv,svc,age,10,10,0.5,0.25,"['matching', 'undersampling']",svc,0.04573412698412699,0.7916666666666666,0.8831349206349206,142.59837555885315,
datasets/heart.csv,xgb,age,10,10,0.5,0.25,"['clustering', 'min_max_scaling']",xgb,0.2840131131957193,0.2833897509782861,0.8514159773697247,117.77684736251831,
datasets/heart.csv,rf,age,10,10,0.5,0.75,"['min_max_scaling', 'oversampling']",rf,0.42826225644645427,0.14061982819656008,0.9971443410894686,449.6092805862427,
datasets/heart.csv,lr,age,10,10,0.5,0.75,"['standard', 'undersampling', 'oversampling']",lr,0.3887206161236231,0.1724316967230197,0.9498729289702659,269.25521063804626,
datasets/heart.csv,svc,age,10,10,0.5,0.75,"['clustering', 'oversampling']",svc,0.41757239866035967,0.11398632879066556,0.9491311261113848,148.3493092060089,
datasets/heart.csv,xgb,age,10,10,0.5,0.75,['min_max_scaling'],xgb,0.2840131131957193,0.2833897509782861,0.8514159773697247,118.69555735588074,
datasets/heart.csv,rf,age,5,20,0.25,0.75,"['undersampling', 'min_max_scaling', 'standard', 'stratified_sampling', 'oversampling']",rf,0.3643597883597884,0.14851851851851852,0.8772380952380953,1065.5731737613678,
datasets/heart.csv,lr,age,5,20,0.25,0.75,"['ipw', 'matching', 'min_max_scaling', 'oversampling', 'clustering', 'stratified_sampling']",lr,0.41845183277542625,0.11590244970582854,0.952806115256681,275.0007586479187,
datasets/heart.csv,svc,age,5,20,0.25,0.75,"['clustering', 'min_max_scaling', 'undersampling', 'oversampling', 'standard']",svc,0.30215608465608457,0.25925925925925924,0.8635714285714284,140.52448391914368,
datasets/heart.csv,xgb,age,5,20,0.25,0.75,"['standard', 'stratified_sampling', 'matching']",xgb,0.20821428571428569,0.5244444444444445,0.9408730158730159,133.83575201034546,
datasets/heart.csv,rf,age,10,10,0.25,0.75,"['matching', 'stratified_sampling', 'min_max_scaling']",rf,0.19694444444444442,0.5077777777777778,0.9016666666666666,617.7885782718658,
datasets/heart.csv,lr,age,10,10,0.25,0.75,"['standard', 'matching']",lr,0.30948317302204154,0.277740412350971,0.8967067583950541,246.62714886665344,
datasets/heart.csv,svc,age,10,10,0.25,0.75,"['stratified_sampling', 'ipw']",svc,0.13998015873015876,0.42777777777777776,0.7077380952380953,128.53077173233032,
datasets/heart.csv,xgb,age,10,10,0.25,0.75,"['ipw', 'matching', 'min_max_scaling']",xgb,0.279454167647726,0.3070691495323759,0.865977484827828,104.14668583869934,
datasets/heart.csv,rf,age,10,10,0.75,0.75,"['stratified_sampling', 'oversampling']",rf,0.4301743448810424,0.1361523039521123,0.9965009937141971,456.55391931533813,
datasets/heart.csv,lr,age,10,10,0.75,0.75,"['oversampling', 'ipw', 'stratified_sampling', 'undersampling']",lr,0.4269752556869275,0.07163077391925894,0.925581285293114,241.93579936027527,
datasets/heart.csv,svc,age,10,10,0.75,0.75,"['ipw', 'oversampling']",svc,0.4143245019744374,0.11892024087127502,0.9475692448201498,128.7405436038971,
datasets/heart.csv,xgb,age,10,10,0.75,0.75,"['oversampling', 'standard']",xgb,0.4200142937997934,0.15374071271335873,0.9937693003129455,108.13110947608948,
datasets/heart.csv,rf,sex,20,20,0.25,0.25,"['standard', 'min_max_scaling', 'oversampling']",rf,0.324425538695052,0.33331074082185225,0.9821618182119561,199.3603310585022,
datasets/heart.csv,lr,sex,20,20,0.25,0.25,"['ipw', 'stratified_sampling', 'oversampling', 'standard', 'matching', 'clustering']",lr,0.27847880022533833,0.37919748768263956,0.9361550881333163,285.8167037963867,
datasets/heart.csv,svc,sex,20,20,0.25,0.25,"['clustering', 'stratified_sampling', 'min_max_scaling', 'oversampling']",svc,0.32863491252634625,0.31736333587592164,0.9746331609286141,808.6632223129272,
datasets/heart.csv,xgb,sex,20,20,0.25,0.25,"['undersampling', 'oversampling', 'ipw']",xgb,0.31095113871171653,0.35671253845148176,0.9786148158749148,646.3170495033264,
datasets/heart.csv,rf,age,15,5,0.25,0.25,"['clustering', 'oversampling', 'standard', 'ipw', 'stratified_sampling']",rf,0.4255949272527514,0.14541181769452477,0.9966016722000275,146.89461207389832,
datasets/heart.csv,lr,age,15,5,0.25,0.25,"['ipw', 'stratified_sampling', 'oversampling', 'undersampling']",lr,0.4269752556869275,0.07163077391925894,0.925581285293114,92.75415802001953,
datasets/heart.csv,svc,age,15,5,0.25,0.25,"['standard', 'ipw', 'oversampling']",svc,0.4081067064718091,0.13047401793912802,0.9466874308827462,60.45371866226196,
datasets/heart.csv,xgb,age,15,5,0.25,0.25,"['min_max_scaling', 'standard', 'oversampling', 'stratified_sampling', 'clustering']",xgb,0.4282457123680007,0.13594160986091136,0.9924330345969128,55.663710832595825,
datasets/heart.csv,rf,age,15,5,0.25,0.75,"['ipw', 'clustering', 'standard', 'oversampling', 'min_max_scaling']",rf,0.4270431077446241,0.14341265352459664,0.9974988690138449,126.84197783470154,
datasets/heart.csv,lr,age,15,5,0.25,0.75,"['oversampling', 'min_max_scaling']",lr,0.391526182145756,0.16154758141846012,0.9445999457099722,94.39781594276428,
datasets/heart.csv,svc,age,15,5,0.25,0.75,"['standard', 'oversampling', 'stratified_sampling', 'ipw', 'min_max_scaling']",svc,0.4050365166673857,0.14087202604925808,0.9509450593840295,57.36991882324219,
datasets/heart.csv,xgb,age,15,5,0.25,0.75,"['matching', 'ipw', 'stratified_sampling', 'oversampling', 'min_max_scaling']",xgb,0.43891227987001524,0.11519678819562668,0.9930213479356571,57.408990144729614,
datasets/heart.csv,rf,age,15,5,0.5,0.5,['ipw'],rf,0.295526703968656,0.29999826889758413,0.8910516768348961,117.18694710731506,
datasets/heart.csv,lr,age,15,5,0.5,0.5,"['oversampling', 'ipw']",lr,0.41730298327278764,0.0892715936881322,0.9238775602337075,91.74010348320007,
datasets/heart.csv,svc,age,15,5,0.5,0.5,"['clustering', 'oversampling', 'ipw']",svc,0.421019201065976,0.10528061406755822,0.9473190161995102,54.550376653671265,
datasets/heart.csv,xgb,age,15,5,0.5,0.5,"['matching', 'oversampling', 'stratified_sampling']",xgb,0.4359041545839665,0.11808286558801928,0.9898911747559522,60.515915393829346,
datasets/heart.csv,rf,age,15,5,0.25,0.5,"['oversampling', 'standard', 'matching']",rf,0.39056632156921406,0.21489763197803627,0.9960302751164644,135.48555183410645,
datasets/heart.csv,lr,age,15,5,0.25,0.5,"['undersampling', 'matching', 'ipw', 'clustering']",lr,0.3572925170068027,0.075,0.7895850340136054,94.83355641365051,
datasets/heart.csv,svc,age,15,5,0.25,0.5,"['oversampling', 'min_max_scaling']",svc,0.4103999732237241,0.1297876768189155,0.9505876232663637,57.82082176208496,
datasets/heart.csv,xgb,age,15,5,0.25,0.5,"['clustering', 'oversampling', 'undersampling', 'stratified_sampling']",xgb,0.43214026805711186,0.1308142160457457,0.9950947521599695,75.58341431617737,
datasets/heart.csv,rf,age,10,10,0.75,0.5,"['min_max_scaling', 'stratified_sampling', 'matching', 'standard']",rf,0.3484722222222221,0.15222222222222223,0.8491666666666665,705.6379570960999,
datasets/heart.csv,lr,age,10,10,0.75,0.5,"['matching', 'min_max_scaling']",lr,0.3129132617457824,0.27760037453585845,0.9034268980274233,138.24338054656982,
datasets/heart.csv,svc,age,10,10,0.75,0.5,"['min_max_scaling', 'standard']",svc,0.3379968664085829,0.22298200561919934,0.8989757384363651,100.36924052238464,
datasets/heart.csv,xgb,age,10,10,0.75,0.5,"['matching', 'ipw', 'oversampling']",xgb,0.3851667145231738,0.21525075222531342,0.985584181271661,78.50412082672119,
datasets/heart.csv,rf,age,15,5,0.5,0.25,"['clustering', 'min_max_scaling', 'stratified_sampling', 'oversampling']",rf,0.4309116125762718,0.13410799750435323,0.9959312226568968,124.2638418674469,
datasets/heart.csv,lr,age,15,5,0.5,0.25,"['undersampling', 'stratified_sampling']",lr,-inf,inf,0.7457936507936509,93.86327743530273,
datasets/heart.csv,svc,age,15,5,0.5,0.25,"['stratified_sampling', 'ipw', 'clustering']",svc,0.12414682539682537,0.4194444444444445,0.6677380952380952,57.592544078826904,
datasets/heart.csv,xgb,age,15,5,0.5,0.25,"['matching', 'stratified_sampling', 'oversampling', 'standard']",xgb,0.43891227987001524,0.11519678819562668,0.9930213479356571,75.82436728477478,
datasets/heart.csv,rf,age,15,5,0.75,0.25,"['oversampling', 'ipw']",rf,0.4241887255665526,0.14884624348578568,0.9972236946188909,108.34519624710083,
datasets/heart.csv,lr,age,15,5,0.75,0.25,"['oversampling', 'undersampling']",lr,0.42955633952055283,0.07105342121455151,0.9301661002556572,83.62084913253784,
datasets/heart.csv,svc,age,15,5,0.75,0.25,"['stratified_sampling', 'oversampling', 'ipw']",svc,0.41256932807451324,0.12581171352500795,0.9509503696740345,52.398324966430664,
datasets/heart.csv,xgb,age,15,5,0.75,0.25,"['undersampling', 'clustering', 'stratified_sampling']",xgb,-inf,inf,0.8244047619047619,60.48190212249756,
datasets/heart.csv,rf,age,15,5,0.75,0.75,"['ipw', 'oversampling', 'min_max_scaling', 'stratified_sampling']",rf,0.4270085831129398,0.14130737474839847,0.9953245409742781,92.20204520225525,
datasets/heart.csv,lr,age,15,5,0.75,0.75,"['oversampling', 'min_max_scaling']",lr,0.391526182145756,0.16154758141846012,0.9445999457099722,85.01169490814209,
datasets/heart.csv,svc,age,15,5,0.75,0.75,"['min_max_scaling', 'ipw', 'undersampling', 'stratified_sampling']",svc,0.4186111111111111,0.1527777777777778,0.99,52.46333169937134,
datasets/heart.csv,xgb,age,15,5,0.75,0.75,"['standard', 'oversampling']",xgb,0.4200142937997934,0.15374071271335873,0.9937693003129455,55.44985365867615,
datasets/heart.csv,rf,age,15,5,0.5,0.75,"['min_max_scaling', 'undersampling', 'oversampling']",rf,0.42027854268065923,0.15736116789795407,0.9979182532592725,115.2074682712555,
datasets/heart.csv,lr,age,15,5,0.5,0.75,"['min_max_scaling', 'stratified_sampling', 'standard', 'oversampling']",lr,0.40638898031727594,0.13724025720202468,0.9500182178365766,90.22233319282532,
datasets/heart.csv,svc,age,15,5,0.5,0.75,"['min_max_scaling', 'oversampling']",svc,0.4103999732237241,0.1297876768189155,0.9505876232663637,54.74419856071472,
datasets/heart.csv,xgb,age,15,5,0.5,0.75,"['oversampling', 'standard', 'min_max_scaling', 'clustering', 'ipw']",xgb,0.43099053185689457,0.13577210094018588,0.997753164653975,69.68153238296509,
datasets/heart.csv,rf,age,15,5,0.75,0.5,"['oversampling', 'min_max_scaling']",rf,0.42826225644645427,0.14061982819656008,0.9971443410894686,105.32717204093933,
datasets/heart.csv,lr,age,15,5,0.75,0.5,"['clustering', 'oversampling']",lr,0.40601111846159604,0.11383421113541127,0.9258564480586033,85.71428179740906,
datasets/heart.csv,svc,age,15,5,0.75,0.5,"['standard', 'clustering']",svc,0.33164849723133627,0.23131533895253267,0.8946123334152052,52.4278564453125,
datasets/heart.csv,xgb,age,15,5,0.75,0.5,"['oversampling', 'standard']",xgb,0.4200142937997934,0.15374071271335873,0.9937693003129455,64.8413667678833,
datasets/heart.csv,rf,sex,20,20,0.25,0.5,"['oversampling', 'stratified_sampling']",rf,0.31746112014670513,0.3565004355185984,0.9914226758120087,225.21863842010498,
datasets/heart.csv,lr,sex,20,20,0.25,0.5,"['stratified_sampling', 'undersampling', 'oversampling', 'ipw', 'min_max_scaling']",lr,0.34809654388051336,0.22861559656542352,0.9248086843264502,339.99808835983276,
datasets/heart.csv,svc,sex,20,20,0.25,0.5,"['oversampling', 'stratified_sampling', 'min_max_scaling']",svc,0.28788690545107976,0.34932430947305076,0.9250981203752102,952.9309160709381,
datasets/heart.csv,xgb,sex,20,20,0.25,0.5,"['clustering', 'ipw', 'min_max_scaling']",xgb,0.29071692732189325,0.3770579614469774,0.958491816090764,445.32996582984924,
datasets/heart.csv,rf,age,10,15,0.25,0.5,"['matching', 'ipw']",rf,0.27620598568933896,0.3538521003186726,0.9062640716973505,428.98100209236145,
datasets/heart.csv,lr,age,10,15,0.25,0.5,"['matching', 'clustering', 'min_max_scaling']",lr,0.3581081270555698,0.24686161668163642,0.9630778707927761,314.8796651363373,
datasets/heart.csv,svc,age,10,15,0.25,0.5,"['stratified_sampling', 'oversampling', 'standard']",svc,0.41052790855951876,0.13000443526158934,0.9510602523806269,143.62187910079956,
datasets/heart.csv,xgb,age,10,15,0.25,0.5,"['oversampling', 'matching', 'stratified_sampling']",xgb,0.4359041545839665,0.11808286558801928,0.9898911747559522,88.24681115150452,
datasets/heart.csv,rf,sex,20,20,0.25,0.75,"['clustering', 'undersampling']",rf,0.32819646555360027,0.24861015626461855,0.9050030873718191,232.5178828239441,
datasets/heart.csv,lr,sex,20,20,0.25,0.75,"['standard', 'oversampling', 'undersampling', 'ipw', 'clustering']",lr,0.31651733295225865,0.23233522614910865,0.8653698920536259,359.4995882511139,
datasets/heart.csv,svc,sex,20,20,0.25,0.75,"['undersampling', 'standard', 'clustering', 'oversampling']",svc,0.34133888659475564,0.19409081278074414,0.8767685859702554,973.8065338134766,
datasets/heart.csv,xgb,sex,20,20,0.25,0.75,"['clustering', 'oversampling']",xgb,0.30887016708731563,0.35838204526649126,0.9761223794411225,397.3562581539154,
datasets/heart.csv,rf,sex,20,20,0.5,0.25,"['oversampling', 'standard', 'min_max_scaling']",rf,0.324425538695052,0.33331074082185225,0.9821618182119561,232.52171349525452,
datasets/heart.csv,lr,sex,20,20,0.5,0.25,"['matching', 'standard']",lr,0.2673749349113831,0.3617951984291061,0.8965450682518723,361.3466417789459,
datasets/heart.csv,svc,sex,20,20,0.5,0.25,"['matching', 'clustering']",svc,0.27191572521649077,0.35799508241807426,0.9018265328510557,976.4756062030792,
datasets/heart.csv,xgb,sex,20,20,0.5,0.25,"['clustering', 'undersampling', 'min_max_scaling']",xgb,0.34456255388762286,0.27544785602565924,0.964572963800905,393.04641032218933,
datasets/heart.csv,rf,sex,20,20,0.5,0.5,"['stratified_sampling', 'oversampling']",rf,0.31746112014670513,0.3565004355185984,0.9914226758120087,232.58867192268372,
datasets/heart.csv,lr,sex,20,20,0.5,0.5,"['oversampling', 'clustering', 'min_max_scaling']",lr,0.2927268248181123,0.38678401507190935,0.972237664708134,362.5316553115845,
datasets/heart.csv,svc,sex,20,20,0.5,0.5,"['stratified_sampling', 'oversampling', 'matching', 'undersampling']",svc,0.30242672603950593,0.29845945618109987,0.9033129082601118,979.7136361598969,
datasets/heart.csv,xgb,sex,20,20,0.5,0.5,"['undersampling', 'ipw']",xgb,0.29945849280717796,0.2736197322467346,0.8725367178610904,388.2966876029968,
datasets/heart.csv,rf,sex,20,20,0.5,0.75,"['oversampling', 'standard']",rf,0.3260426700281611,0.3306233316127039,0.9827086716690262,232.3859522342682,
datasets/heart.csv,lr,sex,20,20,0.5,0.75,"['stratified_sampling', 'oversampling', 'ipw', 'standard']",lr,0.3080736569584447,0.3204963961371284,0.9366437100540178,363.14586758613586,
datasets/heart.csv,svc,sex,20,20,0.5,0.75,"['oversampling', 'stratified_sampling', 'min_max_scaling', 'undersampling']",svc,0.33060232180124827,0.2622309524554106,0.9234355960579071,980.1279175281525,
datasets/heart.csv,xgb,sex,20,20,0.5,0.75,"['oversampling', 'undersampling']",xgb,0.31095113871171653,0.35671253845148176,0.9786148158749148,387.46454763412476,
datasets/heart.csv,rf,sex,20,20,0.75,0.25,"['stratified_sampling', 'oversampling']",rf,0.31746112014670513,0.3565004355185984,0.9914226758120087,233.20934653282166,
datasets/heart.csv,lr,sex,20,20,0.75,0.25,"['matching', 'ipw', 'undersampling']",lr,0.2632301438717347,0.28865680615680617,0.8151170939002755,365.8538770675659,
datasets/heart.csv,svc,sex,20,20,0.75,0.25,"['stratified_sampling', 'min_max_scaling']",svc,0.25895242480372804,0.34579247263457785,0.8636973222420339,982.645828962326,
datasets/heart.csv,xgb,sex,20,20,0.75,0.25,"['stratified_sampling', 'undersampling']",xgb,0.254115921686042,0.33152709536658537,0.8397589387386694,381.33649230003357,
datasets/heart.csv,rf,sex,20,20,0.75,0.5,"['clustering', 'undersampling']",rf,0.32819646555360027,0.24861015626461855,0.9050030873718191,233.21269750595093,
datasets/heart.csv,lr,sex,20,20,0.75,0.5,"['undersampling', 'stratified_sampling', 'oversampling', 'matching', 'clustering']",lr,0.4180857932704911,0.08714644603189496,0.9233180325728771,366.9921181201935,
datasets/heart.csv,svc,sex,20,20,0.75,0.5,"['clustering', 'matching']",svc,0.27191572521649077,0.35799508241807426,0.9018265328510557,982.7782883644104,
datasets/heart.csv,xgb,sex,20,20,0.75,0.5,"['undersampling', 'standard']",xgb,0.29945849280717796,0.2736197322467346,0.8725367178610904,380.1979422569275,
datasets/heart.csv,rf,sex,20,20,0.75,0.75,"['oversampling', 'undersampling']",rf,0.37336420052244607,0.2245848921821462,0.9713132932270383,234.87504315376282,
datasets/heart.csv,lr,sex,20,20,0.75,0.75,"['undersampling', 'standard', 'matching', 'oversampling']",lr,0.3018507579222339,0.31529397164408607,0.918995487488554,373.0131402015686,
datasets/heart.csv,svc,sex,20,20,0.75,0.75,"['matching', 'undersampling']",svc,0.2704830596539682,0.3462076997076997,0.8871738190156361,983.7284348011017,
datasets/heart.csv,xgb,sex,20,20,0.75,0.75,['oversampling'],xgb,0.30887016708731563,0.35838204526649126,0.9761223794411225,371.34184312820435,
datasets/heart.csv,rf,age,10,15,0.25,0.25,['matching'],rf,0.275936146332168,0.3344875984206613,0.8863598910849972,429.2047441005707,
datasets/heart.csv,lr,age,10,15,0.25,0.25,"['oversampling', 'undersampling']",lr,0.42955633952055283,0.07105342121455151,0.9301661002556572,319.4943606853485,
datasets/heart.csv,svc,age,10,15,0.25,0.25,"['stratified_sampling', 'ipw', 'min_max_scaling']",svc,-inf,inf,0.7469444444444445,143.73606848716736,
datasets/heart.csv,xgb,age,10,15,0.25,0.25,"['ipw', 'undersampling']",xgb,-inf,inf,0.8246825396825397,96.01472973823547,
datasets/heart.csv,rf,age,10,15,0.5,0.25,"['standard', 'clustering']",rf,0.30162385997113494,0.2894805380954562,0.892728258037726,421.85391426086426,
datasets/heart.csv,lr,age,10,15,0.5,0.25,"['standard', 'ipw']",lr,0.3139103900748884,0.2694980429656257,0.8973188231154026,297.14939165115356,
datasets/heart.csv,svc,age,10,15,0.5,0.25,"['undersampling', 'stratified_sampling', 'clustering', 'min_max_scaling']",svc,0.4022222222222222,0.18555555555555558,0.99,137.10183906555176,
datasets/heart.csv,xgb,age,10,15,0.5,0.25,"['undersampling', 'oversampling']",xgb,0.18171957671957673,0.5648148148148149,0.9282539682539683,92.55333518981934,
datasets/heart.csv,rf,age,10,15,0.75,0.25,"['undersampling', 'ipw']",rf,-inf,inf,0.9202380952380953,431.073513507843,
datasets/heart.csv,lr,age,10,15,0.75,0.25,['standard'],lr,0.327287347564774,0.23972855407172833,0.8943032492012764,266.496013879776,
datasets/heart.csv,svc,age,10,15,0.75,0.25,"['stratified_sampling', 'ipw', 'oversampling', 'matching', 'undersampling']",svc,0.21629894179894174,0.425925925925926,0.8585238095238095,128.7914354801178,
datasets/heart.csv,xgb,age,10,15,0.75,0.25,"['ipw', 'undersampling']",xgb,-inf,inf,0.8246825396825397,79.50342178344727,
datasets/heart.csv,rf,age,10,15,0.75,0.5,['oversampling'],rf,0.4282590446489467,0.14061982819656008,0.9971379174944535,430.73849511146545,
datasets/heart.csv,lr,age,10,15,0.75,0.5,"['ipw', 'clustering']",lr,0.2657641082343425,0.31194925114059907,0.8434774676092841,264.58075976371765,
datasets/heart.csv,svc,age,10,15,0.75,0.5,"['min_max_scaling', 'clustering']",svc,0.3238864906452023,0.2481181049323473,0.8958910862227519,120.32399487495422,
datasets/heart.csv,xgb,age,10,15,0.75,0.5,"['oversampling', 'clustering']",xgb,0.4192591351081848,0.15496212643477245,0.9934803966511421,75.35947632789612,
datasets/heart.csv,rf,age,10,15,0.75,0.75,['oversampling'],rf,0.4282590446489467,0.14061982819656008,0.9971379174944535,539.6634216308594,
datasets/heart.csv,lr,age,10,15,0.75,0.75,"['stratified_sampling', 'oversampling', 'undersampling']",lr,0.40130045155946714,0.12062023731227982,0.9232211404312141,191.83795952796936,
datasets/heart.csv,svc,age,10,15,0.75,0.75,"['stratified_sampling', 'matching']",svc,0.3063888888888888,0.3705555555555556,0.9833333333333332,112.90364027023315,
datasets/heart.csv,xgb,age,10,15,0.75,0.75,"['clustering', 'min_max_scaling', 'oversampling', 'stratified_sampling']",xgb,0.4281045664058899,0.13594160986091136,0.9921507426726912,51.19789242744446,
datasets/heart.csv,rf,age,10,15,0.5,0.5,['oversampling'],rf,0.4282590446489467,0.14061982819656008,0.9971379174944535,632.5674719810486,
datasets/heart.csv,lr,age,10,15,0.5,0.5,"['standard', 'oversampling']",lr,0.3923153194020129,0.1630459788532726,0.9476766176572984,173.992666721344,
datasets/heart.csv,svc,age,10,15,0.5,0.5,"['stratified_sampling', 'matching']",svc,0.3063888888888888,0.3705555555555556,0.9833333333333332,107.54623055458069,
datasets/heart.csv,xgb,age,10,15,0.5,0.5,"['undersampling', 'oversampling', 'min_max_scaling']",xgb,0.18171957671957673,0.5648148148148149,0.9282539682539683,51.2414984703064,
datasets/heart.csv,rf,age,10,15,0.5,0.75,"['stratified_sampling', 'oversampling']",rf,0.4301743448810424,0.1361523039521123,0.9965009937141971,625.7121784687042,
datasets/heart.csv,lr,age,10,15,0.5,0.75,"['min_max_scaling', 'ipw']",lr,0.3255838916056044,0.20505581388880467,0.8562235971000135,170.39098954200745,
datasets/heart.csv,svc,age,10,15,0.5,0.75,['oversampling'],svc,0.4176313993004034,0.11376238030800905,0.9490251789088158,106.48526310920715,
datasets/heart.csv,xgb,age,10,15,0.5,0.75,"['undersampling', 'clustering', 'matching']",xgb,0.27734126984126983,0.4138888888888889,0.9685714285714285,51.26419472694397,
datasets/heart.csv,rf,age,10,15,0.25,0.75,"['matching', 'standard', 'clustering', 'oversampling', 'undersampling']",rf,0.42333892828916714,0.1477691055922146,0.9944469621705488,685.1946647167206,
datasets/heart.csv,lr,age,10,15,0.25,0.75,"['oversampling', 'undersampling']",lr,0.42955633952055283,0.07105342121455151,0.9301661002556572,153.84986996650696,
datasets/heart.csv,svc,age,10,15,0.25,0.75,"['oversampling', 'standard', 'clustering', 'matching']",svc,0.3950747677138195,0.15872367529421805,0.948873210721857,103.50980424880981,
datasets/heart.csv,xgb,age,10,15,0.25,0.75,"['oversampling', 'standard']",xgb,0.4200142937997934,0.15374071271335873,0.9937693003129455,51.271127223968506,
datasets/heart.csv,rf,age,15,10,0.25,0.25,"['oversampling', 'standard']",rf,0.42830532437750435,0.14061982819656008,0.9972304769515687,157.5816090106964,
datasets/heart.csv,lr,age,15,10,0.25,0.25,"['undersampling', 'oversampling', 'clustering', 'min_max_scaling', 'standard']",lr,0.4180944413118147,0.13014788564677907,0.9663367682704085,106.26957964897156,
datasets/heart.csv,svc,age,15,10,0.25,0.25,"['ipw', 'undersampling']",svc,0.14190476190476192,0.61,0.8938095238095238,51.49677634239197,
datasets/heart.csv,xgb,age,15,10,0.25,0.25,"['min_max_scaling', 'stratified_sampling']",xgb,-inf,inf,0.7774999999999999,48.13066005706787,
datasets/heart.csv,rf,age,15,10,0.25,0.5,"['ipw', 'oversampling', 'stratified_sampling', 'standard']",rf,0.4258055040811174,0.14341311260326522,0.9950241207655,155.31971216201782,
datasets/heart.csv,lr,age,15,10,0.25,0.5,"['matching', 'undersampling']",lr,0.34943537414965986,0.075,0.7738707482993197,104.30593538284302,
datasets/heart.csv,svc,age,15,10,0.25,0.5,"['oversampling', 'ipw', 'clustering', 'standard']",svc,0.41462384022130516,0.11673879450869329,0.9459864749513036,51.2680504322052,
datasets/heart.csv,xgb,age,15,10,0.25,0.5,"['standard', 'oversampling', 'ipw']",xgb,0.4217679306283913,0.15129399049427553,0.9948298517510581,48.363969802856445,
datasets/heart.csv,rf,age,15,10,0.25,0.75,"['standard', 'oversampling']",rf,0.42830532437750435,0.14061982819656008,0.9972304769515687,153.34008026123047,
datasets/heart.csv,lr,age,15,10,0.25,0.75,"['oversampling', 'min_max_scaling']",lr,0.391526182145756,0.16154758141846012,0.9445999457099722,104.17342352867126,
datasets/heart.csv,svc,age,15,10,0.25,0.75,"['stratified_sampling', 'matching', 'oversampling']",svc,0.42219326077115454,0.10700379438222514,0.9513903159245343,51.26599740982056,
datasets/heart.csv,xgb,age,15,10,0.25,0.75,"['min_max_scaling', 'clustering']",xgb,0.2840131131957193,0.2833897509782861,0.8514159773697247,48.644776821136475,
datasets/heart.csv,rf,age,15,10,0.5,0.25,"['matching', 'min_max_scaling', 'oversampling', 'ipw', 'standard', 'clustering']",rf,0.40009898470342525,0.19820020317913425,0.9983981725859847,153.9538402557373,
datasets/heart.csv,lr,age,15,10,0.5,0.25,"['oversampling', 'undersampling']",lr,0.42955633952055283,0.07105342121455151,0.9301661002556572,103.74743175506592,
datasets/heart.csv,svc,age,15,10,0.5,0.25,"['undersampling', 'clustering', 'oversampling', 'min_max_scaling']",svc,0.3903780194212739,0.16837957166924655,0.9491356105117944,51.249382972717285,
datasets/heart.csv,xgb,age,15,10,0.5,0.25,"['oversampling', 'undersampling', 'clustering', 'stratified_sampling']",xgb,0.43214026805711186,0.1308142160457457,0.9950947521599695,48.8485004901886,
datasets/heart.csv,rf,age,15,10,0.5,0.5,"['stratified_sampling', 'oversampling']",rf,0.4301743448810424,0.1361523039521123,0.9965009937141971,152.38470911979675,
datasets/heart.csv,lr,age,15,10,0.5,0.5,"['undersampling', 'matching', 'oversampling']",lr,0.402968695027732,0.11385190085807789,0.9197892909135419,98.2882821559906,
datasets/heart.csv,svc,age,15,10,0.5,0.5,"['oversampling', 'matching', 'stratified_sampling', 'undersampling', 'min_max_scaling']",svc,0.4158943772920235,0.11833250729180718,0.9501212618758542,51.49019742012024,
datasets/heart.csv,xgb,age,15,10,0.5,0.5,"['ipw', 'standard', 'oversampling']",xgb,0.4217679306283913,0.15129399049427553,0.9948298517510581,48.88077640533447,
datasets/heart.csv,rf,age,15,10,0.5,0.75,"['stratified_sampling', 'oversampling']",rf,0.4301743448810424,0.1361523039521123,0.9965009937141971,149.2958860397339,
datasets/heart.csv,lr,age,15,10,0.5,0.75,"['stratified_sampling', 'ipw', 'oversampling', 'undersampling']",lr,0.4269752556869275,0.07163077391925894,0.925581285293114,92.33798933029175,
datasets/heart.csv,svc,age,15,10,0.5,0.75,"['clustering', 'oversampling']",svc,0.41757239866035967,0.11398632879066556,0.9491311261113848,51.26026630401611,
datasets/heart.csv,xgb,age,15,10,0.5,0.75,"['standard', 'clustering']",xgb,0.2840131131957193,0.2833897509782861,0.8514159773697247,49.116151094436646,
datasets/heart.csv,rf,age,20,5,0.25,0.25,"['undersampling', 'oversampling']",rf,0.4202960313662346,0.15736116789795407,0.9979532306304233,54.34886193275452,
datasets/heart.csv,lr,age,20,5,0.25,0.25,['oversampling'],lr,0.4059364991625458,0.11383421113541127,0.9257072094605029,34.7007622718811,
datasets/heart.csv,svc,age,20,5,0.25,0.25,"['undersampling', 'min_max_scaling', 'clustering', 'matching', 'oversampling']",svc,0.3540509259259259,0.23912037037037037,0.9472222222222222,32.62060260772705,
datasets/heart.csv,xgb,age,20,5,0.25,0.25,"['standard', 'undersampling', 'matching', 'oversampling', 'clustering']",xgb,0.381739417989418,0.19259259259259265,0.9560714285714287,33.368393659591675,
datasets/heart.csv,rf,age,15,10,0.75,0.25,"['ipw', 'oversampling']",rf,0.4241887255665526,0.14884624348578568,0.9972236946188909,146.16998958587646,
datasets/heart.csv,lr,age,15,10,0.75,0.25,"['undersampling', 'stratified_sampling', 'standard']",lr,0.4756944444444444,0.048611111111111105,1.0,89.53394293785095,
datasets/heart.csv,svc,age,15,10,0.75,0.25,"['min_max_scaling', 'oversampling']",svc,0.4103999732237241,0.1297876768189155,0.9505876232663637,51.32042169570923,
datasets/heart.csv,xgb,age,15,10,0.75,0.25,"['undersampling', 'clustering', 'stratified_sampling', 'oversampling']",xgb,0.43214026805711186,0.1308142160457457,0.9950947521599695,49.58416557312012,
datasets/heart.csv,rf,age,20,5,0.25,0.5,"['ipw', 'clustering', 'stratified_sampling', 'undersampling', 'oversampling']",rf,0.4233975632175617,0.15008878014142293,0.9968839065765464,52.83111524581909,
datasets/heart.csv,lr,age,20,5,0.25,0.5,"['oversampling', 'clustering', 'min_max_scaling', 'standard']",lr,0.4299998655322063,0.11902726275720033,0.979026993821613,34.69670057296753,
datasets/heart.csv,svc,age,20,5,0.25,0.5,"['stratified_sampling', 'undersampling', 'standard', 'ipw', 'min_max_scaling']",svc,0.4498611111111111,0.09027777777777779,0.99,32.61359357833862,
datasets/heart.csv,xgb,age,20,5,0.25,0.5,"['standard', 'oversampling', 'ipw']",xgb,0.4217679306283913,0.15129399049427553,0.9948298517510581,33.81062889099121,
datasets/heart.csv,rf,age,15,10,0.75,0.5,"['undersampling', 'oversampling']",rf,0.4202960313662346,0.15736116789795407,0.9979532306304233,145.0880162715912,
datasets/heart.csv,lr,age,15,10,0.75,0.5,"['ipw', 'oversampling', 'clustering']",lr,0.4173274919200309,0.0892715936881322,0.923926577528194,88.4850721359253,
datasets/heart.csv,svc,age,15,10,0.75,0.5,"['standard', 'oversampling', 'min_max_scaling', 'clustering']",svc,0.43394560150559797,0.1133031164519001,0.981194319463096,51.34257507324219,
datasets/heart.csv,xgb,age,15,10,0.75,0.5,"['oversampling', 'ipw']",xgb,0.4217679306283913,0.15129399049427553,0.9948298517510581,49.800902128219604,
datasets/heart.csv,rf,age,15,10,0.75,0.75,"['undersampling', 'oversampling', 'min_max_scaling']",rf,0.42027854268065923,0.15736116789795407,0.9979182532592725,141.1179609298706,
datasets/heart.csv,lr,age,15,10,0.75,0.75,"['matching', 'oversampling']",lr,0.3563884108495221,0.1772494764481125,0.8900262981471567,87.4894745349884,
datasets/heart.csv,svc,age,15,10,0.75,0.75,"['clustering', 'oversampling']",svc,0.41757239866035967,0.11398632879066556,0.9491311261113848,50.908703327178955,
datasets/heart.csv,xgb,age,15,10,0.75,0.75,"['oversampling', 'min_max_scaling', 'ipw']",xgb,0.4217679306283913,0.15129399049427553,0.9948298517510581,49.749624490737915,
datasets/heart.csv,rf,age,20,5,0.25,0.75,"['oversampling', 'clustering', 'stratified_sampling']",rf,0.4296268168602195,0.13618363594495264,0.9954372696653916,46.34677720069885,
datasets/heart.csv,lr,age,20,5,0.25,0.75,"['stratified_sampling', 'undersampling', 'clustering', 'oversampling']",lr,0.424384860658773,0.08235440105595142,0.9311241223734974,34.05978775024414,
datasets/heart.csv,svc,age,20,5,0.25,0.75,"['standard', 'clustering', 'min_max_scaling']",svc,0.3298128211146594,0.23369146876658065,0.8933171109958995,32.17489981651306,
datasets/heart.csv,xgb,age,20,5,0.25,0.75,"['clustering', 'standard']",xgb,0.2840131131957193,0.2833897509782861,0.8514159773697247,33.724342584609985,
datasets/heart.csv,rf,age,20,5,0.5,0.25,"['stratified_sampling', 'undersampling']",rf,-inf,inf,0.8202380952380952,39.4487578868866,
datasets/heart.csv,lr,age,20,5,0.5,0.25,"['undersampling', 'oversampling']",lr,0.42955633952055283,0.07105342121455151,0.9301661002556572,33.606597900390625,
datasets/heart.csv,svc,age,20,5,0.5,0.25,"['oversampling', 'ipw']",svc,0.4143245019744374,0.11892024087127502,0.9475692448201498,31.91522192955017,
datasets/heart.csv,xgb,age,20,5,0.5,0.25,"['ipw', 'oversampling']",xgb,0.4217679306283913,0.15129399049427553,0.9948298517510581,33.49476647377014,
datasets/heart.csv,rf,age,10,20,0.25,0.5,"['standard', 'oversampling']",rf,0.42830532437750435,0.14061982819656008,0.9972304769515687,406.38189578056335,
datasets/heart.csv,lr,age,10,20,0.25,0.5,"['stratified_sampling', 'undersampling', 'oversampling']",lr,0.40130045155946714,0.12062023731227982,0.9232211404312141,179.70551943778992,
datasets/heart.csv,svc,age,10,20,0.25,0.5,"['standard', 'min_max_scaling', 'clustering', 'ipw']",svc,0.32416318044772624,0.24621942628268165,0.8945457871781342,72.1575517654419,
datasets/heart.csv,xgb,age,10,20,0.25,0.5,"['clustering', 'undersampling']",xgb,-inf,inf,0.8694047619047618,65.4257652759552,
datasets/heart.csv,rf,age,20,5,0.5,0.5,"['oversampling', 'stratified_sampling']",rf,0.4301743448810424,0.1361523039521123,0.9965009937141971,38.27928948402405,
datasets/heart.csv,lr,age,20,5,0.5,0.5,"['ipw', 'oversampling', 'clustering', 'min_max_scaling', 'undersampling']",lr,0.3974673506668496,0.14078846929784947,0.9357231706315486,33.381789207458496,
datasets/heart.csv,svc,age,20,5,0.5,0.5,"['min_max_scaling', 'oversampling', 'clustering', 'standard']",svc,0.43394560150559797,0.1133031164519001,0.981194319463096,31.956905841827393,
datasets/heart.csv,xgb,age,20,5,0.5,0.5,"['min_max_scaling', 'standard', 'ipw']",xgb,0.2683006287656084,0.3097088090770034,0.8463100666082202,33.4357385635376,
datasets/heart.csv,rf,age,20,5,0.5,0.75,"['stratified_sampling', 'oversampling']",rf,0.4301743448810424,0.1361523039521123,0.9965009937141971,35.82389211654663,
datasets/heart.csv,lr,age,20,5,0.5,0.75,"['oversampling', 'stratified_sampling', 'min_max_scaling']",lr,0.400409819802178,0.14535595488698363,0.9461755944913396,32.90134239196777,
datasets/heart.csv,svc,age,20,5,0.5,0.75,"['standard', 'stratified_sampling', 'oversampling']",svc,0.41052790855951876,0.13000443526158934,0.9510602523806269,31.941291332244873,
datasets/heart.csv,xgb,age,20,5,0.5,0.75,"['matching', 'clustering', 'oversampling', 'min_max_scaling']",xgb,0.43492340055559076,0.12514540759884876,0.9949922087100302,33.154404163360596,
datasets/heart.csv,rf,age,20,5,0.75,0.25,"['undersampling', 'oversampling']",rf,0.4202960313662346,0.15736116789795407,0.9979532306304233,35.29586696624756,
datasets/heart.csv,lr,age,20,5,0.75,0.25,"['oversampling', 'ipw']",lr,0.41730298327278764,0.0892715936881322,0.9238775602337075,32.91280007362366,
datasets/heart.csv,svc,age,20,5,0.75,0.25,"['ipw', 'matching', 'clustering', 'min_max_scaling']",svc,0.31083846611169674,0.27760037453585845,0.899277306759252,31.953060626983643,
datasets/heart.csv,xgb,age,20,5,0.75,0.25,"['ipw', 'oversampling', 'clustering', 'min_max_scaling']",xgb,0.4217679306283913,0.15129399049427553,0.9948298517510581,33.0774290561676,
datasets/heart.csv,rf,age,20,5,0.75,0.5,"['stratified_sampling', 'oversampling']",rf,0.4301743448810424,0.1361523039521123,0.9965009937141971,35.08630037307739,
datasets/heart.csv,lr,age,20,5,0.75,0.5,"['clustering', 'standard', 'min_max_scaling']",lr,0.3408998827648718,0.2795889278982168,0.9613886934279605,32.90761923789978,
datasets/heart.csv,svc,age,20,5,0.75,0.5,"['oversampling', 'clustering']",svc,0.41757239866035967,0.11398632879066556,0.9491311261113848,31.971315383911133,
datasets/heart.csv,xgb,age,20,5,0.75,0.5,"['oversampling', 'clustering', 'undersampling', 'standard']",xgb,0.4200643102463971,0.15607188804241293,0.9962005085352071,33.05153226852417,
datasets/heart.csv,rf,age,10,20,0.25,0.75,"['oversampling', 'min_max_scaling', 'undersampling']",rf,0.42027854268065923,0.15736116789795407,0.9979182532592725,375.76418352127075,
datasets/heart.csv,lr,age,10,20,0.25,0.75,"['oversampling', 'undersampling']",lr,0.42955633952055283,0.07105342121455151,0.9301661002556572,161.2491614818573,
datasets/heart.csv,svc,age,10,20,0.25,0.75,"['stratified_sampling', 'matching', 'clustering', 'standard', 'oversampling']",svc,0.4144662014489183,0.1255114409001004,0.954443843797937,68.0396318435669,
datasets/heart.csv,xgb,age,10,20,0.25,0.75,"['undersampling', 'matching', 'min_max_scaling']",xgb,0.27734126984126983,0.4138888888888889,0.9685714285714285,64.77830934524536,
datasets/heart.csv,rf,age,20,5,0.75,0.75,"['clustering', 'oversampling']",rf,0.42613432251584393,0.14341265352459664,0.9956812985562845,35.13205909729004,
datasets/heart.csv,lr,age,20,5,0.75,0.75,"['undersampling', 'oversampling', 'clustering', 'stratified_sampling']",lr,0.424384860658773,0.08235440105595142,0.9311241223734974,32.71844458580017,
datasets/heart.csv,svc,age,20,5,0.75,0.75,"['oversampling', 'standard', 'min_max_scaling', 'matching', 'clustering']",svc,0.38632048857223295,0.20460855320885704,0.977249530353323,31.96821641921997,
datasets/heart.csv,xgb,age,20,5,0.75,0.75,"['oversampling', 'ipw']",xgb,0.4217679306283913,0.15129399049427553,0.9948298517510581,32.45562219619751,
datasets/heart.csv,rf,age,10,20,0.5,0.25,"['stratified_sampling', 'oversampling']",rf,0.4301743448810424,0.1361523039521123,0.9965009937141971,368.1596345901489,
datasets/heart.csv,lr,age,10,20,0.5,0.25,"['stratified_sampling', 'min_max_scaling']",lr,-inf,inf,0.9352380952380951,152.0225613117218,
datasets/heart.csv,svc,age,10,20,0.5,0.25,"['oversampling', 'undersampling', 'standard']",svc,0.3982746959492517,0.15411645327349577,0.9506658451719991,67.87641644477844,
datasets/heart.csv,xgb,age,10,20,0.5,0.25,"['standard', 'oversampling']",xgb,0.4200142937997934,0.15374071271335873,0.9937693003129455,64.39143443107605,
datasets/heart.csv,rf,age,10,20,0.5,0.5,"['stratified_sampling', 'oversampling', 'clustering']",rf,0.4296268168602195,0.13618363594495264,0.9954372696653916,369.6105492115021,
datasets/heart.csv,lr,age,10,20,0.5,0.5,"['oversampling', 'undersampling']",lr,0.42955633952055283,0.07105342121455151,0.9301661002556572,147.63064813613892,
datasets/heart.csv,svc,age,10,20,0.5,0.5,"['oversampling', 'stratified_sampling', 'ipw']",svc,0.41256932807451324,0.12581171352500795,0.9509503696740345,67.69077730178833,
datasets/heart.csv,xgb,age,10,20,0.5,0.5,"['min_max_scaling', 'clustering']",xgb,0.2840131131957193,0.2833897509782861,0.8514159773697247,64.06629300117493,
datasets/heart.csv,rf,age,10,20,0.5,0.75,"['ipw', 'oversampling', 'stratified_sampling']",rf,0.4264315726033704,0.1437434085604932,0.996606553767234,355.9563639163971,
datasets/heart.csv,lr,age,10,20,0.5,0.75,"['oversampling', 'ipw', 'clustering']",lr,0.4173274919200309,0.0892715936881322,0.923926577528194,141.80013847351074,
datasets/heart.csv,svc,age,10,20,0.5,0.75,"['min_max_scaling', 'oversampling']",svc,0.4103999732237241,0.1297876768189155,0.9505876232663637,67.67778968811035,
datasets/heart.csv,xgb,age,10,20,0.5,0.75,"['oversampling', 'ipw']",xgb,0.4217679306283913,0.15129399049427553,0.9948298517510581,63.35125708580017,
datasets/heart.csv,rf,age,10,20,0.25,0.25,"['matching', 'stratified_sampling', 'oversampling']",rf,0.2566746031746032,0.4288888888888889,0.9422380952380953,564.9232151508331,
datasets/heart.csv,lr,age,10,20,0.25,0.25,"['oversampling', 'undersampling', 'min_max_scaling', 'standard']",lr,0.2563227513227513,0.3703703703703704,0.883015873015873,136.54389214515686,
datasets/heart.csv,svc,age,10,20,0.25,0.25,"['min_max_scaling', 'oversampling']",svc,0.4103999732237241,0.1297876768189155,0.9505876232663637,67.46450018882751,
datasets/heart.csv,xgb,age,10,20,0.25,0.25,"['standard', 'clustering']",xgb,0.2840131131957193,0.2833897509782861,0.8514159773697247,62.78331136703491,
datasets/heart.csv,rf,age,10,20,0.75,0.25,"['oversampling', 'standard']",rf,0.42830532437750435,0.14061982819656008,0.9972304769515687,307.4877827167511,
datasets/heart.csv,lr,age,10,20,0.75,0.25,"['undersampling', 'oversampling']",lr,0.42955633952055283,0.07105342121455151,0.9301661002556572,129.17973113059998,
datasets/heart.csv,svc,age,10,20,0.75,0.25,"['min_max_scaling', 'standard']",svc,0.3379968664085829,0.22298200561919934,0.8989757384363651,67.29699969291687,
datasets/heart.csv,xgb,age,10,20,0.75,0.25,"['clustering', 'ipw']",xgb,0.27484346758343897,0.3036405733535953,0.8533275085204732,61.482367753982544,
datasets/heart.csv,rf,age,10,20,0.75,0.5,"['oversampling', 'standard']",rf,0.42830532437750435,0.14061982819656008,0.9972304769515687,307.6326777935028,
datasets/heart.csv,lr,age,10,20,0.75,0.5,['standard'],lr,0.327287347564774,0.23972855407172833,0.8943032492012764,129.31683993339539,
datasets/heart.csv,svc,age,10,20,0.75,0.5,"['standard', 'oversampling']",svc,0.41220082694177557,0.12577028843967256,0.9501719423232237,67.29987573623657,
datasets/heart.csv,xgb,age,10,20,0.75,0.5,['clustering'],xgb,0.2840131131957193,0.2833897509782861,0.8514159773697247,61.184021949768066,
datasets/heart.csv,rf,age,10,20,0.75,0.75,"['oversampling', 'undersampling']",rf,0.4202960313662346,0.15736116789795407,0.9979532306304233,295.3613305091858,
datasets/heart.csv,lr,age,10,20,0.75,0.75,['oversampling'],lr,0.4059364991625458,0.11383421113541127,0.9257072094605029,126.63413667678833,
datasets/heart.csv,svc,age,10,20,0.75,0.75,"['ipw', 'oversampling']",svc,0.4143245019744374,0.11892024087127502,0.9475692448201498,67.33590126037598,
datasets/heart.csv,xgb,age,10,20,0.75,0.75,"['ipw', 'oversampling']",xgb,0.4217679306283913,0.15129399049427553,0.9948298517510581,60.96668267250061,
datasets/heart.csv,rf,age,15,15,0.25,0.25,"['ipw', 'stratified_sampling']",rf,-inf,inf,0.9038095238095238,190.7052800655365,
datasets/heart.csv,lr,age,15,15,0.25,0.25,"['oversampling', 'undersampling', 'standard']",lr,0.3887206161236231,0.1724316967230197,0.9498729289702659,75.61359810829163,
datasets/heart.csv,svc,age,15,15,0.25,0.25,"['undersampling', 'stratified_sampling', 'matching']",svc,0.330515873015873,0.22777777777777775,0.8888095238095237,68.28297090530396,
datasets/heart.csv,xgb,age,15,15,0.25,0.25,"['standard', 'min_max_scaling']",xgb,0.2840131131957193,0.2833897509782861,0.8514159773697247,49.80061721801758,
datasets/heart.csv,rf,age,15,15,0.25,0.5,"['stratified_sampling', 'standard', 'oversampling', 'ipw']",rf,0.4258055040811174,0.14341311260326522,0.9950241207655,171.94191098213196,
datasets/heart.csv,lr,age,15,15,0.25,0.5,"['standard', 'oversampling', 'undersampling', 'ipw']",lr,0.2646560846560846,0.3703703703703704,0.8996825396825396,75.66292667388916,
datasets/heart.csv,svc,age,15,15,0.25,0.5,"['oversampling', 'clustering']",svc,0.41757239866035967,0.11398632879066556,0.9491311261113848,67.12132930755615,
datasets/heart.csv,xgb,age,15,15,0.25,0.5,"['undersampling', 'matching', 'min_max_scaling', 'ipw', 'oversampling']",xgb,0.3643460636028766,0.26682567051580014,0.9955177977215532,49.743908405303955,
datasets/heart.csv,rf,age,15,15,0.25,0.75,"['oversampling', 'clustering', 'ipw', 'stratified_sampling', 'min_max_scaling']",rf,0.4272750308290437,0.1414886740648474,0.9960387357229349,167.42877888679504,
datasets/heart.csv,lr,age,15,15,0.25,0.75,"['clustering', 'undersampling', 'stratified_sampling', 'standard']",lr,0.4756944444444444,0.048611111111111105,1.0,75.46164608001709,
datasets/heart.csv,svc,age,15,15,0.25,0.75,"['min_max_scaling', 'clustering']",svc,0.3238864906452023,0.2481181049323473,0.8958910862227519,66.60576391220093,
datasets/heart.csv,xgb,age,15,15,0.25,0.75,"['standard', 'matching', 'min_max_scaling']",xgb,0.2802522893652958,0.2976721701762028,0.8581767489067943,49.731428146362305,
datasets/heart.csv,rf,age,15,15,0.5,0.25,"['matching', 'ipw', 'stratified_sampling']",rf,0.3550198412698412,0.15222222222222223,0.8622619047619047,161.39205241203308,
datasets/heart.csv,lr,age,15,15,0.5,0.25,"['oversampling', 'min_max_scaling', 'stratified_sampling']",lr,0.400409819802178,0.14535595488698363,0.9461755944913396,75.42939496040344,
datasets/heart.csv,svc,age,15,15,0.5,0.25,"['stratified_sampling', 'standard', 'oversampling']",svc,0.41052790855951876,0.13000443526158934,0.9510602523806269,66.13322949409485,
datasets/heart.csv,xgb,age,15,15,0.5,0.25,['clustering'],xgb,0.2840131131957193,0.2833897509782861,0.8514159773697247,49.68601703643799,
datasets/heart.csv,rf,age,15,15,0.5,0.5,"['matching', 'stratified_sampling', 'ipw']",rf,0.3550198412698412,0.15222222222222223,0.8622619047619047,147.50301551818848,
datasets/heart.csv,lr,age,15,15,0.5,0.5,"['oversampling', 'clustering', 'stratified_sampling', 'undersampling']",lr,0.424384860658773,0.08235440105595142,0.9311241223734974,75.26572799682617,
datasets/heart.csv,svc,age,15,15,0.5,0.5,"['undersampling', 'stratified_sampling', 'clustering', 'min_max_scaling']",svc,0.4022222222222222,0.18555555555555558,0.99,64.24126291275024,
datasets/heart.csv,xgb,age,15,15,0.5,0.5,"['oversampling', 'matching', 'stratified_sampling']",xgb,0.4359041545839665,0.11808286558801928,0.9898911747559522,49.280625104904175,
datasets/heart.csv,rf,age,15,15,0.5,0.75,"['oversampling', 'ipw', 'standard']",rf,0.4242401944534821,0.1483543075581706,0.9968346964651348,146.46269607543945,
datasets/heart.csv,lr,age,15,15,0.5,0.75,"['standard', 'oversampling']",lr,0.3923153194020129,0.1630459788532726,0.9476766176572984,75.29708242416382,
datasets/heart.csv,svc,age,15,15,0.5,0.75,"['clustering', 'undersampling']",svc,0.33176587301587296,0.2477777777777778,0.9113095238095237,64.1118278503418,
datasets/heart.csv,xgb,age,15,15,0.5,0.75,"['clustering', 'oversampling', 'min_max_scaling']",xgb,0.4298121164361723,0.13426718693527187,0.9938914198076164,49.266380310058594,
datasets/heart.csv,rf,age,15,15,0.75,0.25,"['undersampling', 'standard']",rf,-inf,inf,0.9029761904761905,141.18954181671143,
datasets/heart.csv,lr,age,15,15,0.75,0.25,"['matching', 'undersampling']",lr,0.34943537414965986,0.075,0.7738707482993197,75.07759165763855,
datasets/heart.csv,svc,age,15,15,0.75,0.25,"['min_max_scaling', 'matching', 'undersampling']",svc,0.2842063492063492,0.32777777777777783,0.8961904761904762,63.178263902664185,
datasets/heart.csv,xgb,age,15,15,0.75,0.25,"['undersampling', 'clustering', 'oversampling', 'stratified_sampling']",xgb,0.43214026805711186,0.1308142160457457,0.9950947521599695,49.03485345840454,
datasets/heart.csv,rf,age,15,15,0.75,0.5,"['stratified_sampling', 'oversampling']",rf,0.4301743448810424,0.1361523039521123,0.9965009937141971,138.97089910507202,
datasets/heart.csv,lr,age,15,15,0.75,0.5,['min_max_scaling'],lr,0.32964001482802974,0.24073200047581023,0.9000120301318697,73.75685811042786,
datasets/heart.csv,svc,age,15,15,0.75,0.5,"['undersampling', 'min_max_scaling', 'oversampling']",svc,0.392694389087534,0.16409572670901262,0.9494845048840806,62.15875697135925,
datasets/heart.csv,xgb,age,15,15,0.75,0.5,"['ipw', 'oversampling', 'undersampling', 'min_max_scaling']",xgb,0.41763687972550945,0.16039902294483724,0.9956727823958561,48.6481831073761,
datasets/heart.csv,rf,age,15,15,0.75,0.75,"['stratified_sampling', 'ipw', 'oversampling']",rf,0.4264315726033704,0.1437434085604932,0.996606553767234,136.70348453521729,
datasets/heart.csv,lr,age,15,15,0.75,0.75,"['oversampling', 'undersampling']",lr,0.42955633952055283,0.07105342121455151,0.9301661002556572,73.54076480865479,
datasets/heart.csv,svc,age,15,15,0.75,0.75,"['oversampling', 'matching']",svc,0.4058779904373699,0.13802878353179462,0.9497847644065344,61.741491079330444,
datasets/heart.csv,xgb,age,15,15,0.75,0.75,"['oversampling', 'ipw']",xgb,0.4217679306283913,0.15129399049427553,0.9948298517510581,48.434014558792114,
datasets/heart.csv,rf,age,20,10,0.25,0.25,['oversampling'],rf,0.4282590446489467,0.14061982819656008,0.9971379174944535,67.61634039878845,
datasets/heart.csv,lr,age,20,10,0.25,0.25,"['standard', 'min_max_scaling', 'clustering', 'oversampling']",lr,0.4299998655322063,0.11902726275720033,0.979026993821613,64.24277925491333,
datasets/heart.csv,svc,age,20,10,0.25,0.25,"['undersampling', 'standard', 'min_max_scaling', 'oversampling']",svc,0.26048941798941794,0.3370370370370371,0.8580158730158729,45.35283017158508,
datasets/heart.csv,xgb,age,20,10,0.25,0.25,"['stratified_sampling', 'clustering', 'min_max_scaling']",xgb,-inf,inf,0.7774999999999999,40.24475383758545,
datasets/heart.csv,rf,age,20,10,0.25,0.5,"['oversampling', 'clustering', 'undersampling', 'standard', 'stratified_sampling', 'matching']",rf,0.42883894913368925,0.13763207000876995,0.9953099682761485,67.43543887138367,
datasets/heart.csv,lr,age,20,10,0.25,0.5,"['ipw', 'clustering', 'oversampling', 'stratified_sampling', 'matching', 'standard']",lr,0.41321279109324,0.1286352291226459,0.9550608113091259,63.32251739501953,
datasets/heart.csv,svc,age,20,10,0.25,0.5,"['oversampling', 'ipw', 'stratified_sampling']",svc,0.41256932807451324,0.12581171352500795,0.9509503696740345,44.95771789550781,
datasets/heart.csv,xgb,age,20,10,0.25,0.5,"['min_max_scaling', 'oversampling', 'matching', 'ipw', 'stratified_sampling']",xgb,0.43891227987001524,0.11519678819562668,0.9930213479356571,39.58310532569885,
datasets/heart.csv,rf,age,20,10,0.25,0.75,"['oversampling', 'stratified_sampling']",rf,0.4301743448810424,0.1361523039521123,0.9965009937141971,67.2596230506897,
datasets/heart.csv,lr,age,20,10,0.25,0.75,"['clustering', 'oversampling']",lr,0.40601111846159604,0.11383421113541127,0.9258564480586033,61.520140647888184,
datasets/heart.csv,svc,age,20,10,0.25,0.75,"['oversampling', 'min_max_scaling']",svc,0.4103999732237241,0.1297876768189155,0.9505876232663637,44.463624238967896,
datasets/heart.csv,xgb,age,20,10,0.25,0.75,"['oversampling', 'stratified_sampling', 'clustering', 'min_max_scaling']",xgb,0.4281045664058899,0.13594160986091136,0.9921507426726912,38.380128622055054,
datasets/heart.csv,rf,age,20,10,0.5,0.25,"['min_max_scaling', 'standard', 'oversampling', 'stratified_sampling']",rf,0.4298682711662779,0.1367655277530226,0.9965020700855783,67.06310606002808,
datasets/heart.csv,lr,age,20,10,0.5,0.25,"['min_max_scaling', 'matching', 'undersampling']",lr,0.282202380952381,0.30833333333333335,0.8727380952380953,60.26174354553223,
datasets/heart.csv,svc,age,20,10,0.5,0.25,"['oversampling', 'clustering']",svc,0.41757239866035967,0.11398632879066556,0.9491311261113848,44.31651282310486,
datasets/heart.csv,xgb,age,20,10,0.5,0.25,"['ipw', 'min_max_scaling']",xgb,0.2683006287656084,0.3097088090770034,0.8463100666082202,37.54270076751709,
datasets/heart.csv,rf,age,20,10,0.5,0.5,"['oversampling', 'undersampling']",rf,0.4202960313662346,0.15736116789795407,0.9979532306304233,66.83410024642944,
datasets/heart.csv,lr,age,20,10,0.5,0.5,"['standard', 'oversampling']",lr,0.3923153194020129,0.1630459788532726,0.9476766176572984,60.07678937911987,
datasets/heart.csv,svc,age,20,10,0.5,0.5,"['standard', 'oversampling']",svc,0.41220082694177557,0.12577028843967256,0.9501719423232237,44.33399033546448,
datasets/heart.csv,xgb,age,20,10,0.5,0.5,"['min_max_scaling', 'oversampling', 'standard']",xgb,0.4200142937997934,0.15374071271335873,0.9937693003129455,37.399527072906494,
datasets/heart.csv,rf,age,20,10,0.5,0.75,"['clustering', 'standard']",rf,0.30162385997113494,0.2894805380954562,0.892728258037726,66.58739233016968,
datasets/heart.csv,lr,age,20,10,0.5,0.75,"['stratified_sampling', 'standard', 'undersampling']",lr,0.4756944444444444,0.048611111111111105,1.0,59.95506954193115,
datasets/heart.csv,svc,age,20,10,0.5,0.75,"['ipw', 'standard', 'oversampling']",svc,0.4081067064718091,0.13047401793912802,0.9466874308827462,44.31093621253967,
datasets/heart.csv,xgb,age,20,10,0.5,0.75,"['stratified_sampling', 'standard', 'matching', 'oversampling']",xgb,0.43891227987001524,0.11519678819562668,0.9930213479356571,37.33331513404846,
datasets/heart.csv,rf,age,20,10,0.75,0.25,['oversampling'],rf,0.4282590446489467,0.14061982819656008,0.9971379174944535,66.39723801612854,
datasets/heart.csv,lr,age,20,10,0.75,0.25,"['oversampling', 'undersampling']",lr,0.42955633952055283,0.07105342121455151,0.9301661002556572,59.83720874786377,
datasets/heart.csv,svc,age,20,10,0.75,0.25,"['clustering', 'min_max_scaling']",svc,0.3238864906452023,0.2481181049323473,0.8958910862227519,44.30972957611084,
datasets/heart.csv,xgb,age,20,10,0.75,0.25,['standard'],xgb,0.2840131131957193,0.2833897509782861,0.8514159773697247,37.30219078063965,
datasets/heart.csv,rf,age,20,10,0.75,0.5,"['min_max_scaling', 'oversampling']",rf,0.42826225644645427,0.14061982819656008,0.9971443410894686,66.19185090065002,
datasets/heart.csv,lr,age,20,10,0.75,0.5,"['standard', 'stratified_sampling', 'undersampling']",lr,0.4756944444444444,0.048611111111111105,1.0,59.79668211936951,
datasets/heart.csv,svc,age,20,10,0.75,0.5,"['standard', 'min_max_scaling']",svc,0.3379968664085829,0.22298200561919934,0.8989757384363651,44.31291937828064,
datasets/heart.csv,xgb,age,20,10,0.75,0.5,"['oversampling', 'ipw']",xgb,0.4217679306283913,0.15129399049427553,0.9948298517510581,37.2524528503418,
datasets/heart.csv,rf,age,20,10,0.75,0.75,"['stratified_sampling', 'oversampling']",rf,0.4301743448810424,0.1361523039521123,0.9965009937141971,65.94835901260376,
datasets/heart.csv,lr,age,20,10,0.75,0.75,['oversampling'],lr,0.4059364991625458,0.11383421113541127,0.9257072094605029,59.43766498565674,
datasets/heart.csv,svc,age,20,10,0.75,0.75,"['min_max_scaling', 'stratified_sampling', 'ipw', 'undersampling']",svc,0.4186111111111111,0.1527777777777778,0.99,44.343815088272095,
datasets/heart.csv,xgb,age,20,10,0.75,0.75,"['undersampling', 'standard', 'ipw', 'clustering', 'oversampling', 'min_max_scaling']",xgb,0.28634920634920635,0.35555555555555557,0.9282539682539683,36.95501112937927,
datasets/heart.csv,rf,age,15,20,0.25,0.25,"['clustering', 'undersampling', 'oversampling', 'ipw', 'min_max_scaling', 'standard', 'matching']",rf,0.4045911235410166,0.18803863966128573,0.997220886743319,160.77914571762085,
datasets/heart.csv,lr,age,15,20,0.25,0.25,"['ipw', 'standard']",lr,0.3139103900748884,0.2694980429656257,0.8973188231154026,93.43879961967468,
datasets/heart.csv,svc,age,15,20,0.25,0.25,"['clustering', 'undersampling']",svc,0.33176587301587296,0.2477777777777778,0.9113095238095237,65.07199263572693,
datasets/heart.csv,xgb,age,15,20,0.25,0.25,"['min_max_scaling', 'standard', 'clustering', 'undersampling', 'oversampling', 'ipw']",xgb,0.28634920634920635,0.35555555555555557,0.9282539682539683,43.80558156967163,
datasets/heart.csv,rf,age,15,20,0.25,0.5,['ipw'],rf,0.295526703968656,0.29999826889758413,0.8910516768348961,157.67836546897888,
datasets/heart.csv,lr,age,15,20,0.25,0.5,"['matching', 'oversampling', 'stratified_sampling', 'standard', 'min_max_scaling', 'undersampling']",lr,0.4114057311495747,0.12153949252696448,0.9443509548261139,92.45043992996216,
datasets/heart.csv,svc,age,15,20,0.25,0.5,"['min_max_scaling', 'undersampling', 'oversampling']",svc,0.392694389087534,0.16409572670901262,0.9494845048840806,64.67688822746277,
datasets/heart.csv,xgb,age,15,20,0.25,0.5,"['oversampling', 'stratified_sampling', 'clustering', 'undersampling']",xgb,0.43214026805711186,0.1308142160457457,0.9950947521599695,43.36777353286743,
datasets/heart.csv,rf,age,15,20,0.25,0.75,"['oversampling', 'standard']",rf,0.42830532437750435,0.14061982819656008,0.9972304769515687,157.64568638801575,
datasets/heart.csv,lr,age,15,20,0.25,0.75,"['ipw', 'oversampling']",lr,0.41730298327278764,0.0892715936881322,0.9238775602337075,91.97432851791382,
datasets/heart.csv,svc,age,15,20,0.25,0.75,"['clustering', 'oversampling']",svc,0.41757239866035967,0.11398632879066556,0.9491311261113848,64.56147909164429,
datasets/heart.csv,xgb,age,15,20,0.25,0.75,"['ipw', 'oversampling', 'min_max_scaling']",xgb,0.4217679306283913,0.15129399049427553,0.9948298517510581,43.30411076545715,
datasets/heart.csv,rf,age,15,20,0.5,0.25,"['ipw', 'clustering']",rf,0.28183160717616107,0.3152404192177569,0.8789036335700791,142.1853654384613,
datasets/heart.csv,lr,age,15,20,0.5,0.25,"['stratified_sampling', 'standard']",lr,0.15650793650793648,0.5583333333333333,0.8713492063492063,88.21040177345276,
datasets/heart.csv,svc,age,15,20,0.5,0.25,"['min_max_scaling', 'undersampling', 'oversampling']",svc,0.392694389087534,0.16409572670901262,0.9494845048840806,62.8520405292511,
datasets/heart.csv,xgb,age,15,20,0.5,0.25,"['standard', 'ipw']",xgb,0.2683006287656084,0.3097088090770034,0.8463100666082202,41.363258361816406,
datasets/heart.csv,rf,age,15,20,0.5,0.5,"['oversampling', 'min_max_scaling']",rf,0.42826225644645427,0.14061982819656008,0.9971443410894686,141.53516054153442,
datasets/heart.csv,lr,age,15,20,0.5,0.5,"['undersampling', 'oversampling']",lr,0.42955633952055283,0.07105342121455151,0.9301661002556572,87.80920338630676,
datasets/heart.csv,svc,age,15,20,0.5,0.5,"['matching', 'oversampling']",svc,0.4058779904373699,0.13802878353179462,0.9497847644065344,62.69714379310608,
datasets/heart.csv,xgb,age,15,20,0.5,0.5,['oversampling'],xgb,0.4200142937997934,0.15374071271335873,0.9937693003129455,41.31702709197998,
datasets/heart.csv,rf,age,15,20,0.5,0.75,"['oversampling', 'stratified_sampling']",rf,0.4301743448810424,0.1361523039521123,0.9965009937141971,140.06547021865845,
datasets/heart.csv,lr,age,15,20,0.5,0.75,"['oversampling', 'matching']",lr,0.3563884108495221,0.1772494764481125,0.8900262981471567,87.68384671211243,
datasets/heart.csv,svc,age,15,20,0.5,0.75,"['ipw', 'oversampling', 'standard', 'matching']",svc,0.36339993717393115,0.19186878269416194,0.9186686570420243,62.6018602848053,
datasets/heart.csv,xgb,age,15,20,0.5,0.75,"['ipw', 'oversampling']",xgb,0.4217679306283913,0.15129399049427553,0.9948298517510581,41.184980392456055,
datasets/heart.csv,rf,age,15,20,0.75,0.25,"['undersampling', 'stratified_sampling']",rf,-inf,inf,0.8202380952380952,132.02792167663574,
datasets/heart.csv,lr,age,15,20,0.75,0.25,"['clustering', 'ipw']",lr,0.2657641082343425,0.31194925114059907,0.8434774676092841,85.46571969985962,
datasets/heart.csv,svc,age,15,20,0.75,0.25,"['clustering', 'oversampling']",svc,0.41757239866035967,0.11398632879066556,0.9491311261113848,61.452677488327026,
datasets/heart.csv,xgb,age,15,20,0.75,0.25,"['clustering', 'min_max_scaling']",xgb,0.2840131131957193,0.2833897509782861,0.8514159773697247,39.55407905578613,
datasets/heart.csv,rf,age,15,20,0.75,0.5,"['matching', 'stratified_sampling']",rf,0.3484722222222221,0.15222222222222223,0.8491666666666665,127.10383200645447,
datasets/heart.csv,lr,age,15,20,0.75,0.5,"['matching', 'undersampling']",lr,0.34943537414965986,0.075,0.7738707482993197,83.7712836265564,
datasets/heart.csv,svc,age,15,20,0.75,0.5,"['undersampling', 'oversampling']",svc,0.22252645502645496,0.35185185185185186,0.7969047619047618,60.47441577911377,
datasets/heart.csv,xgb,age,15,20,0.75,0.5,"['oversampling', 'min_max_scaling']",xgb,0.4200142937997934,0.15374071271335873,0.9937693003129455,38.36634564399719,
datasets/heart.csv,rf,age,15,20,0.75,0.75,"['stratified_sampling', 'oversampling']",rf,0.4301743448810424,0.1361523039521123,0.9965009937141971,124.76566910743713,
datasets/heart.csv,lr,age,15,20,0.75,0.75,['min_max_scaling'],lr,0.32964001482802974,0.24073200047581023,0.9000120301318697,83.27008843421936,
datasets/heart.csv,svc,age,15,20,0.75,0.75,"['clustering', 'oversampling']",svc,0.41757239866035967,0.11398632879066556,0.9491311261113848,60.170849323272705,
datasets/heart.csv,xgb,age,15,20,0.75,0.75,"['oversampling', 'ipw']",xgb,0.4217679306283913,0.15129399049427553,0.9948298517510581,38.06208825111389,
datasets/heart.csv,rf,age,20,15,0.25,0.25,"['stratified_sampling', 'oversampling']",rf,0.4301743448810424,0.1361523039521123,0.9965009937141971,99.45336389541626,
datasets/heart.csv,lr,age,20,15,0.25,0.25,"['clustering', 'ipw']",lr,0.2657641082343425,0.31194925114059907,0.8434774676092841,69.91528415679932,
datasets/heart.csv,svc,age,20,15,0.25,0.25,"['ipw', 'min_max_scaling', 'matching']",svc,0.3116100676064417,0.27760037453585845,0.900820509748742,50.174532651901245,
datasets/heart.csv,xgb,age,20,15,0.25,0.25,"['oversampling', 'min_max_scaling']",xgb,0.4200142937997934,0.15374071271335873,0.9937693003129455,32.23849177360535,
datasets/heart.csv,rf,age,20,15,0.25,0.5,"['oversampling', 'stratified_sampling']",rf,0.4301743448810424,0.1361523039521123,0.9965009937141971,99.09885334968567,
datasets/heart.csv,lr,age,20,15,0.25,0.5,"['oversampling', 'ipw', 'stratified_sampling', 'undersampling']",lr,0.4269752556869275,0.07163077391925894,0.925581285293114,69.40896511077881,
datasets/heart.csv,svc,age,20,15,0.25,0.5,"['matching', 'ipw']",svc,0.3178933028038121,0.26520542383748785,0.900992029445112,49.58003807067871,
datasets/heart.csv,xgb,age,20,15,0.25,0.5,"['min_max_scaling', 'standard']",xgb,0.2840131131957193,0.2833897509782861,0.8514159773697247,31.92160987854004,
datasets/heart.csv,rf,age,20,15,0.25,0.75,"['oversampling', 'stratified_sampling']",rf,0.4301743448810424,0.1361523039521123,0.9965009937141971,98.75942158699036,
datasets/heart.csv,lr,age,20,15,0.25,0.75,"['undersampling', 'oversampling']",lr,0.42955633952055283,0.07105342121455151,0.9301661002556572,68.96288561820984,
datasets/heart.csv,svc,age,20,15,0.25,0.75,"['min_max_scaling', 'oversampling', 'ipw']",svc,0.4070416842319373,0.13589924423991082,0.9499826127037855,49.07239031791687,
datasets/heart.csv,xgb,age,20,15,0.25,0.75,"['undersampling', 'oversampling', 'ipw', 'min_max_scaling']",xgb,0.41763687972550945,0.16039902294483724,0.9956727823958561,31.577544927597046,
datasets/heart.csv,rf,age,20,15,0.5,0.25,"['oversampling', 'clustering']",rf,0.42613432251584393,0.14341265352459664,0.9956812985562845,98.53146600723267,
datasets/heart.csv,lr,age,20,15,0.5,0.25,"['undersampling', 'standard', 'stratified_sampling']",lr,0.4756944444444444,0.048611111111111105,1.0,68.78831386566162,
datasets/heart.csv,svc,age,20,15,0.5,0.25,"['standard', 'undersampling', 'oversampling', 'stratified_sampling']",svc,0.27459126984126997,0.32999999999999996,0.8791825396825399,48.85929775238037,
datasets/heart.csv,xgb,age,20,15,0.5,0.25,"['standard', 'ipw']",xgb,0.2683006287656084,0.3097088090770034,0.8463100666082202,31.496002912521362,
datasets/heart.csv,rf,age,20,15,0.5,0.5,"['oversampling', 'standard', 'min_max_scaling']",rf,0.42830532437750435,0.14061982819656008,0.9972304769515687,98.02339625358582,
datasets/heart.csv,lr,age,20,15,0.5,0.5,"['standard', 'oversampling', 'undersampling']",lr,0.3887206161236231,0.1724316967230197,0.9498729289702659,68.30593490600586,
datasets/heart.csv,svc,age,20,15,0.5,0.5,"['oversampling', 'stratified_sampling', 'standard']",svc,0.41052790855951876,0.13000443526158934,0.9510602523806269,48.20319199562073,
datasets/heart.csv,xgb,age,20,15,0.5,0.5,"['oversampling', 'clustering']",xgb,0.4192591351081848,0.15496212643477245,0.9934803966511421,31.080724000930786,
datasets/heart.csv,rf,age,20,15,0.5,0.75,['oversampling'],rf,0.4282590446489467,0.14061982819656008,0.9971379174944535,97.40852355957031,
datasets/heart.csv,lr,age,20,15,0.5,0.75,"['oversampling', 'min_max_scaling', 'stratified_sampling']",lr,0.400409819802178,0.14535595488698363,0.9461755944913396,67.63118839263916,
datasets/heart.csv,svc,age,20,15,0.5,0.75,"['oversampling', 'standard', 'clustering', 'min_max_scaling']",svc,0.43394560150559797,0.1133031164519001,0.981194319463096,47.3310284614563,
datasets/heart.csv,xgb,age,20,15,0.5,0.75,"['clustering', 'oversampling']",xgb,0.4192591351081848,0.15496212643477245,0.9934803966511421,30.444467544555664,
datasets/heart.csv,rf,age,20,15,0.75,0.25,"['matching', 'stratified_sampling']",rf,0.3484722222222221,0.15222222222222223,0.8491666666666665,94.08474922180176,
datasets/heart.csv,lr,age,20,15,0.75,0.25,"['oversampling', 'undersampling']",lr,0.42955633952055283,0.07105342121455151,0.9301661002556572,65.47998380661011,
datasets/heart.csv,svc,age,20,15,0.75,0.25,"['oversampling', 'standard', 'undersampling']",svc,0.3982746959492517,0.15411645327349577,0.9506658451719991,44.236483573913574,
datasets/heart.csv,xgb,age,20,15,0.75,0.25,"['ipw', 'standard']",xgb,0.2683006287656084,0.3097088090770034,0.8463100666082202,27.262431859970093,
datasets/heart.csv,rf,age,20,15,0.75,0.5,"['oversampling', 'stratified_sampling', 'ipw']",rf,0.4264315726033704,0.1437434085604932,0.996606553767234,92.89326310157776,
datasets/heart.csv,lr,age,20,15,0.75,0.5,"['undersampling', 'oversampling']",lr,0.42955633952055283,0.07105342121455151,0.9301661002556572,64.88364219665527,
datasets/heart.csv,svc,age,20,15,0.75,0.5,"['ipw', 'oversampling', 'stratified_sampling']",svc,0.41256932807451324,0.12581171352500795,0.9509503696740345,43.62591743469238,
datasets/heart.csv,xgb,age,20,15,0.75,0.5,"['ipw', 'oversampling']",xgb,0.4217679306283913,0.15129399049427553,0.9948298517510581,26.312116146087646,
datasets/heart.csv,rf,age,20,15,0.75,0.75,"['undersampling', 'oversampling']",rf,0.4202960313662346,0.15736116789795407,0.9979532306304233,92.15925335884094,
datasets/heart.csv,lr,age,20,15,0.75,0.75,"['ipw', 'oversampling']",lr,0.41730298327278764,0.0892715936881322,0.9238775602337075,64.66489005088806,
datasets/heart.csv,svc,age,20,15,0.75,0.75,"['stratified_sampling', 'ipw', 'oversampling']",svc,0.41256932807451324,0.12581171352500795,0.9509503696740345,43.406816244125366,
datasets/heart.csv,xgb,age,20,15,0.75,0.75,"['matching', 'min_max_scaling']",xgb,0.2802522893652958,0.2976721701762028,0.8581767489067943,25.947393655776978,
datasets/heart.csv,rf,age,20,20,0.25,0.25,"['standard', 'oversampling', 'clustering', 'min_max_scaling', 'ipw']",rf,0.4270431077446241,0.14341265352459664,0.9974988690138449,112.64432573318481,
datasets/heart.csv,lr,age,20,20,0.25,0.25,"['undersampling', 'min_max_scaling', 'stratified_sampling']",lr,0.31986111111111115,0.34027777777777785,0.9800000000000001,71.43825125694275,
datasets/heart.csv,svc,age,20,20,0.25,0.25,"['ipw', 'oversampling', 'stratified_sampling', 'undersampling', 'clustering']",svc,0.43332310715640143,0.08575289890084908,0.9523991132136519,37.60520935058594,
datasets/heart.csv,xgb,age,20,20,0.25,0.25,"['stratified_sampling', 'oversampling', 'matching']",xgb,0.4359041545839665,0.11808286558801928,0.9898911747559522,17.25074863433838,
datasets/heart.csv,rf,age,20,20,0.25,0.5,"['matching', 'undersampling', 'oversampling', 'stratified_sampling']",rf,0.29074074074074074,0.3351851851851852,0.9166666666666666,97.9427261352539,
datasets/heart.csv,lr,age,20,20,0.25,0.5,"['undersampling', 'stratified_sampling', 'standard']",lr,0.4756944444444444,0.048611111111111105,1.0,58.29096245765686,
datasets/heart.csv,svc,age,20,20,0.25,0.5,"['oversampling', 'stratified_sampling', 'ipw']",svc,0.41256932807451324,0.12581171352500795,0.9509503696740345,25.791653871536255,
datasets/heart.csv,xgb,age,20,20,0.25,0.5,"['ipw', 'min_max_scaling', 'undersampling', 'oversampling']",xgb,0.41763687972550945,0.16039902294483724,0.9956727823958561,16.61139702796936,
datasets/heart.csv,rf,age,20,20,0.5,0.25,"['matching', 'stratified_sampling', 'min_max_scaling', 'ipw']",rf,0.3550198412698412,0.15222222222222223,0.8622619047619047,96.79523158073425,
datasets/heart.csv,lr,age,20,20,0.5,0.25,"['stratified_sampling', 'standard', 'undersampling']",lr,0.4756944444444444,0.048611111111111105,1.0,57.70032620429993,
datasets/heart.csv,svc,age,20,20,0.5,0.25,"['ipw', 'clustering', 'undersampling']",svc,0.2203968253968254,0.4711111111111111,0.9119047619047619,25.433561325073242,
datasets/heart.csv,xgb,age,20,20,0.5,0.25,"['stratified_sampling', 'undersampling']",xgb,-inf,inf,0.8244047619047619,16.557417392730713,
datasets/heart.csv,rf,age,20,20,0.25,0.75,['oversampling'],rf,0.4282590446489467,0.14061982819656008,0.9971379174944535,97.04954791069031,
datasets/heart.csv,lr,age,20,20,0.25,0.75,"['standard', 'ipw', 'min_max_scaling', 'oversampling']",lr,0.4011657940468629,0.1467071137964371,0.9490387018901629,57.753450870513916,
datasets/heart.csv,svc,age,20,20,0.25,0.75,"['oversampling', 'min_max_scaling']",svc,0.4103999732237241,0.1297876768189155,0.9505876232663637,25.45756244659424,
datasets/heart.csv,xgb,age,20,20,0.25,0.75,"['oversampling', 'stratified_sampling', 'min_max_scaling', 'clustering']",xgb,0.4281045664058899,0.13594160986091136,0.9921507426726912,16.590606927871704,
datasets/heart.csv,rf,age,20,20,0.5,0.5,"['oversampling', 'stratified_sampling']",rf,0.4301743448810424,0.1361523039521123,0.9965009937141971,96.4383659362793,
datasets/heart.csv,lr,age,20,20,0.5,0.5,"['oversampling', 'ipw']",lr,0.41730298327278764,0.0892715936881322,0.9238775602337075,57.63316035270691,
datasets/heart.csv,svc,age,20,20,0.5,0.5,"['clustering', 'oversampling']",svc,0.41757239866035967,0.11398632879066556,0.9491311261113848,25.402465105056763,
datasets/heart.csv,xgb,age,20,20,0.5,0.5,"['matching', 'min_max_scaling', 'stratified_sampling']",xgb,0.20821428571428569,0.5244444444444445,0.9408730158730159,16.588769912719727,
datasets/heart.csv,rf,age,20,20,0.5,0.75,"['oversampling', 'standard']",rf,0.42830532437750435,0.14061982819656008,0.9972304769515687,94.42014360427856,
datasets/heart.csv,lr,age,20,20,0.5,0.75,"['undersampling', 'matching']",lr,0.34943537414965986,0.075,0.7738707482993197,56.18820905685425,
datasets/heart.csv,svc,age,20,20,0.5,0.75,"['matching', 'oversampling']",svc,0.4058779904373699,0.13802878353179462,0.9497847644065344,24.61524987220764,
datasets/heart.csv,xgb,age,20,20,0.5,0.75,"['ipw', 'oversampling']",xgb,0.4217679306283913,0.15129399049427553,0.9948298517510581,16.21509838104248,
datasets/heart.csv,rf,age,20,20,0.75,0.25,"['stratified_sampling', 'matching']",rf,0.3484722222222221,0.15222222222222223,0.8491666666666665,93.13021159172058,
datasets/heart.csv,lr,age,20,20,0.75,0.25,"['undersampling', 'oversampling']",lr,0.42955633952055283,0.07105342121455151,0.9301661002556572,55.48143529891968,
datasets/heart.csv,svc,age,20,20,0.75,0.25,"['undersampling', 'clustering']",svc,0.33176587301587296,0.2477777777777778,0.9113095238095237,24.195460081100464,
datasets/heart.csv,xgb,age,20,20,0.75,0.25,"['standard', 'clustering']",xgb,0.2840131131957193,0.2833897509782861,0.8514159773697247,16.071920156478882,
datasets/heart.csv,rf,age,20,20,0.75,0.75,"['stratified_sampling', 'oversampling']",rf,0.4301743448810424,0.1361523039521123,0.9965009937141971,91.80758905410767,
datasets/heart.csv,lr,age,20,20,0.75,0.75,"['standard', 'undersampling', 'clustering', 'stratified_sampling']",lr,0.4756944444444444,0.048611111111111105,1.0,54.954018354415894,
datasets/heart.csv,svc,age,20,20,0.75,0.75,"['clustering', 'oversampling']",svc,0.41757239866035967,0.11398632879066556,0.9491311261113848,23.8697772026062,
datasets/heart.csv,xgb,age,20,20,0.75,0.75,"['oversampling', 'ipw']",xgb,0.4217679306283913,0.15129399049427553,0.9948298517510581,15.848702907562256,
datasets/heart.csv,rf,age,20,20,0.75,0.5,['ipw'],rf,0.295526703968656,0.29999826889758413,0.8910516768348961,92.148672580719,
datasets/heart.csv,lr,age,20,20,0.75,0.5,"['stratified_sampling', 'undersampling', 'standard']",lr,0.4756944444444444,0.048611111111111105,1.0,54.99241065979004,
datasets/heart.csv,svc,age,20,20,0.75,0.5,"['undersampling', 'clustering', 'stratified_sampling', 'min_max_scaling']",svc,0.4022222222222222,0.18555555555555558,0.99,23.900948524475098,
datasets/heart.csv,xgb,age,20,20,0.75,0.5,['oversampling'],xgb,0.4200142937997934,0.15374071271335873,0.9937693003129455,15.8757905960083,
datasets/adult.csv,rf,race,5,5,1,1,['undersampling'],rf,0.45625718264683324,0.06500087106626012,0.9775152363599267,3.467456102371216,
datasets/adult.csv,lr,race,5,5,1,1,"['min_max_scaling', 'undersampling']",lr,0.44780767694639095,0.07838561370160664,0.9740009675943886,2.5197641849517822,
datasets/adult.csv,svc,race,5,5,1,1,"['standard', 'ipw', 'min_max_scaling', 'clustering', 'matching']",svc,0.43973733663463843,0.0861612348540689,0.9656359081233458,2.5315966606140137,
datasets/adult.csv,xgb,race,5,5,1,1,"['matching', 'standard']",xgb,0.4396802127913492,0.09369551554101362,0.9730559411237121,2.5187602043151855,
datasets/adult.csv,rf,race,5,5,1,0,"['clustering', 'undersampling', 'ipw']",rf,0.45571650983907225,0.06608633465621086,0.9775193543343553,3.496211528778076,
datasets/adult.csv,lr,race,5,5,1,0,"['clustering', 'undersampling']",lr,0.4098107091217766,0.014997384587157707,0.8346188028307109,2.521920680999756,
datasets/adult.csv,svc,race,5,5,1,0,"['oversampling', 'standard', 'stratified_sampling', 'ipw', 'matching', 'undersampling', 'clustering']",svc,0.27244585527533105,0.2134622535264691,0.7583539640771312,2.536264419555664,
datasets/adult.csv,xgb,race,5,5,1,0,"['stratified_sampling', 'matching']",xgb,0.2965653239308511,0.19900046180333522,0.7921311096650374,2.5327391624450684,
datasets/adult.csv,rf,race,5,5,0,0,"['clustering', 'stratified_sampling', 'standard', 'oversampling', 'matching', 'ipw']",rf,0.3497837204834041,0.15736386988519932,0.8569313108520076,2.62172532081604,
datasets/adult.csv,lr,race,5,5,0,0,"['stratified_sampling', 'undersampling', 'ipw', 'clustering']",lr,0.14695011730526575,0.11676168883259926,0.41066192344313074,2.5231845378875732,
datasets/adult.csv,svc,race,5,5,0,0,"['matching', 'stratified_sampling', 'standard']",svc,0.27434373467381584,0.19636448065138767,0.7450519499990194,2.5345876216888428,
datasets/adult.csv,xgb,race,5,5,0,0,"['undersampling', 'stratified_sampling', 'clustering', 'ipw', 'matching']",xgb,0.29966230629204227,0.19052322649602949,0.789847839080114,2.5605313777923584,
datasets/adult.csv,rf,race,5,5,0,1,"['clustering', 'matching', 'min_max_scaling', 'undersampling', 'standard', 'ipw', 'oversampling']",rf,0.46256258815048945,0.061738593036848595,0.9868637693378275,3.0929465293884277,
datasets/adult.csv,lr,race,5,5,0,1,"['undersampling', 'stratified_sampling', 'oversampling']",lr,0.4125500727340755,0.012430483850083399,0.8375306293182344,2.5261828899383545,
datasets/adult.csv,svc,race,5,5,0,1,"['stratified_sampling', 'undersampling']",svc,0.405475353058422,0.015927296258626922,0.8268780023754708,2.537726879119873,
datasets/adult.csv,xgb,race,5,5,0,1,"['undersampling', 'clustering', 'min_max_scaling']",xgb,0.4516342909086662,0.07437568305382473,0.9776442648711571,2.572563409805298,
datasets/adult.csv,rf,race,5,10,1,0,"['undersampling', 'matching']",rf,0.28802391974501973,0.1868594317602029,0.7629072712502424,5.900336742401123,
datasets/adult.csv,lr,race,5,10,1,0,"['stratified_sampling', 'matching']",lr,0.14867944651294734,0.114610216954687,0.41196910998058167,5.045730829238892,
datasets/adult.csv,svc,race,5,10,1,0,"['stratified_sampling', 'undersampling']",svc,0.405475353058422,0.015927296258626922,0.8268780023754708,5.551792144775391,
datasets/adult.csv,xgb,race,5,10,1,0,"['undersampling', 'clustering', 'matching']",xgb,0.3012115450874799,0.17564945956644515,0.7780725497414049,5.480993747711182,
datasets/adult.csv,rf,race,10,5,0,1,['oversampling'],rf,0.45982718307384557,0.06697370893059197,0.9866280750782831,5.9649388790130615,
datasets/adult.csv,lr,race,10,5,0,1,"['standard', 'min_max_scaling', 'undersampling', 'ipw', 'clustering', 'matching', 'stratified_sampling', 'oversampling']",lr,0.27548865772118736,0.19878170099030576,0.7497590164326805,5.035016059875488,
datasets/adult.csv,svc,race,10,5,0,1,"['stratified_sampling', 'undersampling']",svc,0.405475353058422,0.015927296258626922,0.8268780023754708,5.539642810821533,
datasets/adult.csv,xgb,race,10,5,0,1,"['clustering', 'oversampling', 'min_max_scaling', 'standard']",xgb,0.4533975482814254,0.08538171480337375,0.9921768113662246,5.515779256820679,
datasets/adult.csv,rf,race,5,10,0,0,"['stratified_sampling', 'matching']",rf,0.30068352954843836,0.15777699211368848,0.7591440512105652,5.110595464706421,
datasets/adult.csv,lr,race,5,10,0,0,"['oversampling', 'clustering', 'ipw', 'stratified_sampling']",lr,0.16261918356788188,0.10191656580212094,0.4271549329378847,5.079229116439819,
datasets/adult.csv,svc,race,5,10,0,0,"['ipw', 'stratified_sampling', 'min_max_scaling', 'matching', 'standard', 'undersampling', 'oversampling', 'clustering']",svc,0.25716780509475534,0.2567216007208504,0.7710572109103611,5.503397226333618,
datasets/adult.csv,xgb,race,5,10,0,0,"['matching', 'undersampling', 'clustering', 'min_max_scaling', 'stratified_sampling']",xgb,0.29520922065856403,0.1919405223360905,0.7823589636532186,5.441226243972778,
datasets/adult.csv,rf,race,10,5,0,0,"['clustering', 'standard']",rf,0.3089489770377706,0.17974827724905132,0.7976462313245924,5.994229316711426,
datasets/adult.csv,lr,race,10,5,0,0,"['ipw', 'clustering', 'oversampling', 'undersampling']",lr,0.1445817825922403,0.13335647792007263,0.42252004310455327,5.044371604919434,
datasets/adult.csv,svc,race,10,5,0,0,"['undersampling', 'ipw', 'matching', 'clustering', 'oversampling', 'standard', 'stratified_sampling', 'min_max_scaling']",svc,0.25716780509475534,0.2567216007208504,0.7710572109103611,5.531195163726807,
datasets/adult.csv,xgb,race,10,5,0,0,"['standard', 'matching', 'clustering', 'undersampling']",xgb,0.2872762791509165,0.22801561108277846,0.8025681693846115,5.567915678024292,
datasets/adult.csv,rf,race,5,10,1,1,"['min_max_scaling', 'matching']",rf,0.45291205689773867,0.06272002618656093,0.9685441399820383,5.824033498764038,
datasets/adult.csv,lr,race,5,10,1,1,"['min_max_scaling', 'undersampling']",lr,0.44780767694639095,0.07838561370160664,0.9740009675943886,5.0580220222473145,
datasets/adult.csv,svc,race,5,10,1,1,['undersampling'],svc,0.40607463230949725,0.014636143517287098,0.8267854081362817,5.505010366439819,
datasets/adult.csv,xgb,race,5,10,1,1,"['ipw', 'oversampling']",xgb,0.4533975482814254,0.08538171480337375,0.9921768113662246,5.553614377975464,
datasets/adult.csv,rf,race,5,10,0,1,['oversampling'],rf,0.45982718307384557,0.06697370893059197,0.9866280750782831,5.763415575027466,
datasets/adult.csv,lr,race,5,10,0,1,['oversampling'],lr,0.4054856327225527,0.022652267969061626,0.8336235334141671,5.077318906784058,
datasets/adult.csv,svc,race,5,10,0,1,"['matching', 'undersampling', 'min_max_scaling', 'oversampling', 'standard']",svc,0.4348980294489866,0.1057579390885706,0.9755539979865437,5.508435487747192,
datasets/adult.csv,xgb,race,5,10,0,1,['oversampling'],xgb,0.4533975482814254,0.08538171480337375,0.9921768113662246,5.612067937850952,
datasets/adult.csv,rf,race,10,5,1,0,"['stratified_sampling', 'standard', 'min_max_scaling', 'ipw']",rf,0.30031291875033334,0.16064236560286593,0.7612682031035326,5.565375089645386,
datasets/adult.csv,lr,race,10,5,1,0,"['clustering', 'stratified_sampling']",lr,0.14439840295801623,0.12240391503486388,0.4112007209508963,5.076106309890747,
datasets/adult.csv,svc,race,10,5,1,0,"['clustering', 'min_max_scaling', 'stratified_sampling', 'undersampling']",svc,0.44955535254891255,0.07578522557140284,0.974895930669228,5.5083396434783936,
datasets/adult.csv,xgb,race,10,5,1,0,"['stratified_sampling', 'undersampling']",xgb,0.44994763093478274,0.0777485252402698,0.9776437871098352,5.615173816680908,
datasets/adult.csv,rf,race,10,5,1,1,['matching'],rf,0.45291121258897443,0.06272002618656093,0.9685424513645098,5.16889762878418,
datasets/adult.csv,lr,race,10,5,1,1,"['standard', 'undersampling']",lr,0.44736466965099736,0.07873375997985742,0.9734630992818522,5.068734884262085,
datasets/adult.csv,svc,race,10,5,1,1,"['stratified_sampling', 'min_max_scaling', 'undersampling', 'ipw']",svc,0.44967555831880035,0.07553385925533211,0.9748849758929328,5.5104429721832275,
datasets/adult.csv,xgb,race,10,5,1,1,"['min_max_scaling', 'undersampling', 'standard']",xgb,0.44696905014360944,0.08344044550234853,0.9773785457895674,5.852311849594116,
datasets/adult.csv,rf,sex,5,5,0,0,"['stratified_sampling', 'standard', 'clustering', 'min_max_scaling', 'undersampling']",rf,-0.07195500322815479,0.9302112669862116,0.786301260529902,2.543276309967041,
datasets/adult.csv,lr,sex,5,5,0,0,"['clustering', 'oversampling', 'standard']",lr,-0.07668119297648412,0.9112550685409286,0.7578926825879604,2.529873847961426,
datasets/adult.csv,svc,sex,5,5,0,0,"['ipw', 'clustering', 'stratified_sampling', 'oversampling', 'standard', 'min_max_scaling']",svc,-0.06828416177325647,0.8936446352695944,0.7570763117230814,2.7339491844177246,
datasets/adult.csv,xgb,sex,5,5,0,0,['min_max_scaling'],xgb,0.0011071121751212165,0.827432183657851,0.8296464080080934,4.110871315002441,
datasets/adult.csv,rf,sex,5,5,0,1,"['undersampling', 'oversampling', 'standard', 'stratified_sampling', 'matching', 'min_max_scaling', 'clustering']",rf,-0.0014717177427510109,0.8368440776210685,0.8339006421355665,2.5347931385040283,
datasets/adult.csv,lr,sex,5,5,0,1,"['ipw', 'undersampling', 'standard', 'clustering', 'min_max_scaling', 'stratified_sampling', 'oversampling', 'matching']",lr,-0.013184646054717752,0.7942725023001801,0.7679032101907446,2.524003267288208,
datasets/adult.csv,svc,sex,5,5,0,1,"['ipw', 'clustering', 'stratified_sampling', 'undersampling', 'min_max_scaling', 'oversampling', 'standard', 'matching']",svc,-0.05865029306052377,0.8872866248578174,0.7699860387367699,2.8476028442382812,
datasets/adult.csv,xgb,sex,5,5,0,1,['oversampling'],xgb,0.07309508171447654,0.7428764055594802,0.8890665689884333,4.17618465423584,
datasets/adult.csv,rf,sex,5,5,1,0,['clustering'],rf,-0.07134270060576131,0.9409807182969989,0.7982953170854763,2.5173380374908447,
datasets/adult.csv,lr,sex,5,5,1,0,"['clustering', 'matching', 'undersampling']",lr,0.025454935975917997,0.38896456611786046,0.43987443806969645,2.5405170917510986,
datasets/adult.csv,svc,sex,5,5,1,0,"['oversampling', 'min_max_scaling', 'undersampling', 'matching', 'standard', 'clustering']",svc,0.022984493404835826,0.7268604208099639,0.7728294076196356,2.749807834625244,
datasets/adult.csv,xgb,sex,5,5,1,0,"['undersampling', 'standard']",xgb,0.021115958140938973,0.7666886447858196,0.8089205610676975,4.194048881530762,
datasets/adult.csv,rf,sex,5,5,1,1,"['stratified_sampling', 'min_max_scaling', 'ipw']",rf,0.42227309617610304,0.13261282995174709,0.9771590223039531,2.5157198905944824,
datasets/adult.csv,lr,sex,5,5,1,1,"['stratified_sampling', 'min_max_scaling']",lr,0.40915380187118006,0.1559939666840532,0.9743015704264133,2.533675193786621,
datasets/adult.csv,svc,sex,5,5,1,1,"['clustering', 'stratified_sampling']",svc,0.38620060946968954,0.029769656536771816,0.8021708754761508,2.7579782009124756,
datasets/adult.csv,xgb,sex,5,5,1,1,"['oversampling', 'undersampling']",xgb,0.4242183189198951,0.13855788825860235,0.9869945260983926,4.2072434425354,
datasets/adult.csv,rf,race,5,15,1,0,"['stratified_sampling', 'matching']",rf,0.30068352954843836,0.15777699211368848,0.7591440512105652,8.009798765182495,
datasets/adult.csv,lr,race,5,15,1,0,"['stratified_sampling', 'min_max_scaling']",lr,0.2532397699503474,0.20573168296067826,0.7122112228613731,8.059615850448608,
datasets/adult.csv,svc,race,5,15,1,0,"['matching', 'clustering']",svc,0.38789645043451526,0.027646297500586826,0.8034391983696173,10.266634225845337,
datasets/adult.csv,xgb,race,5,15,1,0,['ipw'],xgb,0.31344594698028294,0.20275451404752756,0.8296464080080934,8.641973972320557,
datasets/adult.csv,rf,race,15,5,1,0,"['ipw', 'undersampling', 'min_max_scaling', 'standard']",rf,0.45491888779354556,0.06810065520067406,0.9779384307877652,7.637969493865967,
datasets/adult.csv,lr,race,15,5,1,0,"['stratified_sampling', 'oversampling', 'matching']",lr,0.40526431865345675,0.02305010951614932,0.8335787468230628,8.06159496307373,
datasets/adult.csv,svc,race,15,5,1,0,"['min_max_scaling', 'standard', 'matching']",svc,0.4397188432653652,0.08621362580871804,0.9656513123394485,10.268868923187256,
datasets/adult.csv,xgb,race,15,5,1,0,"['stratified_sampling', 'min_max_scaling']",xgb,0.29627832036570206,0.19056385782622667,0.7831204985576308,8.641842126846313,
datasets/adult.csv,rf,race,5,15,0,1,"['undersampling', 'standard', 'oversampling', 'stratified_sampling']",rf,0.4709997020213577,0.04493161524284308,0.9869310192855585,8.508776903152466,
datasets/adult.csv,lr,race,5,15,0,1,"['oversampling', 'clustering', 'ipw', 'standard', 'matching', 'min_max_scaling', 'undersampling', 'stratified_sampling']",lr,0.27548865772118736,0.19878170099030576,0.7497590164326805,8.04666256904602,
datasets/adult.csv,svc,race,5,15,0,1,['matching'],svc,0.38698465366025186,0.027194154480140103,0.8011634618006438,10.270301103591919,
datasets/adult.csv,xgb,race,5,15,0,1,['undersampling'],xgb,0.44696905014360944,0.08344044550234853,0.9773785457895674,8.783007144927979,
datasets/adult.csv,rf,race,5,15,1,1,"['min_max_scaling', 'matching']",rf,0.45291205689773867,0.06272002618656093,0.9685441399820383,8.307586908340454,
datasets/adult.csv,lr,race,5,15,1,1,"['clustering', 'ipw', 'matching']",lr,0.392298912967765,0.018901101117489046,0.803498927053019,8.057658433914185,
datasets/adult.csv,svc,race,5,15,1,1,"['standard', 'matching']",svc,0.4397188432653652,0.08621362580871804,0.9656513123394485,10.255635261535645,
datasets/adult.csv,xgb,race,5,15,1,1,['oversampling'],xgb,0.4533975482814254,0.08538171480337375,0.9921768113662246,8.80279541015625,
datasets/adult.csv,rf,race,15,5,1,1,"['min_max_scaling', 'oversampling']",rf,0.4597795510991877,0.0670698202983384,0.9866289224967139,7.645018100738525,
datasets/adult.csv,lr,race,15,5,1,1,"['undersampling', 'min_max_scaling']",lr,0.44780767694639095,0.07838561370160664,0.9740009675943886,8.049107074737549,
datasets/adult.csv,svc,race,15,5,1,1,"['undersampling', 'min_max_scaling', 'stratified_sampling']",svc,0.4495572931332543,0.07578522557140284,0.9748998118379115,10.25348448753357,
datasets/adult.csv,xgb,race,15,5,1,1,"['oversampling', 'min_max_scaling']",xgb,0.4533975482814254,0.08538171480337375,0.9921768113662246,8.805278539657593,
datasets/adult.csv,rf,race,15,5,0,1,"['stratified_sampling', 'ipw', 'oversampling', 'matching', 'clustering']",rf,0.4665607999557356,0.053936223703982815,0.9870578236154539,8.032757997512817,
datasets/adult.csv,lr,race,15,5,0,1,"['standard', 'undersampling', 'clustering', 'ipw']",lr,0.4471912169258615,0.07843830866002234,0.9728207425117453,8.054922103881836,
datasets/adult.csv,svc,race,15,5,0,1,"['undersampling', 'oversampling', 'min_max_scaling']",svc,0.4437460010160681,0.08812597197666995,0.9756179740088061,10.280633449554443,
datasets/adult.csv,xgb,race,15,5,0,1,"['undersampling', 'min_max_scaling', 'standard', 'matching', 'oversampling']",xgb,0.4557415198830802,0.08053232717604272,0.9920153669422032,8.855607032775879,
datasets/adult.csv,rf,race,15,5,0,0,"['ipw', 'undersampling', 'standard', 'matching']",rf,0.28607047030936744,0.19460552162587094,0.7667464622446059,7.706946611404419,
datasets/adult.csv,lr,race,15,5,0,0,"['min_max_scaling', 'stratified_sampling', 'matching', 'ipw', 'clustering', 'undersampling', 'standard']",lr,0.25188025796478725,0.21343494632704144,0.7171954622566159,8.051273822784424,
datasets/adult.csv,svc,race,15,5,0,0,"['matching', 'oversampling']",svc,0.16253095370409348,0.12218129022310702,0.447243197631294,10.279603242874146,
datasets/adult.csv,xgb,race,15,5,0,0,"['stratified_sampling', 'undersampling', 'matching']",xgb,0.2939760034578679,0.1910365271348692,0.778988534050605,8.899608135223389,
datasets/adult.csv,rf,race,5,15,0,0,"['oversampling', 'stratified_sampling', 'matching', 'clustering', 'undersampling', 'standard']",rf,0.3304644248713188,0.2101758708195657,0.8711047205622032,7.738359451293945,
datasets/adult.csv,lr,race,5,15,0,0,"['ipw', 'undersampling', 'oversampling']",lr,0.1445817825922403,0.13335647792007263,0.42252004310455327,8.053696393966675,
datasets/adult.csv,svc,race,5,15,0,0,"['undersampling', 'stratified_sampling', 'oversampling', 'clustering']",svc,0.14980925157768876,0.1505529518776967,0.45017145503307426,10.275866270065308,
datasets/adult.csv,xgb,race,5,15,0,0,"['stratified_sampling', 'oversampling']",xgb,0.353418665003225,0.21145260273923058,0.9182899327456806,8.922731399536133,
datasets/adult.csv,rf,race,20,5,1,0,"['stratified_sampling', 'undersampling']",rf,0.4580766233083584,0.06157381268152809,0.9777270592982449,10.615868091583252,
datasets/adult.csv,lr,race,20,5,1,0,"['ipw', 'clustering']",lr,0.1773757612232666,0.12185622650192486,0.47660774894845803,11.044881582260132,
datasets/adult.csv,svc,race,20,5,1,0,"['matching', 'clustering']",svc,0.38789645043451526,0.027646297500586826,0.8034391983696173,13.50468111038208,
datasets/adult.csv,xgb,race,20,5,1,0,"['stratified_sampling', 'undersampling']",xgb,0.44994763093478274,0.0777485252402698,0.9776437871098352,12.861051797866821,
datasets/adult.csv,rf,race,5,20,0,1,['oversampling'],rf,0.45982718307384557,0.06697370893059197,0.9866280750782831,11.059573411941528,
datasets/adult.csv,lr,race,5,20,0,1,"['undersampling', 'stratified_sampling', 'oversampling', 'standard', 'ipw', 'matching', 'clustering', 'min_max_scaling']",lr,0.27548865772118736,0.19878170099030576,0.7497590164326805,11.071269750595093,
datasets/adult.csv,svc,race,5,20,0,1,"['min_max_scaling', 'oversampling', 'standard', 'stratified_sampling', 'undersampling', 'clustering', 'matching', 'ipw']",svc,0.25716780509475534,0.2567216007208504,0.7710572109103611,13.359679460525513,
datasets/adult.csv,xgb,race,5,20,0,1,"['stratified_sampling', 'min_max_scaling', 'standard', 'clustering', 'matching', 'undersampling', 'oversampling']",xgb,0.45450427505736346,0.08310158065245181,0.9921101307671787,13.035052299499512,
datasets/adult.csv,rf,race,20,5,0,1,"['oversampling', 'clustering', 'min_max_scaling', 'matching', 'ipw', 'undersampling']",rf,0.45989092690271205,0.06694046991680595,0.98672232372223,10.57889199256897,
datasets/adult.csv,lr,race,20,5,0,1,"['min_max_scaling', 'undersampling', 'standard', 'clustering']",lr,0.4481255132724283,0.07780827788614282,0.9740593044309994,10.94596266746521,
datasets/adult.csv,svc,race,20,5,0,1,"['stratified_sampling', 'undersampling', 'ipw', 'min_max_scaling']",svc,0.44967555831880035,0.07553385925533211,0.9748849758929328,13.462923049926758,
datasets/adult.csv,xgb,race,20,5,0,1,"['stratified_sampling', 'oversampling', 'undersampling', 'clustering', 'standard', 'min_max_scaling']",xgb,0.454120932842677,0.08150330505236104,0.9897451707377151,13.027052164077759,
datasets/adult.csv,rf,race,10,10,0,1,"['undersampling', 'min_max_scaling', 'clustering', 'standard']",rf,0.45661809336136694,0.06468487943118956,0.9779210661539235,10.849813222885132,
datasets/adult.csv,lr,race,10,10,0,1,"['matching', 'min_max_scaling', 'clustering']",lr,0.4352338283298412,0.09473353956769036,0.9652011962273728,11.083495616912842,
datasets/adult.csv,svc,race,10,10,0,1,"['oversampling', 'undersampling', 'min_max_scaling', 'matching', 'clustering', 'standard', 'stratified_sampling', 'ipw']",svc,0.25716780509475534,0.2567216007208504,0.7710572109103611,13.35468077659607,
datasets/adult.csv,xgb,race,10,10,0,1,"['standard', 'oversampling', 'min_max_scaling', 'ipw']",xgb,0.4533975482814254,0.08538171480337375,0.9921768113662246,13.05805230140686,
datasets/adult.csv,rf,race,20,5,1,1,"['standard', 'clustering', 'oversampling']",rf,0.46005208782377294,0.06657732767650816,0.986681503324054,10.26378607749939,
datasets/adult.csv,lr,race,20,5,1,1,"['min_max_scaling', 'undersampling', 'clustering']",lr,0.4481255132724283,0.07780827788614282,0.9740593044309994,11.13017725944519,
datasets/adult.csv,svc,race,20,5,1,1,"['standard', 'undersampling']",svc,0.4489142447333186,0.0765791448576537,0.9744076343242909,13.45919132232666,
datasets/adult.csv,xgb,race,20,5,1,1,"['standard', 'oversampling', 'min_max_scaling', 'matching', 'clustering', 'undersampling']",xgb,0.4557415198830802,0.08053232717604272,0.9920153669422032,12.862282037734985,
datasets/adult.csv,rf,race,10,10,1,1,['oversampling'],rf,0.45982718307384557,0.06697370893059197,0.9866280750782831,11.00023078918457,
datasets/adult.csv,lr,race,10,10,1,1,['undersampling'],lr,0.4098107091217766,0.014997384587157707,0.8346188028307109,11.029956102371216,
datasets/adult.csv,svc,race,10,10,1,1,"['oversampling', 'ipw']",svc,0.3968276455426624,0.029555878533585263,0.82321116961891,13.812692165374756,
datasets/adult.csv,xgb,race,10,10,1,1,['oversampling'],xgb,0.4533975482814254,0.08538171480337375,0.9921768113662246,12.839289665222168,
datasets/adult.csv,rf,race,5,20,1,1,['standard'],rf,0.3093508167001805,0.17939072997873592,0.798092363379097,10.192410469055176,
datasets/adult.csv,lr,race,5,20,1,1,['undersampling'],lr,0.4098107091217766,0.014997384587157707,0.8346188028307109,10.947066068649292,
datasets/adult.csv,svc,race,5,20,1,1,"['clustering', 'stratified_sampling', 'standard', 'min_max_scaling']",svc,0.2752417217153403,0.1870933173181367,0.7375767607488173,13.49479627609253,
datasets/adult.csv,xgb,race,5,20,1,1,['matching'],xgb,0.4396802127913492,0.09369551554101362,0.9730559411237121,13.059051275253296,
datasets/adult.csv,rf,race,5,20,0,0,"['standard', 'stratified_sampling', 'undersampling', 'matching']",rf,0.29489266261786795,0.16705504562075826,0.7568403708564941,10.161879539489746,
datasets/adult.csv,lr,race,5,20,0,0,"['undersampling', 'clustering', 'stratified_sampling', 'matching']",lr,0.1466906640970253,0.11780283638481694,0.41118416457886753,10.986061334609985,
datasets/adult.csv,svc,race,5,20,0,0,"['matching', 'standard', 'clustering', 'min_max_scaling', 'stratified_sampling', 'ipw', 'undersampling']",svc,0.268590014383296,0.19912431426097896,0.736304343027571,13.497993469238281,
datasets/adult.csv,xgb,race,5,20,0,0,"['stratified_sampling', 'clustering']",xgb,0.297403073428007,0.18958797513598294,0.7843941219919969,13.124740600585938,
datasets/adult.csv,rf,race,10,10,0,0,"['clustering', 'standard', 'undersampling', 'matching', 'min_max_scaling', 'stratified_sampling']",rf,0.2956223532821198,0.16425102326865726,0.7554957298328968,10.25963282585144,
datasets/adult.csv,lr,race,10,10,0,0,"['matching', 'clustering', 'stratified_sampling', 'undersampling']",lr,0.1466906640970253,0.11780283638481694,0.41118416457886753,11.178169965744019,
datasets/adult.csv,svc,race,10,10,0,0,"['matching', 'ipw', 'oversampling']",svc,0.15015307527679184,0.14623343184867202,0.44653958240225566,13.49019479751587,
datasets/adult.csv,xgb,race,10,10,0,0,"['undersampling', 'ipw', 'standard', 'stratified_sampling', 'clustering']",xgb,0.2903118523227212,0.1900384264596491,0.7706621311050915,13.055413007736206,
datasets/adult.csv,rf,race,20,5,0,0,"['matching', 'min_max_scaling', 'undersampling', 'stratified_sampling', 'standard']",rf,0.28985581971835966,0.1881226968698357,0.7678343363065551,10.25085163116455,
datasets/adult.csv,lr,race,20,5,0,0,"['matching', 'oversampling']",lr,0.16348600694789023,0.12353045972120817,0.45050247361698864,11.08505654335022,
datasets/adult.csv,svc,race,20,5,0,0,"['undersampling', 'stratified_sampling', 'matching', 'oversampling']",svc,0.16564787573870182,0.11231463798166495,0.4436103894590686,13.703469514846802,
datasets/adult.csv,xgb,race,20,5,0,0,"['matching', 'stratified_sampling', 'undersampling']",xgb,0.2939760034578679,0.1910365271348692,0.778988534050605,13.126435279846191,
datasets/adult.csv,rf,race,5,20,1,0,"['standard', 'min_max_scaling']",rf,0.3088339799016115,0.18041778513479148,0.7980857449380144,10.76102066040039,
datasets/adult.csv,lr,race,5,20,1,0,"['min_max_scaling', 'undersampling']",lr,0.44780767694639095,0.07838561370160664,0.9740009675943886,11.352573156356812,
datasets/adult.csv,svc,race,5,20,1,0,"['stratified_sampling', 'ipw']",svc,0.15702487383636812,0.115047320882337,0.42909706855507324,13.519174814224243,
datasets/adult.csv,xgb,race,5,20,1,0,"['matching', 'ipw']",xgb,0.4396802127913492,0.09369551554101362,0.9730559411237121,13.147436141967773,
datasets/adult.csv,rf,race,10,10,1,0,"['standard', 'undersampling']",rf,0.4562689579774085,0.06500087106626012,0.9775387870210771,10.288999557495117,
datasets/adult.csv,lr,race,10,10,1,0,"['stratified_sampling', 'ipw']",lr,0.14439840295801623,0.12240391503486388,0.4112007209508963,11.197072982788086,
datasets/adult.csv,svc,race,10,10,1,0,['stratified_sampling'],svc,0.15458198916919352,0.12277660497246971,0.4319405833108568,13.491319179534912,
datasets/adult.csv,xgb,race,10,10,1,0,"['stratified_sampling', 'undersampling', 'min_max_scaling']",xgb,0.29463787815375886,0.1861612592556319,0.7754370155631496,13.391737699508667,
datasets/adult.csv,rf,sex,5,10,0,0,['ipw'],rf,-0.06181367442908581,0.922075137888919,0.7984477890307474,6.6045167446136475,
datasets/adult.csv,lr,sex,5,10,0,0,"['stratified_sampling', 'standard', 'ipw', 'oversampling', 'matching', 'min_max_scaling', 'undersampling']",lr,-0.12474478537304629,1.0034746947268924,0.7539851239807999,6.940175533294678,
datasets/adult.csv,svc,sex,5,10,0,0,"['ipw', 'clustering', 'stratified_sampling', 'undersampling', 'oversampling', 'min_max_scaling']",svc,-0.056291341479730916,0.865478661256094,0.7528959782966321,5.9253809452056885,
datasets/adult.csv,xgb,sex,5,10,0,0,"['ipw', 'standard']",xgb,0.0011071121751212165,0.827432183657851,0.8296464080080934,7.4703452587127686,
datasets/adult.csv,rf,sex,5,10,0,1,['stratified_sampling'],rf,0.419817114892608,0.13763725569840535,0.9772714854836213,6.652639150619507,
datasets/adult.csv,lr,sex,5,10,0,1,"['min_max_scaling', 'standard', 'clustering', 'stratified_sampling', 'undersampling', 'matching', 'ipw']",lr,0.4097204188800273,0.1548381912065769,0.9742790289666315,6.867125034332275,
datasets/adult.csv,svc,sex,5,10,0,1,"['standard', 'min_max_scaling', 'oversampling', 'clustering', 'ipw', 'matching', 'undersampling', 'stratified_sampling']",svc,-0.05865029306052377,0.8872866248578174,0.7699860387367699,5.980530261993408,
datasets/adult.csv,xgb,sex,5,10,0,1,['stratified_sampling'],xgb,0.4108328857543313,0.15756689894821083,0.9792326704568735,7.728611946105957,
datasets/adult.csv,rf,sex,5,10,1,1,"['stratified_sampling', 'ipw']",rf,0.4222776225336876,0.1326050046756785,0.9771602497430537,6.47421669960022,
datasets/adult.csv,lr,sex,5,10,1,1,"['ipw', 'stratified_sampling', 'standard']",lr,0.41088806092654806,0.15301301689373392,0.97478913874683,6.901877403259277,
datasets/adult.csv,svc,sex,5,10,1,1,"['min_max_scaling', 'stratified_sampling']",svc,0.41320048943565657,0.14853482436255952,0.9749358032338726,5.938533782958984,
datasets/adult.csv,xgb,sex,5,10,1,1,"['min_max_scaling', 'stratified_sampling']",xgb,0.4108328857543313,0.15756689894821083,0.9792326704568735,7.7386085987091064,
datasets/adult.csv,rf,sex,5,10,1,0,"['min_max_scaling', 'undersampling', 'standard', 'matching']",rf,-0.05114648889176837,0.8934103071688115,0.7911173293852748,6.593635082244873,
datasets/adult.csv,lr,sex,5,10,1,0,"['undersampling', 'matching']",lr,0.025454935975917997,0.38896456611786046,0.43987443806969645,7.079940319061279,
datasets/adult.csv,svc,sex,5,10,1,0,"['undersampling', 'standard']",svc,-0.029318249686965447,0.8192491116135985,0.7606126122396676,5.878647327423096,
datasets/adult.csv,xgb,sex,5,10,1,0,"['matching', 'undersampling']",xgb,0.00825138498510719,0.7994586597824204,0.8159614297526347,7.863840341567993,
datasets/adult.csv,rf,sex,10,5,0,0,"['standard', 'ipw', 'min_max_scaling']",rf,-0.06163794495459768,0.9217304783982575,0.7984545884890621,5.9994120597839355,
datasets/adult.csv,lr,sex,10,5,0,0,"['matching', 'stratified_sampling', 'min_max_scaling', 'undersampling']",lr,-0.09387358565694626,0.9327877972701267,0.7450406259562342,7.433706998825073,
datasets/adult.csv,svc,sex,10,5,0,0,"['ipw', 'undersampling', 'oversampling', 'standard', 'clustering']",svc,-0.05482798921938592,0.8627949806728377,0.7531390022340658,6.6497721672058105,
datasets/adult.csv,xgb,sex,10,5,0,0,"['ipw', 'min_max_scaling']",xgb,0.0011071121751212165,0.827432183657851,0.8296464080080934,5.877166032791138,
datasets/adult.csv,rf,sex,10,5,0,1,"['oversampling', 'undersampling']",rf,0.43230432191192114,0.11852988963996026,0.9831385334638025,5.961409568786621,
datasets/adult.csv,lr,sex,10,5,0,1,"['clustering', 'min_max_scaling', 'oversampling', 'standard', 'undersampling']",lr,0.41383382779611805,0.1471303891128162,0.9747980447050523,7.678731918334961,
datasets/adult.csv,svc,sex,10,5,0,1,"['clustering', 'oversampling', 'undersampling', 'matching', 'min_max_scaling', 'standard', 'ipw', 'stratified_sampling']",svc,-0.05865029306052377,0.8872866248578174,0.7699860387367699,6.514751434326172,
datasets/adult.csv,xgb,sex,10,5,0,1,"['clustering', 'undersampling', 'min_max_scaling', 'oversampling']",xgb,0.4242183189198951,0.13855788825860235,0.9869945260983926,5.892815589904785,
datasets/adult.csv,rf,sex,10,5,1,0,"['clustering', 'standard']",rf,-0.07345705270097819,0.9471041363080027,0.8001900309060463,6.050882577896118,
datasets/adult.csv,lr,sex,10,5,1,0,"['min_max_scaling', 'matching', 'clustering', 'undersampling', 'standard']",lr,-0.03643748106557837,0.8343000116058529,0.7614250494746961,7.8245861530303955,
datasets/adult.csv,svc,sex,10,5,1,0,"['min_max_scaling', 'standard']",svc,-0.025535834012438252,0.8218234033481172,0.7707517353232407,6.386758804321289,
datasets/adult.csv,xgb,sex,10,5,1,0,"['clustering', 'stratified_sampling']",xgb,0.4108328898481234,0.15756689894821083,0.9792326786444576,5.807603359222412,
datasets/adult.csv,rf,sex,5,15,1,0,"['min_max_scaling', 'clustering']",rf,-0.04981976676171074,0.8989346611155405,0.7992951275921191,9.24591612815857,
datasets/adult.csv,lr,sex,5,15,1,0,"['min_max_scaling', 'oversampling', 'clustering']",lr,-0.09835951262355336,0.941800751518031,0.7450817262709243,10.044068098068237,
datasets/adult.csv,svc,sex,5,15,1,0,"['min_max_scaling', 'oversampling', 'ipw']",svc,-0.0629927413278965,0.8795000892465783,0.7535146065907853,11.23685598373413,
datasets/adult.csv,xgb,sex,5,15,1,0,"['oversampling', 'stratified_sampling', 'undersampling', 'ipw']",xgb,0.04452530484183137,0.7942764735466062,0.883327083230269,8.89122223854065,
datasets/adult.csv,rf,sex,5,15,0,0,"['undersampling', 'stratified_sampling']",rf,-0.05393008091571366,0.8919952056500197,0.7841350438185923,9.40101957321167,
datasets/adult.csv,lr,sex,5,15,0,0,"['undersampling', 'stratified_sampling', 'clustering', 'min_max_scaling', 'oversampling']",lr,-0.12867188771787552,0.9945849560455874,0.7372411806098363,10.048203229904175,
datasets/adult.csv,svc,sex,5,15,0,0,"['min_max_scaling', 'undersampling']",svc,-0.03525206527877045,0.8300655865855359,0.759561456027995,11.207725524902344,
datasets/adult.csv,xgb,sex,5,15,0,0,"['stratified_sampling', 'matching']",xgb,-0.005356161124328185,0.824307009643718,0.8135946873950616,8.907361268997192,
datasets/adult.csv,rf,sex,5,15,0,1,['stratified_sampling'],rf,0.419817114892608,0.13763725569840535,0.9772714854836213,9.384023189544678,
datasets/adult.csv,lr,sex,5,15,0,1,"['clustering', 'undersampling', 'oversampling', 'matching', 'ipw']",lr,0.021702739761479684,0.3980696215283026,0.441475101051262,10.031201124191284,
datasets/adult.csv,svc,sex,5,15,0,1,"['min_max_scaling', 'matching', 'stratified_sampling', 'oversampling']",svc,0.41385130559284455,0.14774696034363657,0.9754495715293257,11.215860605239868,
datasets/adult.csv,xgb,sex,5,15,0,1,"['oversampling', 'undersampling', 'min_max_scaling', 'ipw']",xgb,0.4242183189198951,0.13855788825860235,0.9869945260983926,8.937340497970581,
datasets/adult.csv,rf,sex,10,5,1,1,"['stratified_sampling', 'ipw', 'min_max_scaling']",rf,0.42227309617610304,0.13261282995174709,0.9771590223039531,6.022769212722778,
datasets/adult.csv,lr,sex,10,5,1,1,"['stratified_sampling', 'standard', 'ipw', 'min_max_scaling']",lr,0.41093624980245846,0.15287925779876124,0.9747517574036781,7.853841066360474,
datasets/adult.csv,svc,sex,10,5,1,1,"['min_max_scaling', 'undersampling', 'oversampling', 'clustering']",svc,0.4196201686262178,0.13625711659794923,0.9754974538503849,6.353625774383545,
datasets/adult.csv,xgb,sex,10,5,1,1,['stratified_sampling'],xgb,0.4108328857543313,0.15756689894821083,0.9792326704568735,6.003836631774902,
datasets/adult.csv,rf,sex,5,15,1,1,['stratified_sampling'],rf,0.419817114892608,0.13763725569840535,0.9772714854836213,9.27564024925232,
datasets/adult.csv,lr,sex,5,15,1,1,"['oversampling', 'matching', 'clustering', 'undersampling']",lr,0.0014709180098710917,0.4341575083437122,0.4370993443634544,10.06432557106018,
datasets/adult.csv,svc,sex,5,15,1,1,['stratified_sampling'],svc,0.38939897083219155,0.030574565096881823,0.8093725067612649,11.225117206573486,
datasets/adult.csv,xgb,sex,5,15,1,1,"['standard', 'matching']",xgb,0.40938416801809363,0.15428760508752484,0.9730559411237121,9.080125570297241,
datasets/adult.csv,rf,race,15,10,0,1,"['oversampling', 'standard']",rf,0.45982822166045817,0.06697329320874378,0.9866297365296601,15.702702045440674,
datasets/adult.csv,lr,race,15,10,0,1,"['stratified_sampling', 'oversampling', 'undersampling']",lr,0.4125500727340755,0.012430483850083399,0.8375306293182344,18.68049955368042,
datasets/adult.csv,svc,race,15,10,0,1,"['matching', 'undersampling', 'oversampling', 'min_max_scaling', 'standard', 'clustering', 'stratified_sampling', 'ipw']",svc,0.25716780509475534,0.2567216007208504,0.7710572109103611,21.154192447662354,
datasets/adult.csv,xgb,race,15,10,0,1,"['stratified_sampling', 'min_max_scaling', 'undersampling', 'ipw']",xgb,0.44994763093478274,0.0777485252402698,0.9776437871098352,18.94006896018982,
datasets/adult.csv,rf,race,15,10,1,0,"['ipw', 'clustering', 'undersampling', 'stratified_sampling']",rf,0.3006266759557097,0.15258139632309525,0.7538347482345147,16.046539068222046,
datasets/adult.csv,lr,race,15,10,1,0,"['stratified_sampling', 'ipw']",lr,0.14439840295801623,0.12240391503486388,0.4112007209508963,19.02571964263916,
datasets/adult.csv,svc,race,15,10,1,0,"['ipw', 'stratified_sampling']",svc,0.15702487383636812,0.115047320882337,0.42909706855507324,21.241069793701172,
datasets/adult.csv,xgb,race,15,10,1,0,"['matching', 'ipw', 'min_max_scaling']",xgb,0.4396802127913492,0.09369551554101362,0.9730559411237121,18.747077703475952,
datasets/adult.csv,rf,race,10,15,1,0,"['clustering', 'stratified_sampling']",rf,0.3002471153558608,0.16338594371092816,0.7638801744226498,16.07549786567688,
datasets/adult.csv,lr,race,10,15,1,0,"['clustering', 'stratified_sampling']",lr,0.14439840295801623,0.12240391503486388,0.4112007209508963,19.073943614959717,
datasets/adult.csv,svc,race,10,15,1,0,['stratified_sampling'],svc,0.15458198916919352,0.12277660497246971,0.4319405833108568,21.238924264907837,
datasets/adult.csv,xgb,race,10,15,1,0,"['ipw', 'standard']",xgb,0.31344594698028294,0.20275451404752756,0.8296464080080934,18.74190926551819,
datasets/adult.csv,rf,race,15,10,1,1,"['min_max_scaling', 'oversampling']",rf,0.4597795510991877,0.0670698202983384,0.9866289224967139,15.782976150512695,
datasets/adult.csv,lr,race,15,10,1,1,"['matching', 'oversampling', 'undersampling', 'min_max_scaling', 'clustering']",lr,0.442691955434483,0.08993825138919566,0.9753221622581616,19.111674547195435,
datasets/adult.csv,svc,race,15,10,1,1,"['standard', 'matching']",svc,0.4397188432653652,0.08621362580871804,0.9656513123394485,21.152628898620605,
datasets/adult.csv,xgb,race,15,10,1,1,"['standard', 'oversampling']",xgb,0.4533975482814254,0.08538171480337375,0.9921768113662246,18.755708694458008,
datasets/adult.csv,rf,race,10,15,0,1,"['matching', 'clustering']",rf,0.45332109342975907,0.061920148283556374,0.9685623351430745,15.71767783164978,
datasets/adult.csv,lr,race,10,15,0,1,"['min_max_scaling', 'undersampling']",lr,0.44780767694639095,0.07838561370160664,0.9740009675943886,18.95759129524231,
datasets/adult.csv,svc,race,10,15,0,1,"['standard', 'matching', 'oversampling', 'clustering', 'stratified_sampling', 'min_max_scaling', 'undersampling', 'ipw']",svc,0.25716780509475534,0.2567216007208504,0.7710572109103611,21.382591724395752,
datasets/adult.csv,xgb,race,10,15,0,1,"['matching', 'clustering', 'standard', 'undersampling', 'oversampling', 'min_max_scaling']",xgb,0.4557415198830802,0.08053232717604272,0.9920153669422032,18.793554067611694,
datasets/adult.csv,rf,race,10,15,0,0,"['ipw', 'matching', 'clustering', 'stratified_sampling']",rf,0.296255771297181,0.16560625256724912,0.7581177951616112,15.894601821899414,
datasets/adult.csv,lr,race,10,15,0,0,"['min_max_scaling', 'standard', 'clustering']",lr,0.26593915737410095,0.23251143031344565,0.7643897450616476,19.129361152648926,
datasets/adult.csv,svc,race,10,15,0,0,"['standard', 'clustering', 'ipw', 'stratified_sampling', 'oversampling', 'matching', 'min_max_scaling', 'undersampling']",svc,0.25716780509475534,0.2567216007208504,0.7710572109103611,21.408700466156006,
datasets/adult.csv,xgb,race,10,15,0,0,"['stratified_sampling', 'oversampling', 'min_max_scaling']",xgb,0.353418665003225,0.21145260273923058,0.9182899327456806,18.746679544448853,
datasets/adult.csv,rf,race,10,15,1,1,"['oversampling', 'clustering']",rf,0.45987439722600976,0.06695519150740571,0.9867039859594252,15.696828365325928,
datasets/adult.csv,lr,race,10,15,1,1,"['standard', 'oversampling']",lr,0.44071032036993574,0.09433454433516147,0.975755185075033,18.9114511013031,
datasets/adult.csv,svc,race,10,15,1,1,['undersampling'],svc,0.40607463230949725,0.014636143517287098,0.8267854081362817,21.431594610214233,
datasets/adult.csv,xgb,race,10,15,1,1,['undersampling'],xgb,0.44696905014360944,0.08344044550234853,0.9773785457895674,19.140693426132202,
datasets/adult.csv,rf,race,15,10,0,0,"['standard', 'matching', 'stratified_sampling']",rf,0.3014007294326985,0.15624708483285757,0.7590485436982546,15.719078540802002,
datasets/adult.csv,lr,race,15,10,0,0,"['matching', 'oversampling']",lr,0.16348600694789023,0.12353045972120817,0.45050247361698864,19.555429697036743,
datasets/adult.csv,svc,race,15,10,0,0,"['ipw', 'undersampling', 'oversampling', 'stratified_sampling', 'clustering']",svc,0.1455192021908967,0.15378138795792082,0.44481979233971425,21.083353281021118,
datasets/adult.csv,xgb,race,15,10,0,0,"['stratified_sampling', 'standard', 'ipw', 'matching', 'clustering', 'min_max_scaling']",xgb,0.29169044977533387,0.20787336137806434,0.7912542609287321,19.283238887786865,
datasets/adult.csv,rf,sex,5,20,1,0,"['undersampling', 'min_max_scaling']",rf,-0.05553792459328616,0.8927749353968409,0.7816990862102686,12.819663763046265,
datasets/adult.csv,lr,sex,5,20,1,0,"['standard', 'stratified_sampling', 'min_max_scaling']",lr,0.41093672661382813,0.15287925779876124,0.9747527110264175,14.0577871799469,
datasets/adult.csv,svc,sex,5,20,1,0,"['matching', 'oversampling', 'standard', 'undersampling']",svc,-0.052925003466982534,0.8599730664241446,0.7541230594901795,12.953624486923218,
datasets/adult.csv,xgb,sex,5,20,1,0,"['min_max_scaling', 'standard']",xgb,0.0011071121751212165,0.827432183657851,0.8296464080080934,12.955549716949463,
datasets/adult.csv,rf,sex,5,20,0,0,"['min_max_scaling', 'oversampling', 'clustering']",rf,-0.0038411309756914425,0.8428922963331799,0.835210034381797,12.978663206100464,
datasets/adult.csv,lr,sex,5,20,0,0,"['matching', 'ipw', 'stratified_sampling', 'undersampling', 'standard', 'oversampling', 'min_max_scaling']",lr,-0.12474478537304629,1.0034746947268924,0.7539851239807999,14.194784164428711,
datasets/adult.csv,svc,sex,5,20,0,0,"['stratified_sampling', 'oversampling', 'ipw', 'min_max_scaling']",svc,-0.05890757797982532,0.8718376675331473,0.7540225115734966,13.087595701217651,
datasets/adult.csv,xgb,sex,5,20,0,0,"['min_max_scaling', 'ipw', 'clustering', 'undersampling']",xgb,0.021115958140938973,0.7666886447858196,0.8089205610676975,12.810581684112549,
datasets/adult.csv,rf,sex,5,20,0,1,['matching'],rf,0.4172223161985724,0.13416241214898564,0.9686070445461304,12.838663816452026,
datasets/adult.csv,lr,sex,5,20,0,1,"['stratified_sampling', 'min_max_scaling', 'undersampling', 'clustering', 'standard', 'ipw']",lr,-0.0469003045107666,0.8546427724810272,0.760842163459494,14.17078685760498,
datasets/adult.csv,svc,sex,5,20,0,1,"['matching', 'stratified_sampling', 'undersampling', 'min_max_scaling', 'ipw', 'clustering', 'oversampling', 'standard']",svc,-0.05865029306052377,0.8872866248578174,0.7699860387367699,12.962955474853516,
datasets/adult.csv,xgb,sex,5,20,0,1,"['clustering', 'stratified_sampling']",xgb,0.4108328898481234,0.15756689894821083,0.9792326786444576,12.948224544525146,
datasets/adult.csv,rf,sex,5,20,1,1,['matching'],rf,0.4172223161985724,0.13416241214898564,0.9686070445461304,13.054977655410767,
datasets/adult.csv,lr,sex,5,20,1,1,"['oversampling', 'clustering']",lr,0.060193733462505644,0.31272835689950196,0.43311582382451325,14.169956922531128,
datasets/adult.csv,svc,sex,5,20,1,1,"['oversampling', 'ipw', 'standard', 'undersampling']",svc,0.4200517883167836,0.13530354068732933,0.9754071173208965,12.980706691741943,
datasets/adult.csv,xgb,sex,5,20,1,1,['stratified_sampling'],xgb,0.4108328857543313,0.15756689894821083,0.9792326704568735,13.009920835494995,
datasets/adult.csv,rf,sex,15,5,0,1,"['matching', 'stratified_sampling']",rf,0.4215499411963283,0.13411389023176581,0.9772137726244224,9.398601770401001,
datasets/adult.csv,lr,sex,15,5,0,1,"['undersampling', 'oversampling', 'ipw', 'min_max_scaling']",lr,0.4148817170005976,0.14500858639063433,0.9747720203918295,9.791012048721313,
datasets/adult.csv,svc,sex,15,5,0,1,"['standard', 'clustering', 'oversampling', 'min_max_scaling', 'undersampling', 'ipw']",svc,0.4200752570092226,0.13529019795403682,0.975440711972482,10.501036405563354,
datasets/adult.csv,xgb,sex,15,5,0,1,"['min_max_scaling', 'matching']",xgb,0.40938416801809363,0.15428760508752484,0.9730559411237121,8.747521877288818,
datasets/adult.csv,rf,sex,15,5,1,0,"['standard', 'min_max_scaling', 'matching', 'clustering']",rf,0.4171918585046147,0.13433382133025398,0.9687175383394834,9.262486219406128,
datasets/adult.csv,lr,sex,15,5,1,0,"['oversampling', 'standard', 'undersampling']",lr,0.4150526023032938,0.14526518983237965,0.9753703944389673,9.99301266670227,
datasets/adult.csv,svc,sex,15,5,1,0,"['undersampling', 'oversampling', 'ipw']",svc,0.0685535841042153,0.29894171103267986,0.43604887924111047,10.513188362121582,
datasets/adult.csv,xgb,sex,15,5,1,0,"['min_max_scaling', 'clustering', 'standard', 'matching']",xgb,0.4096847469546566,0.15371733248719502,0.9730868263965082,8.868134260177612,
datasets/adult.csv,rf,sex,10,10,0,0,"['undersampling', 'ipw', 'min_max_scaling', 'oversampling', 'matching', 'standard', 'stratified_sampling']",rf,-0.08850380350661657,1.0160237945101478,0.8390161874969146,13.684024572372437,
datasets/adult.csv,lr,sex,10,10,0,0,"['matching', 'clustering', 'standard', 'ipw', 'oversampling']",lr,-0.06480577584721109,0.8841037469746115,0.7544921952801893,12.337685585021973,
datasets/adult.csv,svc,sex,10,10,0,0,"['standard', 'min_max_scaling', 'undersampling', 'clustering', 'oversampling', 'ipw', 'matching', 'stratified_sampling']",svc,-0.05865029306052377,0.8872866248578174,0.7699860387367699,14.122586488723755,
datasets/adult.csv,xgb,sex,10,10,0,0,"['clustering', 'matching', 'undersampling']",xgb,0.015902130504423295,0.7783279866136347,0.8101322476224813,12.219671249389648,
datasets/adult.csv,rf,sex,10,10,1,1,"['ipw', 'standard', 'matching']",rf,0.4179747660969376,0.13242770802253429,0.9683772402164095,13.68923282623291,
datasets/adult.csv,lr,sex,10,10,1,1,['stratified_sampling'],lr,0.40062788676306355,0.026438765141004118,0.8276945386671312,12.334615468978882,
datasets/adult.csv,svc,sex,10,10,1,1,"['min_max_scaling', 'oversampling', 'stratified_sampling', 'matching']",svc,0.41385130559284455,0.14774696034363657,0.9754495715293257,13.894207000732422,
datasets/adult.csv,xgb,sex,10,10,1,1,"['undersampling', 'oversampling']",xgb,0.4242183189198951,0.13855788825860235,0.9869945260983926,12.390798568725586,
datasets/adult.csv,rf,sex,10,10,1,0,"['clustering', 'undersampling']",rf,-0.05163684702846205,0.8859888939326432,0.7827151998757191,13.699229001998901,
datasets/adult.csv,lr,sex,10,10,1,0,"['matching', 'ipw', 'standard']",lr,0.40596517243427505,0.15390792867276612,0.9658382735413162,12.36248254776001,
datasets/adult.csv,svc,sex,10,10,1,0,"['undersampling', 'oversampling']",svc,0.401703531995907,0.027216549300662418,0.8306236132924765,13.918327331542969,
datasets/adult.csv,xgb,sex,10,10,1,0,['ipw'],xgb,0.0011071121751212165,0.827432183657851,0.8296464080080934,12.357671022415161,
datasets/adult.csv,rf,sex,10,10,0,1,"['matching', 'min_max_scaling', 'standard']",rf,0.4172605196244623,0.1340932757362812,0.9686143149852058,13.713356494903564,
datasets/adult.csv,lr,sex,10,10,0,1,"['clustering', 'stratified_sampling', 'min_max_scaling', 'standard', 'undersampling', 'matching']",lr,0.4097661843632838,0.15465746758326768,0.9741898363098354,12.329499006271362,
datasets/adult.csv,svc,sex,10,10,0,1,"['oversampling', 'min_max_scaling', 'clustering', 'standard', 'stratified_sampling', 'undersampling', 'matching', 'ipw']",svc,-0.05865029306052377,0.8872866248578174,0.7699860387367699,13.91331958770752,
datasets/adult.csv,xgb,sex,10,10,0,1,"['standard', 'min_max_scaling', 'matching', 'clustering', 'ipw', 'stratified_sampling', 'oversampling', 'undersampling']",xgb,0.02311091124616299,0.8435207068196836,0.8897425293120096,12.562917709350586,
datasets/adult.csv,rf,sex,15,5,0,0,"['matching', 'clustering', 'undersampling', 'min_max_scaling', 'standard', 'oversampling']",rf,-0.11288015283337838,1.0668951067513202,0.8411348010845634,9.411605834960938,
datasets/adult.csv,lr,sex,15,5,0,0,"['oversampling', 'clustering', 'stratified_sampling', 'standard', 'matching', 'undersampling', 'min_max_scaling']",lr,-0.09979548889877216,0.9447498795739441,0.7451589017763998,10.192440509796143,
datasets/adult.csv,svc,sex,15,5,0,0,"['oversampling', 'min_max_scaling', 'matching', 'clustering', 'ipw']",svc,-0.05919425649788096,0.872294349602187,0.7539058366064251,10.63002347946167,
datasets/adult.csv,xgb,sex,15,5,0,0,"['matching', 'undersampling', 'clustering']",xgb,0.015902130504423295,0.7783279866136347,0.8101322476224813,8.93353796005249,
datasets/adult.csv,rf,sex,15,5,1,1,"['oversampling', 'undersampling']",rf,0.43230432191192114,0.11852988963996026,0.9831385334638025,9.284859657287598,
datasets/adult.csv,lr,sex,15,5,1,1,"['standard', 'stratified_sampling', 'clustering']",lr,0.4111341409675613,0.1525483840290755,0.9748166659641981,10.002441883087158,
datasets/adult.csv,svc,sex,15,5,1,1,"['undersampling', 'min_max_scaling', 'stratified_sampling', 'oversampling']",svc,0.4140893485248412,0.14731126575575404,0.9754899628054364,10.631023168563843,
datasets/adult.csv,xgb,sex,15,5,1,1,"['standard', 'stratified_sampling']",xgb,0.4108328857543313,0.15756689894821083,0.9792326704568735,8.95339059829712,
datasets/adult.csv,rf,race,10,20,1,0,"['matching', 'stratified_sampling']",rf,0.30068352954843836,0.15777699211368848,0.7591440512105652,21.86986517906189,
datasets/adult.csv,lr,race,10,20,1,0,"['ipw', 'stratified_sampling']",lr,0.14439840295801623,0.12240391503486388,0.4112007209508963,26.489753484725952,
datasets/adult.csv,svc,race,10,20,1,0,"['undersampling', 'oversampling']",svc,0.1659445132903358,0.11580151891587635,0.44769054549654796,27.235060453414917,
datasets/adult.csv,xgb,race,10,20,1,0,"['stratified_sampling', 'matching']",xgb,0.2965653239308511,0.19900046180333522,0.7921311096650374,25.221379280090332,
datasets/adult.csv,rf,race,20,10,0,0,"['undersampling', 'ipw', 'matching']",rf,0.2947299465374141,0.19741326552071503,0.7868731585955432,21.782976150512695,
datasets/adult.csv,lr,race,20,10,0,0,"['matching', 'undersampling']",lr,0.14306918422323217,0.138660317522402,0.42479868596886633,26.310481071472168,
datasets/adult.csv,svc,race,20,10,0,0,['stratified_sampling'],svc,0.15458198916919352,0.12277660497246971,0.4319405833108568,27.083096265792847,
datasets/adult.csv,xgb,race,20,10,0,0,"['undersampling', 'clustering', 'standard', 'matching', 'min_max_scaling']",xgb,0.28589783589001094,0.23087546242754886,0.8026711342075707,25.10523819923401,
datasets/adult.csv,rf,race,20,10,1,1,"['undersampling', 'stratified_sampling']",rf,0.4580766233083584,0.06157381268152809,0.9777270592982449,21.88767647743225,
datasets/adult.csv,lr,race,20,10,1,1,"['undersampling', 'min_max_scaling']",lr,0.44780767694639095,0.07838561370160664,0.9740009675943886,26.58973455429077,
datasets/adult.csv,svc,race,20,10,1,1,"['stratified_sampling', 'min_max_scaling', 'undersampling']",svc,0.4495572931332543,0.07578522557140284,0.9748998118379115,26.90309476852417,
datasets/adult.csv,xgb,race,20,10,1,1,"['clustering', 'oversampling', 'standard']",xgb,0.4533975482814254,0.08538171480337375,0.9921768113662246,25.240386247634888,
datasets/adult.csv,rf,race,20,10,0,1,"['min_max_scaling', 'clustering', 'stratified_sampling', 'undersampling', 'oversampling']",rf,0.46567766465754534,0.055657083579362186,0.9870124128944529,21.097221612930298,
datasets/adult.csv,lr,race,20,10,0,1,"['undersampling', 'min_max_scaling']",lr,0.44780767694639095,0.07838561370160664,0.9740009675943886,26.55673360824585,
datasets/adult.csv,svc,race,20,10,0,1,"['ipw', 'stratified_sampling', 'oversampling', 'undersampling', 'clustering', 'standard', 'matching', 'min_max_scaling']",svc,0.25716780509475534,0.2567216007208504,0.7710572109103611,26.89910125732422,
datasets/adult.csv,xgb,race,20,10,0,1,"['standard', 'undersampling', 'oversampling', 'min_max_scaling', 'matching']",xgb,0.4557415198830802,0.08053232717604272,0.9920153669422032,25.360541820526123,
datasets/adult.csv,rf,race,20,10,1,0,"['stratified_sampling', 'min_max_scaling']",rf,0.2997431283907964,0.16142805754472414,0.760914314326317,21.344810485839844,
datasets/adult.csv,lr,race,20,10,1,0,"['undersampling', 'ipw']",lr,0.4098107091217766,0.014997384587157707,0.8346188028307109,26.619611740112305,
datasets/adult.csv,svc,race,20,10,1,0,"['stratified_sampling', 'undersampling']",svc,0.405475353058422,0.015927296258626922,0.8268780023754708,26.94696021080017,
datasets/adult.csv,xgb,race,20,10,1,0,"['matching', 'ipw']",xgb,0.4396802127913492,0.09369551554101362,0.9730559411237121,25.318592071533203,
datasets/adult.csv,rf,race,10,20,1,1,['oversampling'],rf,0.45982718307384557,0.06697370893059197,0.9866280750782831,21.937535524368286,
datasets/adult.csv,lr,race,10,20,1,1,"['min_max_scaling', 'undersampling']",lr,0.44780767694639095,0.07838561370160664,0.9740009675943886,26.858883380889893,
datasets/adult.csv,svc,race,10,20,1,1,['oversampling'],svc,0.39737717297875214,0.026863904837782213,0.8216182507952865,26.70968723297119,
datasets/adult.csv,xgb,race,10,20,1,1,"['oversampling', 'standard']",xgb,0.4533975482814254,0.08538171480337375,0.9921768113662246,25.32959485054016,
datasets/german.csv,rf,sex,5,5,0,1,"['min_max_scaling', 'clustering', 'undersampling', 'stratified_sampling', 'matching']",rf,0.4220239351551178,0.04907251236288567,0.8931203826731213,3.0361146926879883,
datasets/german.csv,lr,sex,5,5,0,1,['standard'],lr,0.18569242458192514,0.23342352191533292,0.6048083710791832,2.5339903831481934,
datasets/german.csv,svc,sex,5,5,0,1,"['undersampling', 'stratified_sampling', 'min_max_scaling', 'clustering', 'oversampling', 'standard', 'ipw']",svc,0.35156048627005954,0.18595897761139568,0.8890799501515148,2.5309877395629883,
datasets/german.csv,xgb,sex,5,5,0,1,"['standard', 'clustering', 'min_max_scaling', 'stratified_sampling', 'ipw', 'oversampling']",xgb,0.3440180940679079,0.14642381187040973,0.8344600000062256,2.6016557216644287,
datasets/adult.csv,rf,race,10,20,0,1,"['standard', 'ipw', 'clustering', 'oversampling', 'stratified_sampling', 'min_max_scaling', 'matching']",rf,0.3421641658704174,0.17795932054516664,0.8622876522860015,22.145790576934814,
datasets/adult.csv,lr,race,10,20,0,1,"['ipw', 'standard', 'undersampling', 'min_max_scaling', 'clustering', 'stratified_sampling']",lr,0.44748671962079767,0.0785943192755924,0.9735677585171878,26.622756004333496,
datasets/adult.csv,svc,race,10,20,0,1,['matching'],svc,0.38698465366025186,0.027194154480140103,0.8011634618006438,27.14511489868164,
datasets/adult.csv,xgb,race,10,20,0,1,['oversampling'],xgb,0.4533975482814254,0.08538171480337375,0.9921768113662246,25.176428079605103,
datasets/german.csv,rf,sex,5,5,0,0,"['standard', 'undersampling', 'min_max_scaling', 'clustering', 'ipw']",rf,0.1493036333039921,0.3018550088427261,0.6004622754507103,3.1001267433166504,
datasets/german.csv,lr,sex,5,5,0,0,['undersampling'],lr,,,0.36924420632763694,2.534141778945923,
datasets/german.csv,svc,sex,5,5,0,0,"['standard', 'clustering']",svc,0.18893785120680973,0.22876442995431412,0.6066401323679336,2.528987407684326,
datasets/german.csv,xgb,sex,5,5,0,0,"['standard', 'ipw', 'undersampling']",xgb,0.17340432365990893,0.2427543902630336,0.5895630375828514,2.7426562309265137,
datasets/adult.csv,rf,race,10,20,0,0,"['undersampling', 'min_max_scaling', 'stratified_sampling', 'clustering']",rf,0.2977871345474592,0.16216108997068618,0.7577353590656045,21.455130338668823,
datasets/adult.csv,lr,race,10,20,0,0,['stratified_sampling'],lr,0.14439840295801623,0.12240391503486388,0.4112007209508963,26.859905004501343,
datasets/adult.csv,svc,race,10,20,0,0,"['matching', 'stratified_sampling', 'clustering']",svc,0.16350903212093992,0.10673306175247467,0.4337511259943545,27.14211106300354,
datasets/adult.csv,xgb,race,10,20,0,0,"['oversampling', 'standard', 'matching', 'clustering', 'min_max_scaling', 'ipw']",xgb,0.3543535003911608,0.20794131073094704,0.9166483115132686,25.23342800140381,
datasets/german.csv,rf,sex,5,5,1,0,"['min_max_scaling', 'stratified_sampling']",rf,0.19611638087371525,0.2158222079945956,0.6080549697420261,2.919971227645874,
datasets/german.csv,lr,sex,5,5,1,0,"['clustering', 'ipw']",lr,-inf,inf,0.37326963467376495,2.5232667922973633,
datasets/german.csv,svc,sex,5,5,1,0,"['undersampling', 'matching', 'stratified_sampling', 'standard']",svc,0.20322058471927418,0.17873032909692357,0.5851714985354719,2.5288257598876953,
datasets/german.csv,xgb,sex,5,5,1,0,"['undersampling', 'stratified_sampling']",xgb,0.20682006840225847,0.18551903816449408,0.599159174969011,2.833956003189087,
datasets/german.csv,rf,sex,5,5,1,1,"['matching', 'min_max_scaling']",rf,0.4047665528754561,0.07921064762973791,0.8887437533806501,2.9199767112731934,
datasets/german.csv,lr,sex,5,5,1,1,"['undersampling', 'ipw', 'matching', 'oversampling', 'min_max_scaling']",lr,0.3900959175762174,0.1389443467345659,0.9191361818870007,2.5330801010131836,
datasets/german.csv,svc,sex,5,5,1,1,"['oversampling', 'standard']",svc,0.23388626450396255,0.213220117845396,0.6809926468533211,2.535825490951538,
datasets/german.csv,xgb,sex,5,5,1,1,"['oversampling', 'ipw']",xgb,0.3649591305557743,0.20010607132027947,0.930024332431828,2.837993621826172,
datasets/adult.csv,rf,race,15,15,1,0,"['min_max_scaling', 'stratified_sampling']",rf,0.2997431283907964,0.16142805754472414,0.760914314326317,26.319398641586304,
datasets/adult.csv,lr,race,15,15,1,0,"['clustering', 'stratified_sampling']",lr,0.14439840295801623,0.12240391503486388,0.4112007209508963,30.028096675872803,
datasets/adult.csv,svc,race,15,15,1,0,"['matching', 'undersampling']",svc,0.15531870489488833,0.10887610263787606,0.4195135124276527,29.27989649772644,
datasets/adult.csv,xgb,race,15,15,1,0,"['undersampling', 'stratified_sampling']",xgb,0.44994763093478274,0.0777485252402698,0.9776437871098352,25.081827640533447,
datasets/adult.csv,rf,race,15,15,0,1,"['oversampling', 'min_max_scaling', 'clustering', 'stratified_sampling', 'undersampling']",rf,0.46567766465754534,0.055657083579362186,0.9870124128944529,26.33112645149231,
datasets/adult.csv,lr,race,15,15,0,1,"['ipw', 'oversampling']",lr,0.4054862793797164,0.022652267969061626,0.8336248267284944,30.030100345611572,
datasets/adult.csv,svc,race,15,15,0,1,"['oversampling', 'stratified_sampling', 'standard', 'clustering', 'min_max_scaling', 'matching', 'undersampling', 'ipw']",svc,0.25716780509475534,0.2567216007208504,0.7710572109103611,29.197639226913452,
datasets/adult.csv,xgb,race,15,15,0,1,"['stratified_sampling', 'undersampling', 'standard', 'min_max_scaling']",xgb,0.44994763093478274,0.0777485252402698,0.9776437871098352,25.1952064037323,
datasets/adult.csv,rf,race,15,15,0,0,"['clustering', 'undersampling', 'matching', 'ipw']",rf,0.28230587313439776,0.2187750309340286,0.7833867772028241,25.89877939224243,
datasets/adult.csv,lr,race,15,15,0,0,"['clustering', 'stratified_sampling', 'oversampling', 'undersampling', 'matching']",lr,0.13615543540875194,0.12482096951534732,0.3971318403328512,30.14056420326233,
datasets/adult.csv,svc,race,15,15,0,0,"['stratified_sampling', 'oversampling']",svc,0.1658257857160156,0.11749695831278166,0.4491485297448129,29.1624014377594,
datasets/adult.csv,xgb,race,15,15,0,0,"['stratified_sampling', 'min_max_scaling', 'clustering']",xgb,0.3020909400719052,0.18163087336089412,0.7858127535047045,25.21400022506714,
datasets/adult.csv,rf,race,15,15,1,1,"['stratified_sampling', 'ipw', 'oversampling', 'matching', 'standard']",rf,0.45925446803335623,0.06809895262584874,0.9866078886925612,25.9586501121521,
datasets/adult.csv,lr,race,15,15,1,1,"['standard', 'undersampling']",lr,0.44736466965099736,0.07873375997985742,0.9734630992818522,30.128687381744385,
datasets/adult.csv,svc,race,15,15,1,1,"['min_max_scaling', 'undersampling', 'clustering']",svc,0.44778082907749484,0.07944697753190016,0.9750086356868899,29.366540908813477,
datasets/adult.csv,xgb,race,15,15,1,1,"['stratified_sampling', 'undersampling']",xgb,0.44994763093478274,0.0777485252402698,0.9776437871098352,25.12785267829895,
datasets/german.csv,rf,sex,5,10,0,0,['undersampling'],rf,0.16293363772265365,0.2504896398192816,0.5763569152645889,4.865077257156372,
datasets/german.csv,lr,sex,5,10,0,0,['standard'],lr,0.18569242458192514,0.23342352191533292,0.6048083710791832,4.445185899734497,
datasets/german.csv,svc,sex,5,10,0,0,"['clustering', 'min_max_scaling', 'stratified_sampling', 'matching']",svc,0.18637757855067288,0.22991295172458015,0.6026681088259259,4.408779859542847,
datasets/german.csv,xgb,sex,5,10,0,0,"['clustering', 'standard', 'stratified_sampling', 'undersampling', 'min_max_scaling', 'matching']",xgb,0.1898847165001174,0.20220732059576607,0.5819767535960009,4.157921075820923,
datasets/german.csv,rf,sex,5,10,1,1,['oversampling'],rf,0.34532699211048945,0.2569488783651725,0.9476028625861513,4.661763668060303,
datasets/german.csv,lr,sex,5,10,1,1,"['standard', 'matching']",lr,0.38547027513452264,0.1225728014136881,0.8935133516827334,4.477306127548218,
datasets/german.csv,svc,sex,5,10,1,1,"['min_max_scaling', 'oversampling']",svc,0.23099552599437523,0.21838005069042168,0.6803711026791721,4.390663385391235,
datasets/german.csv,xgb,sex,5,10,1,1,['min_max_scaling'],xgb,0.2323720023992689,0.14468528081179383,0.6094292856103316,4.167093515396118,
datasets/german.csv,rf,sex,5,10,0,1,"['undersampling', 'matching', 'oversampling']",rf,0.4227052499418216,0.1380338497078815,0.9834443495915247,4.806041955947876,
datasets/german.csv,lr,sex,5,10,0,1,['matching'],lr,0.3701707549325245,0.0,0.740341509865049,4.46952748298645,
datasets/german.csv,svc,sex,5,10,0,1,"['standard', 'oversampling', 'matching', 'ipw', 'clustering', 'stratified_sampling', 'undersampling']",svc,0.2807058785658355,0.21079966712368228,0.7722114242553533,4.396439552307129,
datasets/german.csv,xgb,sex,5,10,0,1,"['undersampling', 'clustering', 'ipw', 'oversampling', 'min_max_scaling', 'standard']",xgb,0.4187952663792462,0.11724181463543638,0.9548323473939287,4.199241638183594,
datasets/german.csv,rf,sex,5,10,1,0,"['min_max_scaling', 'clustering', 'matching']",rf,0.4060537012312757,0.07867786877027255,0.8907852712328239,4.800042390823364,
datasets/german.csv,lr,sex,5,10,1,0,"['ipw', 'oversampling', 'min_max_scaling']",lr,0.19143060397681003,0.2996508905002971,0.6825120984539171,4.47892689704895,
datasets/german.csv,svc,sex,5,10,1,0,"['matching', 'min_max_scaling']",svc,0.3863154641658908,0.1145588515925453,0.8871897799243269,4.383043050765991,
datasets/german.csv,xgb,sex,5,10,1,0,"['clustering', 'oversampling', 'ipw', 'matching']",xgb,0.3441607649265058,0.22945707489305125,0.9177786047460629,4.232362508773804,
datasets/adult.csv,rf,sex,10,15,1,0,"['standard', 'clustering']",rf,-0.07345705270097819,0.9471041363080027,0.8001900309060463,19.428418397903442,
datasets/adult.csv,lr,sex,10,15,1,0,"['oversampling', 'matching', 'min_max_scaling']",lr,-0.10557284344327683,0.9554794772797175,0.7443337903931638,19.144007682800293,
datasets/adult.csv,svc,sex,10,15,1,0,"['min_max_scaling', 'oversampling']",svc,-0.06324577190984665,0.8800130129491422,0.753521469129449,17.08819890022278,
datasets/adult.csv,xgb,sex,10,15,1,0,"['standard', 'min_max_scaling']",xgb,0.0011071121751212165,0.827432183657851,0.8296464080080934,14.459850072860718,
datasets/adult.csv,rf,sex,10,15,0,1,"['ipw', 'oversampling', 'matching', 'standard', 'min_max_scaling', 'stratified_sampling', 'clustering', 'undersampling']",rf,-0.019646576911062585,0.8860104943746964,0.8467173405525712,19.324376106262207,
datasets/adult.csv,lr,sex,10,15,0,1,"['oversampling', 'ipw', 'min_max_scaling', 'standard', 'clustering', 'undersampling', 'stratified_sampling']",lr,0.4099956004768543,0.1548823085247875,0.974873509478496,19.259010076522827,
datasets/adult.csv,svc,sex,10,15,0,1,"['min_max_scaling', 'stratified_sampling', 'undersampling', 'ipw', 'oversampling', 'clustering', 'standard', 'matching']",svc,-0.05865029306052377,0.8872866248578174,0.7699860387367699,17.09820294380188,
datasets/adult.csv,xgb,sex,10,15,0,1,"['stratified_sampling', 'matching', 'min_max_scaling', 'undersampling']",xgb,0.4151401147674059,0.14781678366958215,0.978097013204394,14.483935356140137,
datasets/adult.csv,rf,sex,10,15,0,0,"['matching', 'min_max_scaling', 'standard', 'ipw', 'undersampling']",rf,-0.07048166756374052,0.9235730782847736,0.7826097431572926,19.61488389968872,
datasets/adult.csv,lr,sex,10,15,0,0,"['stratified_sampling', 'matching', 'oversampling', 'clustering', 'undersampling', 'min_max_scaling']",lr,-0.10944595796667966,0.9734774409383751,0.7545855250050157,19.14341950416565,
datasets/adult.csv,svc,sex,10,15,0,0,"['ipw', 'clustering', 'oversampling', 'standard', 'undersampling', 'matching', 'stratified_sampling', 'min_max_scaling']",svc,-0.05865029306052377,0.8872866248578174,0.7699860387367699,17.108957767486572,
datasets/adult.csv,xgb,sex,10,15,0,0,['ipw'],xgb,0.0011071121751212165,0.827432183657851,0.8296464080080934,14.450253963470459,
datasets/adult.csv,rf,sex,20,5,0,0,"['ipw', 'undersampling', 'standard']",rf,-0.04982767922667003,0.8809254372174348,0.7812700787640947,12.294914245605469,
datasets/adult.csv,lr,sex,20,5,0,0,"['oversampling', 'matching', 'undersampling', 'min_max_scaling', 'stratified_sampling', 'ipw', 'clustering']",lr,-0.1281003028075609,0.9923317490417257,0.7361311434266039,12.09062933921814,
datasets/adult.csv,svc,sex,20,5,0,0,"['oversampling', 'min_max_scaling', 'ipw', 'stratified_sampling']",svc,-0.05890757797982532,0.8718376675331473,0.7540225115734966,10.114133834838867,
datasets/adult.csv,xgb,sex,20,5,0,0,"['ipw', 'matching', 'stratified_sampling', 'standard', 'clustering', 'min_max_scaling']",xgb,-0.014061113948786008,0.8433362727293795,0.8152140448318075,9.532687425613403,
datasets/adult.csv,rf,sex,10,15,1,1,"['undersampling', 'oversampling']",rf,0.43230432191192114,0.11852988963996026,0.9831385334638025,19.51096796989441,
datasets/adult.csv,lr,sex,10,15,1,1,"['ipw', 'undersampling', 'stratified_sampling']",lr,0.03455178448952467,0.3618550127666829,0.43095858174573226,19.254558324813843,
datasets/adult.csv,svc,sex,10,15,1,1,"['ipw', 'stratified_sampling', 'standard']",svc,0.41372653736818915,0.14738839249789956,0.9748414672342779,16.940818071365356,
datasets/adult.csv,xgb,sex,10,15,1,1,['stratified_sampling'],xgb,0.4108328857543313,0.15756689894821083,0.9792326704568735,14.603489398956299,
datasets/adult.csv,rf,sex,20,5,1,0,"['clustering', 'stratified_sampling']",rf,0.4206831377017727,0.13592929606679108,0.9772955714703364,12.267158269882202,
datasets/adult.csv,lr,sex,20,5,1,0,"['undersampling', 'min_max_scaling', 'oversampling']",lr,0.4148541998183094,0.14506310118048263,0.9747715008171014,12.035855293273926,
datasets/adult.csv,svc,sex,20,5,1,0,"['min_max_scaling', 'stratified_sampling', 'oversampling', 'matching']",svc,0.41385130559284455,0.14774696034363657,0.9754495715293257,10.027543783187866,
datasets/adult.csv,xgb,sex,20,5,1,0,"['min_max_scaling', 'clustering', 'stratified_sampling', 'matching']",xgb,0.411965125394538,0.15596073924005951,0.9798909900291355,9.575064182281494,
datasets/adult.csv,rf,sex,20,5,1,1,"['matching', 'stratified_sampling', 'undersampling']",rf,0.42068982498964536,0.13551046805361924,0.9768901180329099,12.402921915054321,
datasets/adult.csv,lr,sex,20,5,1,1,"['undersampling', 'matching', 'ipw', 'min_max_scaling', 'stratified_sampling']",lr,0.41011290006558593,0.15356803127332472,0.9737938314044966,12.00534439086914,
datasets/adult.csv,svc,sex,20,5,1,1,"['stratified_sampling', 'standard', 'matching']",svc,0.41330894298015386,0.14815259003438483,0.9747704759946926,10.026900291442871,
datasets/adult.csv,xgb,sex,20,5,1,1,"['min_max_scaling', 'ipw', 'undersampling', 'oversampling']",xgb,0.4242183189198951,0.13855788825860235,0.9869945260983926,9.572452068328857,
datasets/adult.csv,rf,sex,20,5,0,1,['matching'],rf,0.4172223161985724,0.13416241214898564,0.9686070445461304,12.54992389678955,
datasets/adult.csv,lr,sex,20,5,0,1,"['matching', 'clustering', 'stratified_sampling', 'ipw', 'standard', 'undersampling', 'min_max_scaling']",lr,0.4097204188800273,0.1548381912065769,0.9742790289666315,11.964502334594727,
datasets/adult.csv,svc,sex,20,5,0,1,"['matching', 'ipw', 'undersampling', 'standard', 'clustering', 'stratified_sampling', 'oversampling', 'min_max_scaling']",svc,-0.05865029306052377,0.8872866248578174,0.7699860387367699,10.028743505477905,
datasets/adult.csv,xgb,sex,20,5,0,1,"['stratified_sampling', 'min_max_scaling', 'matching']",xgb,0.411965125394538,0.15596073924005951,0.9798909900291355,9.677722930908203,
datasets/adult.csv,rf,sex,15,10,0,0,"['ipw', 'clustering', 'stratified_sampling', 'undersampling']",rf,-0.08598652853318123,0.9628805589659795,0.790907501899617,19.003352165222168,
datasets/adult.csv,lr,sex,15,10,0,0,"['stratified_sampling', 'clustering', 'min_max_scaling', 'undersampling', 'ipw']",lr,-0.10353250375390755,0.951514904222515,0.7444498967146999,19.422123908996582,
datasets/adult.csv,svc,sex,15,10,0,0,"['stratified_sampling', 'undersampling', 'min_max_scaling', 'standard', 'oversampling']",svc,-0.06163526370659822,0.8756358190919871,0.7523652916787906,16.58347988128662,
datasets/adult.csv,xgb,sex,15,10,0,0,['standard'],xgb,0.0011071121751212165,0.827432183657851,0.8296464080080934,14.569977521896362,
datasets/adult.csv,rf,sex,15,10,0,1,"['stratified_sampling', 'standard', 'undersampling', 'clustering', 'min_max_scaling', 'oversampling', 'matching']",rf,-0.0014717177427510109,0.8368440776210685,0.8339006421355665,18.90534806251526,
datasets/adult.csv,lr,sex,15,10,0,1,"['standard', 'min_max_scaling', 'stratified_sampling']",lr,0.41093672661382813,0.15287925779876124,0.9747527110264175,19.970892667770386,
datasets/adult.csv,svc,sex,15,10,0,1,"['ipw', 'matching', 'stratified_sampling', 'clustering', 'oversampling', 'standard', 'undersampling', 'min_max_scaling']",svc,-0.05865029306052377,0.8872866248578174,0.7699860387367699,16.12259578704834,
datasets/adult.csv,xgb,sex,15,10,0,1,['stratified_sampling'],xgb,0.4108328857543313,0.15756689894821083,0.9792326704568735,14.552329063415527,
datasets/adult.csv,rf,sex,15,10,1,0,"['clustering', 'ipw']",rf,-0.07519741629075055,0.9472369881992013,0.7968421556177002,19.009350776672363,
datasets/adult.csv,lr,sex,15,10,1,0,"['standard', 'min_max_scaling', 'stratified_sampling']",lr,0.41093672661382813,0.15287925779876124,0.9747527110264175,19.744889497756958,
datasets/adult.csv,svc,sex,15,10,1,0,"['min_max_scaling', 'oversampling']",svc,-0.06324577190984665,0.8800130129491422,0.753521469129449,16.22359585762024,
datasets/adult.csv,xgb,sex,15,10,1,0,['clustering'],xgb,0.0011071121751212165,0.827432183657851,0.8296464080080934,14.673811912536621,
datasets/adult.csv,rf,sex,15,10,1,1,['stratified_sampling'],rf,0.419817114892608,0.13763725569840535,0.9772714854836213,18.936983346939087,
datasets/adult.csv,lr,sex,15,10,1,1,"['matching', 'standard']",lr,0.4059649668699388,0.15390792867276612,0.9658378624126438,19.875590801239014,
datasets/adult.csv,svc,sex,15,10,1,1,"['matching', 'clustering', 'undersampling', 'stratified_sampling', 'min_max_scaling']",svc,0.41442551054225957,0.14492549293085066,0.9737765140153698,16.181400537490845,
datasets/adult.csv,xgb,sex,15,10,1,1,['stratified_sampling'],xgb,0.4108328857543313,0.15756689894821083,0.9792326704568735,14.532124996185303,
datasets/german.csv,rf,sex,5,15,0,0,"['ipw', 'standard', 'undersampling']",rf,0.16042022665823746,0.25849428237330485,0.5793347356897798,6.89581823348999,
datasets/german.csv,lr,sex,5,15,0,0,"['standard', 'min_max_scaling', 'oversampling', 'stratified_sampling', 'ipw']",lr,0.14235682364117552,0.34315507431857273,0.6278687216009238,6.602858543395996,
datasets/german.csv,svc,sex,5,15,0,0,"['clustering', 'min_max_scaling']",svc,0.19337929890562078,0.22034910670836402,0.6071077045196056,6.359944820404053,
datasets/german.csv,xgb,sex,5,15,0,0,"['stratified_sampling', 'clustering']",xgb,0.20327904325241342,0.1721783316510722,0.578736418155899,5.505984544754028,
datasets/german.csv,rf,sex,5,15,1,1,"['oversampling', 'stratified_sampling']",rf,0.34968946008958895,0.17134396424561374,0.8707228844247916,6.809952259063721,
datasets/german.csv,lr,sex,5,15,1,1,['standard'],lr,0.18569242458192514,0.23342352191533292,0.6048083710791832,6.614795207977295,
datasets/german.csv,svc,sex,5,15,1,1,['stratified_sampling'],svc,0.21429407196575084,0.19790005317312823,0.6264881971046299,6.360020875930786,
datasets/german.csv,xgb,sex,5,15,1,1,['matching'],xgb,0.3940532604884804,0.09754111987617979,0.8856476408531405,5.526838064193726,
datasets/german.csv,rf,sex,5,15,0,1,"['oversampling', 'undersampling', 'min_max_scaling']",rf,0.42357062013536095,0.13483053693102467,0.9819717772017466,6.910820007324219,
datasets/german.csv,lr,sex,5,15,0,1,"['ipw', 'min_max_scaling', 'matching', 'oversampling']",lr,0.20786401691415066,0.25756734317103097,0.6732953769993323,6.606927156448364,
datasets/german.csv,svc,sex,5,15,0,1,"['clustering', 'matching']",svc,0.38928390089571885,0.1087854760624305,0.8873532778538682,6.3530237674713135,
datasets/german.csv,xgb,sex,5,15,0,1,['matching'],xgb,0.3940532604884804,0.09754111987617979,0.8856476408531405,5.6048338413238525,
datasets/german.csv,rf,sex,5,15,1,0,"['undersampling', 'standard']",rf,0.16734539616337063,0.24465246624017248,0.5793432585669137,6.9713358879089355,
datasets/german.csv,lr,sex,5,15,1,0,"['ipw', 'min_max_scaling']",lr,0.18779556431334005,0.23067094774902597,0.6062620763757061,6.584716081619263,
datasets/german.csv,svc,sex,5,15,1,0,"['ipw', 'undersampling', 'clustering']",svc,0.17108547305292723,0.2615620449238227,0.6037329910296771,6.3647143840789795,
datasets/german.csv,xgb,sex,5,15,1,0,"['undersampling', 'ipw']",xgb,0.17340432365990893,0.2427543902630336,0.5895630375828514,5.550845384597778,
datasets/german.csv,rf,sex,10,5,0,0,"['ipw', 'clustering', 'standard', 'oversampling', 'min_max_scaling']",rf,0.3309034831118127,0.28640459720372824,0.9482115634273537,4.258336782455444,
datasets/german.csv,lr,sex,10,5,0,0,"['matching', 'clustering', 'ipw', 'stratified_sampling', 'min_max_scaling', 'oversampling', 'undersampling']",lr,0.1578394321936934,0.3612316421215498,0.6769105065089366,4.249899625778198,
datasets/german.csv,svc,sex,10,5,0,0,"['undersampling', 'stratified_sampling', 'ipw', 'min_max_scaling']",svc,0.16426985410623104,0.2747507226026911,0.6032904308151532,4.12404203414917,
datasets/german.csv,xgb,sex,10,5,0,0,"['undersampling', 'min_max_scaling']",xgb,0.17340432365990893,0.2427543902630336,0.5895630375828514,3.3798718452453613,
datasets/german.csv,rf,sex,10,5,0,1,"['undersampling', 'min_max_scaling', 'oversampling']",rf,0.42357062013536095,0.13483053693102467,0.9819717772017466,4.256501913070679,
datasets/german.csv,lr,sex,10,5,0,1,['matching'],lr,0.3701707549325245,0.0,0.740341509865049,4.24961256980896,
datasets/german.csv,svc,sex,10,5,0,1,['matching'],svc,0.3854769731754304,0.11625719845203453,0.8872111448028953,4.119176387786865,
datasets/german.csv,xgb,sex,10,5,0,1,"['stratified_sampling', 'clustering', 'undersampling', 'standard', 'min_max_scaling', 'oversampling']",xgb,0.4396302147176911,0.12073957056461782,1.0,3.4258832931518555,
datasets/german.csv,rf,sex,10,5,1,0,"['standard', 'stratified_sampling']",rf,0.20232039110849442,0.19973025397160712,0.604371036188596,4.236588001251221,
datasets/german.csv,lr,sex,10,5,1,0,"['clustering', 'stratified_sampling']",lr,,,0.3678643117156212,4.223484039306641,
datasets/german.csv,svc,sex,10,5,1,0,['standard'],svc,0.19686553556219705,0.21253887246303851,0.6062699435874326,4.107035398483276,
datasets/german.csv,xgb,sex,10,5,1,0,"['stratified_sampling', 'oversampling', 'matching']",xgb,0.3238869922149361,0.16668252569579875,0.814456510125671,3.4608876705169678,
datasets/german.csv,rf,sex,10,5,1,1,"['ipw', 'oversampling', 'undersampling']",rf,0.44694192629768004,0.07808142810662272,0.9719652807019828,4.196585655212402,
datasets/german.csv,lr,sex,10,5,1,1,"['oversampling', 'ipw']",lr,,,0.38364192955450144,4.237738370895386,
datasets/german.csv,svc,sex,10,5,1,1,"['matching', 'clustering']",svc,0.38928390089571885,0.1087854760624305,0.8873532778538682,4.095907926559448,
datasets/german.csv,xgb,sex,10,5,1,1,['matching'],xgb,0.3940532604884804,0.09754111987617979,0.8856476408531405,3.4949023723602295,
datasets/german.csv,rf,sex,5,20,0,1,"['oversampling', 'stratified_sampling']",rf,0.34968946008958895,0.17134396424561374,0.8707228844247916,9.003318071365356,
datasets/german.csv,lr,sex,5,20,0,1,"['standard', 'clustering', 'matching', 'ipw', 'stratified_sampling', 'oversampling']",lr,0.21760990082698367,0.2656600692501342,0.7008798709041015,8.702115774154663,
datasets/german.csv,svc,sex,5,20,0,1,"['clustering', 'matching']",svc,0.38928390089571885,0.1087854760624305,0.8873532778538682,7.5167152881622314,
datasets/german.csv,xgb,sex,5,20,0,1,"['ipw', 'clustering', 'undersampling', 'standard', 'stratified_sampling', 'min_max_scaling']",xgb,0.3977356111261645,0.07626544123962348,0.8717366634919526,6.848485946655273,
datasets/german.csv,rf,sex,5,20,1,0,"['undersampling', 'min_max_scaling']",rf,0.16094382682357958,0.25619560750447284,0.578083261151632,9.067556858062744,
datasets/german.csv,lr,sex,5,20,1,0,"['ipw', 'stratified_sampling']",lr,,,0.3658939810546421,8.603019952774048,
datasets/german.csv,svc,sex,5,20,1,0,"['undersampling', 'ipw']",svc,0.17317897196502194,0.25561607254854307,0.601974016478587,7.64190411567688,
datasets/german.csv,xgb,sex,5,20,1,0,"['undersampling', 'clustering']",xgb,0.17673285202267575,0.2453218251920121,0.5987875292373636,6.733282089233398,
datasets/german.csv,rf,sex,5,20,1,1,['standard'],rf,0.21060005349894423,0.18751639289097985,0.6087164998888683,8.956317663192749,
datasets/german.csv,lr,sex,5,20,1,1,['matching'],lr,0.3701707549325245,0.0,0.740341509865049,8.604255199432373,
datasets/german.csv,svc,sex,5,20,1,1,"['oversampling', 'clustering']",svc,0.23426653097129424,0.21433362515406174,0.6828666870966502,7.652904748916626,
datasets/german.csv,xgb,sex,5,20,1,1,"['oversampling', 'undersampling']",xgb,0.4184968173323795,0.1257128508587412,0.9627064855235001,6.814282655715942,
datasets/german.csv,rf,sex,5,20,0,0,['min_max_scaling'],rf,0.20571172044002567,0.1979065775907213,0.6093300184707726,9.022631406784058,
datasets/german.csv,lr,sex,5,20,0,0,"['ipw', 'standard', 'stratified_sampling', 'oversampling']",lr,0.1405044474595284,0.3480306036701717,0.6290394985892285,8.705118656158447,
datasets/german.csv,svc,sex,5,20,0,0,"['stratified_sampling', 'matching', 'oversampling', 'min_max_scaling', 'standard']",svc,0.21263280996349884,0.2714479872553916,0.6967136071823893,7.723040819168091,
datasets/german.csv,xgb,sex,5,20,0,0,"['min_max_scaling', 'ipw', 'stratified_sampling', 'undersampling']",xgb,0.20682006840225847,0.18551903816449408,0.599159174969011,6.8514111042022705,
datasets/adult.csv,rf,race,15,20,0,0,"['ipw', 'min_max_scaling', 'clustering', 'matching', 'stratified_sampling']",rf,0.291914570485549,0.1828952431610408,0.7667243841321387,35.43698501586914,
datasets/adult.csv,lr,race,15,20,0,0,"['ipw', 'matching', 'undersampling', 'stratified_sampling', 'oversampling']",lr,0.13615543540875194,0.12482096951534732,0.3971318403328512,40.10525941848755,
datasets/adult.csv,svc,race,15,20,0,0,"['ipw', 'undersampling', 'matching']",svc,0.14731681795890478,0.12990745242533633,0.42454108834314586,35.53044390678406,
datasets/adult.csv,xgb,race,15,20,0,0,"['matching', 'stratified_sampling', 'undersampling']",xgb,0.2939760034578679,0.1910365271348692,0.778988534050605,25.558831691741943,
datasets/adult.csv,rf,race,15,20,0,1,"['stratified_sampling', 'oversampling', 'clustering', 'matching', 'ipw']",rf,0.4665607999557356,0.053936223703982815,0.9870578236154539,34.902198791503906,
datasets/adult.csv,lr,race,15,20,0,1,"['ipw', 'undersampling', 'min_max_scaling', 'oversampling', 'stratified_sampling']",lr,0.44346833311646666,0.08710634073292549,0.9740430069658588,40.30214858055115,
datasets/adult.csv,svc,race,15,20,0,1,"['stratified_sampling', 'undersampling', 'matching', 'standard', 'ipw', 'min_max_scaling', 'oversampling', 'clustering']",svc,0.25716780509475534,0.2567216007208504,0.7710572109103611,35.186678886413574,
datasets/adult.csv,xgb,race,15,20,0,1,"['clustering', 'standard', 'ipw', 'min_max_scaling', 'undersampling']",xgb,0.44696905014360944,0.08344044550234853,0.9773785457895674,25.54239773750305,
datasets/adult.csv,rf,race,15,20,1,1,['oversampling'],rf,0.45982718307384557,0.06697370893059197,0.9866280750782831,34.96070885658264,
datasets/adult.csv,lr,race,15,20,1,1,['undersampling'],lr,0.4098107091217766,0.014997384587157707,0.8346188028307109,39.829222440719604,
datasets/adult.csv,svc,race,15,20,1,1,['undersampling'],svc,0.40607463230949725,0.014636143517287098,0.8267854081362817,35.527565240859985,
datasets/adult.csv,xgb,race,15,20,1,1,['oversampling'],xgb,0.4533975482814254,0.08538171480337375,0.9921768113662246,25.713810443878174,
datasets/adult.csv,rf,race,20,15,0,1,['undersampling'],rf,0.45625718264683324,0.06500087106626012,0.9775152363599267,34.59362006187439,
datasets/adult.csv,lr,race,20,15,0,1,"['clustering', 'matching', 'ipw', 'min_max_scaling']",lr,0.43526035366598187,0.0947457432509478,0.9652664505829115,39.96614623069763,
datasets/adult.csv,svc,race,20,15,0,1,"['matching', 'ipw', 'clustering', 'standard']",svc,0.4406168248729429,0.08447264369883178,0.9657062934447176,35.507563829422,
datasets/adult.csv,xgb,race,20,15,0,1,"['clustering', 'oversampling', 'standard', 'undersampling', 'ipw']",xgb,0.45321398084729725,0.0856769173501401,0.9921048790447345,25.72265863418579,
datasets/adult.csv,rf,race,15,20,1,0,['stratified_sampling'],rf,0.2998224349998778,0.16142805754472414,0.7610729275444797,35.19924521446228,
datasets/adult.csv,lr,race,15,20,1,0,"['clustering', 'stratified_sampling']",lr,0.14439840295801623,0.12240391503486388,0.4112007209508963,40.017000675201416,
datasets/adult.csv,svc,race,15,20,1,0,['stratified_sampling'],svc,0.15458198916919352,0.12277660497246971,0.4319405833108568,35.38841438293457,
datasets/adult.csv,xgb,race,15,20,1,0,"['stratified_sampling', 'matching']",xgb,0.2965653239308511,0.19900046180333522,0.7921311096650374,25.85066270828247,
datasets/adult.csv,rf,race,20,15,1,0,"['stratified_sampling', 'undersampling', 'standard', 'min_max_scaling']",rf,0.4581031378423206,0.0615936887571017,0.9777999644417429,34.75092315673828,
datasets/adult.csv,lr,race,20,15,1,0,"['undersampling', 'oversampling']",lr,0.14458195444000893,0.13335647792007263,0.4225203868000905,39.93937706947327,
datasets/adult.csv,svc,race,20,15,1,0,"['matching', 'undersampling']",svc,0.15531870489488833,0.10887610263787606,0.4195135124276527,35.510677337646484,
datasets/adult.csv,xgb,race,20,15,1,0,"['ipw', 'standard', 'undersampling']",xgb,0.44696905014360944,0.08344044550234853,0.9773785457895674,25.789391040802002,
datasets/adult.csv,rf,race,20,15,1,1,['oversampling'],rf,0.45982718307384557,0.06697370893059197,0.9866280750782831,35.06859731674194,
datasets/adult.csv,lr,race,20,15,1,1,"['ipw', 'clustering', 'stratified_sampling', 'min_max_scaling', 'undersampling']",lr,0.4479014212047339,0.07851956262620997,0.9743224050356778,40.07425260543823,
datasets/adult.csv,svc,race,20,15,1,1,"['min_max_scaling', 'undersampling']",svc,0.4481073664075169,0.07871815321630805,0.9749328860313419,35.295798778533936,
datasets/adult.csv,xgb,race,20,15,1,1,"['oversampling', 'ipw']",xgb,0.4533975482814254,0.08538171480337375,0.9921768113662246,25.792935132980347,
datasets/adult.csv,rf,race,20,15,0,0,"['stratified_sampling', 'clustering', 'undersampling', 'matching', 'standard']",rf,0.2890797395213883,0.18950325608786045,0.7676627351306371,35.4921088218689,
datasets/adult.csv,lr,race,20,15,0,0,"['clustering', 'oversampling', 'undersampling', 'stratified_sampling', 'ipw']",lr,0.1533609694683176,0.14062213447367455,0.44734407341030974,40.45367503166199,
datasets/adult.csv,svc,race,20,15,0,0,"['undersampling', 'ipw', 'stratified_sampling', 'clustering']",svc,0.15412020114852762,0.1217773247045933,0.43001772700164853,35.42745518684387,
datasets/adult.csv,xgb,race,20,15,0,0,"['matching', 'standard', 'undersampling', 'ipw']",xgb,0.28589783589001094,0.23087546242754886,0.8026711342075707,25.639883995056152,
datasets/adult.csv,rf,sex,10,20,1,1,['stratified_sampling'],rf,0.419817114892608,0.13763725569840535,0.9772714854836213,26.298020601272583,
datasets/adult.csv,lr,sex,10,20,1,1,"['undersampling', 'oversampling']",lr,0.40559185716379015,0.025060019476520368,0.8362437338041007,24.440266370773315,
datasets/adult.csv,svc,sex,10,20,1,1,"['min_max_scaling', 'ipw', 'stratified_sampling', 'clustering']",svc,0.41329709251420166,0.1483409841036337,0.974935169132037,19.633471250534058,
datasets/adult.csv,xgb,sex,10,20,1,1,['stratified_sampling'],xgb,0.4108328857543313,0.15756689894821083,0.9792326704568735,15.93205738067627,
datasets/adult.csv,rf,sex,10,20,0,0,"['standard', 'clustering', 'ipw', 'stratified_sampling', 'undersampling']",rf,-0.1032359633907326,1.000248826955916,0.7937769001744508,26.45237159729004,
datasets/adult.csv,lr,sex,10,20,0,0,"['standard', 'ipw', 'stratified_sampling', 'matching', 'undersampling', 'min_max_scaling', 'oversampling']",lr,-0.12474478537304629,1.0034746947268924,0.7539851239807999,24.602424383163452,
datasets/adult.csv,svc,sex,10,20,0,0,"['standard', 'oversampling', 'clustering', 'min_max_scaling']",svc,-0.07452182120494716,0.9075115887854363,0.7584679463755419,19.547472953796387,
datasets/adult.csv,xgb,sex,10,20,0,0,['standard'],xgb,0.0011071121751212165,0.827432183657851,0.8296464080080934,15.884024858474731,
datasets/adult.csv,rf,sex,10,20,1,0,"['clustering', 'ipw']",rf,-0.07519741629075055,0.9472369881992013,0.7968421556177002,26.64148235321045,
datasets/adult.csv,lr,sex,10,20,1,0,['min_max_scaling'],lr,-0.08879257450328015,0.9387149328479308,0.7611297838413705,24.28517246246338,
datasets/adult.csv,svc,sex,10,20,1,0,"['standard', 'oversampling', 'stratified_sampling', 'min_max_scaling']",svc,-0.021790054275787674,0.8186697834028166,0.7750896748512413,19.625468015670776,
datasets/adult.csv,xgb,sex,10,20,1,0,"['ipw', 'clustering']",xgb,0.0011071121751212165,0.827432183657851,0.8296464080080934,15.882027626037598,
datasets/adult.csv,rf,sex,10,20,0,1,"['undersampling', 'stratified_sampling', 'oversampling', 'standard', 'min_max_scaling', 'clustering', 'ipw', 'matching']",rf,-0.019646576911062585,0.8860104943746964,0.8467173405525712,26.280757665634155,
datasets/adult.csv,lr,sex,10,20,0,1,"['matching', 'ipw', 'undersampling', 'stratified_sampling', 'min_max_scaling']",lr,0.41011290006558593,0.15356803127332472,0.9737938314044966,24.675036907196045,
datasets/adult.csv,svc,sex,10,20,0,1,"['stratified_sampling', 'clustering', 'ipw', 'oversampling', 'matching', 'standard', 'undersampling', 'min_max_scaling']",svc,-0.05865029306052377,0.8872866248578174,0.7699860387367699,19.627464056015015,
datasets/adult.csv,xgb,sex,10,20,0,1,"['ipw', 'stratified_sampling', 'min_max_scaling', 'standard']",xgb,0.4108328857543313,0.15756689894821083,0.9792326704568735,15.985200881958008,
datasets/german.csv,rf,sex,15,5,0,0,"['ipw', 'undersampling', 'clustering', 'standard']",rf,0.13462948722402115,0.31678080868612485,0.5860397831341672,5.299126625061035,
datasets/german.csv,lr,sex,15,5,0,0,"['undersampling', 'oversampling', 'clustering', 'matching', 'ipw', 'min_max_scaling', 'stratified_sampling']",lr,0.1578394321936934,0.3612316421215498,0.6769105065089366,4.939476490020752,
datasets/german.csv,svc,sex,15,5,0,0,"['undersampling', 'min_max_scaling', 'clustering', 'standard']",svc,0.17326068892978969,0.2604475540967124,0.6069689319562918,5.3087968826293945,
datasets/german.csv,xgb,sex,15,5,0,0,['undersampling'],xgb,0.17340432365990893,0.2427543902630336,0.5895630375828514,3.6741247177124023,
datasets/german.csv,rf,sex,15,5,0,1,"['matching', 'min_max_scaling']",rf,0.4047665528754561,0.07921064762973791,0.8887437533806501,5.2284095287323,
datasets/german.csv,lr,sex,15,5,0,1,"['min_max_scaling', 'matching', 'undersampling']",lr,0.39534855359879073,0.10695847504136476,0.8976555822389463,4.940612077713013,
datasets/german.csv,svc,sex,15,5,0,1,['matching'],svc,0.3854769731754304,0.11625719845203453,0.8872111448028953,5.248956918716431,
datasets/german.csv,xgb,sex,15,5,0,1,['matching'],xgb,0.3940532604884804,0.09754111987617979,0.8856476408531405,3.7440450191497803,
datasets/german.csv,rf,sex,15,5,1,0,"['ipw', 'matching', 'standard', 'undersampling']",rf,0.20022135297915666,0.19243668451468335,0.5928793904729966,5.263280868530273,
datasets/german.csv,lr,sex,15,5,1,0,"['undersampling', 'matching', 'standard']",lr,0.3955900723006185,0.10551803308391171,0.8966981776851487,4.924655199050903,
datasets/german.csv,svc,sex,15,5,1,0,"['min_max_scaling', 'ipw']",svc,0.19698323793283595,0.2122269875800282,0.6061934634457001,5.23371696472168,
datasets/german.csv,xgb,sex,15,5,1,0,"['min_max_scaling', 'clustering']",xgb,0.2323720023992689,0.14468528081179383,0.6094292856103316,3.724182605743408,
datasets/german.csv,rf,sex,15,5,1,1,"['matching', 'min_max_scaling']",rf,0.4047665528754561,0.07921064762973791,0.8887437533806501,5.164064168930054,
datasets/german.csv,lr,sex,15,5,1,1,"['oversampling', 'min_max_scaling']",lr,0.191384649930856,0.2996508905002971,0.6824201903620091,4.938713312149048,
datasets/german.csv,svc,sex,15,5,1,1,"['ipw', 'matching']",svc,0.3838435364946351,0.11953451305435908,0.8872215860436293,5.200334548950195,
datasets/german.csv,xgb,sex,15,5,1,1,"['matching', 'ipw']",xgb,0.3940532604884804,0.09754111987617979,0.8856476408531405,3.7583749294281006,
datasets/german.csv,rf,sex,10,10,0,0,['ipw'],rf,0.1994428965791296,0.1979886214354372,0.5968744145936964,7.733533620834351,
datasets/german.csv,lr,sex,10,10,0,0,"['standard', 'undersampling', 'matching', 'oversampling', 'min_max_scaling', 'clustering']",lr,0.20901571220613524,0.22078525429796095,0.6388166787102314,6.802767515182495,
datasets/german.csv,svc,sex,10,10,0,0,"['undersampling', 'standard', 'matching', 'min_max_scaling', 'clustering', 'ipw', 'stratified_sampling']",svc,0.18672527540968192,0.22974494215813024,0.6031954929774941,6.408317804336548,
datasets/german.csv,xgb,sex,10,10,0,0,"['matching', 'standard', 'stratified_sampling']",xgb,0.1989388831576,0.17590428498248856,0.5737820512976886,4.96317720413208,
datasets/german.csv,rf,sex,10,10,0,1,['matching'],rf,0.4050695260327079,0.07817991476921783,0.8883189668346336,7.6855058670043945,
datasets/german.csv,lr,sex,10,10,0,1,"['matching', 'clustering', 'stratified_sampling', 'undersampling', 'ipw']",lr,,,0.38183142305345247,6.725522518157959,
datasets/german.csv,svc,sex,10,10,0,1,"['oversampling', 'ipw', 'undersampling']",svc,0.404688206328724,0.10338108548293486,0.9127574981403829,6.423295021057129,
datasets/german.csv,xgb,sex,10,10,0,1,['matching'],xgb,0.3940532604884804,0.09754111987617979,0.8856476408531405,5.044463872909546,
datasets/german.csv,rf,sex,10,10,1,1,"['clustering', 'matching']",rf,0.40732893990242847,0.07603357200841358,0.8906914518132705,7.640564918518066,
datasets/german.csv,lr,sex,10,10,1,1,"['undersampling', 'oversampling']",lr,0.3893210696037149,0.0,0.7786421392074298,6.793467283248901,
datasets/german.csv,svc,sex,10,10,1,1,['oversampling'],svc,0.22973517431023766,0.22439589097746415,0.6838662395979395,6.387315273284912,
datasets/german.csv,xgb,sex,10,10,1,1,['matching'],xgb,0.3940532604884804,0.09754111987617979,0.8856476408531405,5.029318809509277,
datasets/german.csv,rf,sex,10,10,1,0,"['stratified_sampling', 'standard']",rf,0.20232039110849442,0.19973025397160712,0.604371036188596,7.729563236236572,
datasets/german.csv,lr,sex,10,10,1,0,"['standard', 'oversampling']",lr,0.2146439999348849,0.2528084045403896,0.6820964044101594,6.793657302856445,
datasets/german.csv,svc,sex,10,10,1,0,"['standard', 'undersampling']",svc,0.17792322821908474,0.24156043182812936,0.5974068882662988,6.376123428344727,
datasets/german.csv,xgb,sex,10,10,1,0,"['stratified_sampling', 'ipw']",xgb,0.20327904325241342,0.1721783316510722,0.578736418155899,5.043319225311279,
datasets/adult.csv,rf,sex,20,10,0,0,"['undersampling', 'min_max_scaling', 'ipw', 'stratified_sampling']",rf,-0.08461905867697839,0.960934890952256,0.7916967735982993,24.27301001548767,
datasets/adult.csv,lr,sex,20,10,0,0,"['min_max_scaling', 'matching', 'undersampling', 'oversampling', 'clustering', 'ipw']",lr,-0.12701105309159488,1.0065498787761926,0.7525277725930029,19.604608297348022,
datasets/adult.csv,svc,sex,20,10,0,0,"['standard', 'undersampling', 'clustering', 'min_max_scaling', 'oversampling', 'ipw', 'matching']",svc,-0.06367889156349449,0.8810671867968597,0.7537094036698707,15.89817476272583,
datasets/adult.csv,xgb,sex,20,10,0,0,"['min_max_scaling', 'ipw']",xgb,0.0011071121751212165,0.827432183657851,0.8296464080080934,11.944269895553589,
datasets/german.csv,rf,age,5,5,0,0,"['min_max_scaling', 'clustering', 'stratified_sampling', 'undersampling', 'oversampling', 'matching', 'standard']",rf,-inf,inf,0.5282539682539682,1.3158435821533203,
datasets/german.csv,lr,age,5,5,0,0,"['clustering', 'oversampling', 'undersampling', 'ipw', 'stratified_sampling']",lr,,,0.30612554112554113,1.1935749053955078,
datasets/german.csv,svc,age,5,5,0,0,"['stratified_sampling', 'min_max_scaling', 'ipw', 'undersampling']",svc,-inf,inf,0.6822222222222223,1.21848726272583,
datasets/german.csv,xgb,age,5,5,0,0,"['standard', 'undersampling', 'stratified_sampling', 'clustering']",xgb,0.13587301587301587,0.36904761904761907,0.6407936507936508,1.2462646961212158,
datasets/german.csv,rf,age,5,5,0,1,['oversampling'],rf,0.4903288606769363,0.014688997186892242,0.9953467185407648,1.2859716415405273,
datasets/german.csv,lr,age,5,5,0,1,"['stratified_sampling', 'clustering', 'min_max_scaling', 'matching', 'oversampling', 'undersampling', 'standard', 'ipw']",lr,-inf,inf,0.766,1.196446418762207,
datasets/german.csv,svc,age,5,5,0,1,"['standard', 'min_max_scaling', 'ipw', 'undersampling', 'clustering']",svc,0.10347222222222216,0.3436507936507937,0.550595238095238,1.2214841842651367,
datasets/german.csv,xgb,age,5,5,0,1,"['stratified_sampling', 'oversampling', 'clustering', 'undersampling', 'ipw', 'min_max_scaling', 'matching']",xgb,0.4206625112366656,0.13000584511609334,0.9713308675894246,1.2652647495269775,
datasets/german.csv,rf,age,5,5,1,0,"['stratified_sampling', 'matching', 'oversampling', 'ipw']",rf,0.4298455897133383,0.12273764968423469,0.9824288291109113,1.2391149997711182,
datasets/german.csv,lr,age,5,5,1,0,"['undersampling', 'stratified_sampling']",lr,0.3789499587713873,0.0,0.7578999175427746,1.200305700302124,
datasets/german.csv,svc,age,5,5,1,0,"['ipw', 'undersampling']",svc,0.048172398589065274,0.4298059964726631,0.5261507936507936,1.2234861850738525,
datasets/german.csv,xgb,age,5,5,1,0,"['undersampling', 'clustering']",xgb,0.03747354497354491,0.4767195767195768,0.5516666666666666,1.2999215126037598,
datasets/german.csv,rf,age,5,5,1,1,"['oversampling', 'standard']",rf,0.4897837374701883,0.01578244931914524,0.9953499242595217,1.2361125946044922,
datasets/german.csv,lr,age,5,5,1,1,['stratified_sampling'],lr,,,0.32242712842712845,1.1993043422698975,
datasets/german.csv,svc,age,5,5,1,1,"['matching', 'clustering']",svc,0.38588763968443174,0.11634638598021003,0.8881216653490736,1.2184841632843018,
datasets/german.csv,xgb,age,5,5,1,1,"['stratified_sampling', 'oversampling', 'ipw']",xgb,0.42287587172364627,0.13485460550747852,0.9806063489547711,1.308922290802002,
datasets/adult.csv,rf,sex,20,10,1,0,"['clustering', 'ipw']",rf,-0.07519741629075055,0.9472369881992013,0.7968421556177002,24.25085139274597,
datasets/adult.csv,lr,sex,20,10,1,0,"['min_max_scaling', 'undersampling']",lr,-0.09780495540282114,0.9390384937831197,0.7434285829774774,19.64056372642517,
datasets/adult.csv,svc,sex,20,10,1,0,"['min_max_scaling', 'oversampling']",svc,-0.06324577190984665,0.8800130129491422,0.753521469129449,15.812949657440186,
datasets/adult.csv,xgb,sex,20,10,1,0,['ipw'],xgb,0.0011071121751212165,0.827432183657851,0.8296464080080934,11.990755081176758,
datasets/adult.csv,rf,sex,20,10,0,1,['stratified_sampling'],rf,0.419817114892608,0.13763725569840535,0.9772714854836213,24.33329677581787,
datasets/adult.csv,lr,sex,20,10,0,1,"['oversampling', 'min_max_scaling', 'standard', 'stratified_sampling', 'undersampling', 'ipw']",lr,0.4099956004768543,0.1548823085247875,0.974873509478496,19.746716022491455,
datasets/adult.csv,svc,sex,20,10,0,1,"['ipw', 'standard', 'min_max_scaling', 'undersampling', 'clustering', 'oversampling']",svc,0.4200752570092226,0.13529019795403682,0.975440711972482,15.968065023422241,
datasets/adult.csv,xgb,sex,20,10,0,1,"['stratified_sampling', 'standard', 'clustering']",xgb,0.4138332847115644,0.15151331959206685,0.9791798890151956,11.981983423233032,
datasets/adult.csv,rf,sex,20,10,1,1,"['min_max_scaling', 'ipw', 'stratified_sampling', 'matching']",rf,0.4205645926164995,0.13583793204542877,0.9769671172784278,24.142273426055908,
datasets/adult.csv,lr,sex,20,10,1,1,"['stratified_sampling', 'standard']",lr,0.4109282426961045,0.1529420990330013,0.9747985844252103,19.504815101623535,
datasets/adult.csv,svc,sex,20,10,1,1,"['standard', 'matching', 'ipw']",svc,0.409246471053108,0.1471576959415191,0.9656506380477351,15.88391637802124,
datasets/adult.csv,xgb,sex,20,10,1,1,"['clustering', 'stratified_sampling']",xgb,0.4108328898481234,0.15756689894821083,0.9792326786444576,12.0079927444458,
datasets/adult.csv,rf,sex,15,15,0,1,"['clustering', 'min_max_scaling', 'matching', 'ipw', 'standard', 'oversampling', 'stratified_sampling', 'undersampling']",rf,-0.019646576911062585,0.8860104943746964,0.8467173405525712,28.65748143196106,
datasets/adult.csv,lr,sex,15,15,0,1,"['ipw', 'oversampling', 'clustering', 'undersampling', 'stratified_sampling', 'matching']",lr,0.032631697034435886,0.35648294285881965,0.4217463369276914,23.07874083518982,
datasets/adult.csv,svc,sex,15,15,0,1,"['clustering', 'min_max_scaling', 'matching', 'standard', 'undersampling', 'stratified_sampling', 'ipw', 'oversampling']",svc,-0.05865029306052377,0.8872866248578174,0.7699860387367699,18.57262086868286,
datasets/adult.csv,xgb,sex,15,15,0,1,['stratified_sampling'],xgb,0.4108328857543313,0.15756689894821083,0.9792326704568735,13.969181537628174,
datasets/adult.csv,rf,sex,15,15,1,1,"['oversampling', 'undersampling']",rf,0.43230432191192114,0.11852988963996026,0.9831385334638025,28.509225368499756,
datasets/adult.csv,lr,sex,15,15,1,1,"['matching', 'standard', 'clustering', 'ipw']",lr,0.4062556603246053,0.15336322674513772,0.9658745473943483,23.084739208221436,
datasets/adult.csv,svc,sex,15,15,1,1,"['stratified_sampling', 'min_max_scaling']",svc,0.41320048943565657,0.14853482436255952,0.9749358032338726,18.618754148483276,
datasets/adult.csv,xgb,sex,15,15,1,1,"['stratified_sampling', 'ipw', 'matching']",xgb,0.411965125394538,0.15596073924005951,0.9798909900291355,13.971047639846802,
datasets/adult.csv,rf,sex,15,15,0,0,"['min_max_scaling', 'stratified_sampling', 'undersampling', 'standard', 'oversampling', 'ipw', 'matching']",rf,-0.08850380350661657,1.0160237945101478,0.8390161874969146,28.81860661506653,
datasets/adult.csv,lr,sex,15,15,0,0,['min_max_scaling'],lr,-0.08879257450328015,0.9387149328479308,0.7611297838413705,22.98460078239441,
datasets/adult.csv,svc,sex,15,15,0,0,"['stratified_sampling', 'min_max_scaling', 'oversampling']",svc,-0.05969744341880162,0.8734025160865722,0.7540076292489689,18.634763479232788,
datasets/adult.csv,xgb,sex,15,15,0,0,"['clustering', 'standard', 'ipw', 'min_max_scaling', 'matching', 'undersampling']",xgb,0.004625196542811627,0.8066153344023541,0.8158657274879774,14.106450319290161,
datasets/adult.csv,rf,sex,15,15,1,0,"['clustering', 'undersampling']",rf,-0.05163684702846205,0.8859888939326432,0.7827151998757191,28.605483055114746,
datasets/adult.csv,lr,sex,15,15,1,0,"['min_max_scaling', 'oversampling']",lr,-0.0993310063944251,0.9430894455229847,0.7444274327341345,23.099741220474243,
datasets/adult.csv,svc,sex,15,15,1,0,"['standard', 'undersampling']",svc,-0.029318249686965447,0.8192491116135985,0.7606126122396676,18.630903482437134,
datasets/adult.csv,xgb,sex,15,15,1,0,"['min_max_scaling', 'ipw']",xgb,0.0011071121751212165,0.827432183657851,0.8296464080080934,14.057305574417114,
datasets/german.csv,rf,sex,10,15,1,0,"['min_max_scaling', 'undersampling']",rf,0.16094382682357958,0.25619560750447284,0.578083261151632,10.447713136672974,
datasets/german.csv,lr,sex,10,15,1,0,"['min_max_scaling', 'stratified_sampling']",lr,0.1854668074949381,0.24561602615519207,0.6165496411450683,9.130577802658081,
datasets/german.csv,svc,sex,10,15,1,0,"['stratified_sampling', 'ipw']",svc,0.20260383191454218,0.2204083045279838,0.6256159683570681,7.463198661804199,
datasets/german.csv,xgb,sex,10,15,1,0,"['ipw', 'undersampling']",xgb,0.17340432365990893,0.2427543902630336,0.5895630375828514,6.406174182891846,
datasets/german.csv,rf,sex,10,15,0,0,['standard'],rf,0.21060005349894423,0.18751639289097985,0.6087164998888683,10.510716676712036,
datasets/german.csv,lr,sex,10,15,0,0,"['min_max_scaling', 'undersampling']",lr,0.16039131077886373,0.28418024840489314,0.6049628699626206,9.118573904037476,
datasets/german.csv,svc,sex,10,15,0,0,['min_max_scaling'],svc,0.19698079665222934,0.2122269875800282,0.6061885808844869,7.5114312171936035,
datasets/german.csv,xgb,sex,10,15,0,0,"['ipw', 'clustering', 'matching', 'stratified_sampling']",xgb,0.1989388831576,0.17590428498248856,0.5737820512976886,6.409311532974243,
datasets/german.csv,rf,sex,10,15,1,1,['matching'],rf,0.4050695260327079,0.07817991476921783,0.8883189668346336,10.473716259002686,
datasets/german.csv,lr,sex,10,15,1,1,['matching'],lr,0.3701707549325245,0.0,0.740341509865049,9.104575634002686,
datasets/german.csv,svc,sex,10,15,1,1,['matching'],svc,0.3854769731754304,0.11625719845203453,0.8872111448028953,7.508366107940674,
datasets/german.csv,xgb,sex,10,15,1,1,['matching'],xgb,0.3940532604884804,0.09754111987617979,0.8856476408531405,6.443145751953125,
datasets/german.csv,rf,sex,10,15,0,1,"['clustering', 'matching']",rf,0.40732893990242847,0.07603357200841358,0.8906914518132705,10.508716344833374,
datasets/german.csv,lr,sex,10,15,0,1,"['min_max_scaling', 'oversampling', 'stratified_sampling', 'clustering', 'undersampling', 'standard']",lr,0.34138654662433765,0.22522470807505732,0.9079978013237326,9.168575763702393,
datasets/german.csv,svc,sex,10,15,0,1,['matching'],svc,0.3854769731754304,0.11625719845203453,0.8872111448028953,7.510461091995239,
datasets/german.csv,xgb,sex,10,15,0,1,"['undersampling', 'matching', 'ipw']",xgb,0.3799154136384374,0.1300587918496031,0.8898896191264779,6.459050416946411,
datasets/german.csv,rf,sex,20,5,0,0,"['undersampling', 'min_max_scaling', 'standard']",rf,0.16734539616337063,0.24465246624017248,0.5793432585669137,5.45210862159729,
datasets/german.csv,lr,sex,20,5,0,0,"['ipw', 'undersampling', 'oversampling', 'matching', 'stratified_sampling', 'clustering', 'standard']",lr,0.15696104966792568,0.3516862743750673,0.6656083737109186,4.978087663650513,
datasets/german.csv,svc,sex,20,5,0,0,['undersampling'],svc,0.18500393882503824,0.23583880680353542,0.6058466844536119,4.804107666015625,
datasets/german.csv,xgb,sex,20,5,0,0,"['stratified_sampling', 'ipw', 'standard', 'undersampling', 'matching', 'clustering']",xgb,0.19906110043599828,0.1855625980281226,0.5836847989001192,3.9248547554016113,
datasets/german.csv,rf,sex,20,5,0,1,['matching'],rf,0.4050695260327079,0.07817991476921783,0.8883189668346336,5.423109531402588,
datasets/german.csv,lr,sex,20,5,0,1,"['min_max_scaling', 'stratified_sampling', 'oversampling']",lr,0.4013631946802725,0.11327611283929685,0.9160025021998418,4.973351240158081,
datasets/german.csv,svc,sex,20,5,0,1,"['standard', 'min_max_scaling', 'matching']",svc,0.38358539929951774,0.12017646578764846,0.887347264386684,4.793874740600586,
datasets/german.csv,xgb,sex,20,5,0,1,"['standard', 'matching', 'oversampling', 'min_max_scaling', 'ipw', 'undersampling']",xgb,0.4225090583705925,0.11827715239866843,0.9632952691398534,3.956054925918579,
datasets/german.csv,rf,sex,20,5,1,1,"['undersampling', 'ipw', 'standard', 'oversampling']",rf,0.4468788306630206,0.07808142810662272,0.9718390894326638,5.3737146854400635,
datasets/german.csv,lr,sex,20,5,1,1,"['standard', 'clustering', 'undersampling']",lr,0.44217767580583367,0.11059717142225493,0.9949525230339222,4.9230663776397705,
datasets/german.csv,svc,sex,20,5,1,1,"['ipw', 'standard', 'matching', 'undersampling', 'min_max_scaling']",svc,0.3921505110640769,0.11154942400781909,0.8958504461359729,4.775684595108032,
datasets/german.csv,xgb,sex,20,5,1,1,['matching'],xgb,0.3940532604884804,0.09754111987617979,0.8856476408531405,3.9879355430603027,
datasets/german.csv,rf,sex,20,5,1,0,"['undersampling', 'standard']",rf,0.16734539616337063,0.24465246624017248,0.5793432585669137,5.404451370239258,
datasets/german.csv,lr,sex,20,5,1,0,"['min_max_scaling', 'ipw']",lr,0.18779556431334005,0.23067094774902597,0.6062620763757061,4.926065683364868,
datasets/german.csv,svc,sex,20,5,1,0,"['standard', 'matching']",svc,0.38358539929951774,0.12017646578764846,0.887347264386684,4.780684947967529,
datasets/german.csv,xgb,sex,20,5,1,0,"['standard', 'matching']",xgb,0.3940532604884804,0.09754111987617979,0.8856476408531405,4.003935098648071,
datasets/german.csv,rf,age,5,10,0,0,"['ipw', 'oversampling', 'undersampling', 'matching', 'clustering', 'standard']",rf,0.1221090153233011,0.5050264550264549,0.7492444856730571,2.3279337882995605,
datasets/german.csv,lr,age,5,10,0,0,"['matching', 'min_max_scaling', 'oversampling', 'standard', 'stratified_sampling', 'clustering', 'undersampling', 'ipw']",lr,-inf,inf,0.766,1.9253807067871094,
datasets/german.csv,svc,age,5,10,0,0,"['clustering', 'undersampling']",svc,-inf,inf,0.5189285714285714,2.066554069519043,
datasets/german.csv,xgb,age,5,10,0,0,"['ipw', 'undersampling', 'min_max_scaling', 'oversampling', 'stratified_sampling']",xgb,-inf,inf,0.44849927849927845,1.9598121643066406,
datasets/german.csv,rf,age,5,10,0,1,"['min_max_scaling', 'standard', 'oversampling', 'matching', 'ipw', 'clustering', 'stratified_sampling']",rf,0.19786435786435788,0.3547619047619048,0.7504906204906205,2.2850887775421143,
datasets/german.csv,lr,age,5,10,0,1,"['standard', 'matching', 'oversampling', 'undersampling', 'ipw', 'min_max_scaling', 'stratified_sampling', 'clustering']",lr,-inf,inf,0.766,1.9163694381713867,
datasets/german.csv,svc,age,5,10,0,1,"['ipw', 'matching', 'undersampling', 'clustering', 'stratified_sampling']",svc,0.3286973590783115,0.2406296296296296,0.8980243477862526,2.105541944503784,
datasets/german.csv,xgb,age,5,10,0,1,"['oversampling', 'standard', 'clustering', 'matching']",xgb,0.4408820965634921,0.09507517398947328,0.9768393671164575,1.9376802444458008,
datasets/german.csv,rf,age,5,10,1,0,"['standard', 'undersampling']",rf,-inf,inf,0.6585714285714286,2.2660882472991943,
datasets/german.csv,lr,age,5,10,1,0,"['min_max_scaling', 'oversampling', 'undersampling', 'stratified_sampling']",lr,-0.012341269841269875,0.7277777777777779,0.7030952380952381,1.9143729209899902,
datasets/german.csv,svc,age,5,10,1,0,"['oversampling', 'min_max_scaling', 'standard']",svc,0.42646125206996055,0.08182996718862467,0.9347524713285458,2.120540142059326,
datasets/german.csv,xgb,age,5,10,1,0,"['standard', 'ipw', 'stratified_sampling']",xgb,-inf,inf,0.45233333333333337,1.9618279933929443,
datasets/german.csv,rf,age,5,10,1,1,['matching'],rf,0.4160703111177943,0.05346028228466821,0.8856009045202569,2.2185513973236084,
datasets/german.csv,lr,age,5,10,1,1,"['ipw', 'min_max_scaling', 'standard', 'stratified_sampling']",lr,0.09029924242424245,0.39999999999999997,0.5805984848484849,1.911412000656128,
datasets/german.csv,svc,age,5,10,1,1,"['standard', 'matching', 'min_max_scaling']",svc,0.3879014135245472,0.11146052271466807,0.8872633497637625,2.122411012649536,
datasets/german.csv,xgb,age,5,10,1,1,"['min_max_scaling', 'clustering']",xgb,0.2171241983750768,0.1823127142038242,0.6165611109539778,1.9849660396575928,
datasets/german.csv,rf,sex,15,10,0,0,"['min_max_scaling', 'ipw']",rf,0.19226991135451116,0.21187929721620238,0.5964191199252247,10.440430164337158,
datasets/german.csv,lr,sex,15,10,0,0,"['clustering', 'ipw']",lr,-inf,inf,0.37326963467376495,7.747718095779419,
datasets/german.csv,svc,sex,15,10,0,0,"['oversampling', 'stratified_sampling', 'standard']",svc,0.17565706319897062,0.29058267383240544,0.6418968002303467,7.141373634338379,
datasets/german.csv,xgb,sex,15,10,0,0,"['clustering', 'matching', 'ipw', 'standard', 'undersampling', 'stratified_sampling']",xgb,0.19906110043599828,0.1855625980281226,0.5836847989001192,6.047112941741943,
datasets/german.csv,rf,sex,15,10,0,1,"['oversampling', 'undersampling']",rf,0.4242162982356225,0.13352253448708887,0.9819551309583339,10.403525829315186,
datasets/german.csv,lr,sex,15,10,0,1,"['matching', 'min_max_scaling', 'undersampling']",lr,0.39534855359879073,0.10695847504136476,0.8976555822389463,7.732573747634888,
datasets/german.csv,svc,sex,15,10,0,1,"['matching', 'standard']",svc,0.38358539929951774,0.12017646578764846,0.887347264386684,7.163471698760986,
datasets/german.csv,xgb,sex,15,10,0,1,"['stratified_sampling', 'clustering', 'standard', 'min_max_scaling', 'undersampling']",xgb,0.3977356111261645,0.07626544123962348,0.8717366634919526,6.077383041381836,
datasets/german.csv,rf,sex,15,10,1,1,"['stratified_sampling', 'min_max_scaling', 'oversampling']",rf,0.42808914170346457,0.12675368154481875,0.982931964951748,10.35435152053833,
datasets/german.csv,lr,sex,15,10,1,1,"['undersampling', 'oversampling']",lr,0.3893210696037149,0.0,0.7786421392074298,7.722734451293945,
datasets/german.csv,svc,sex,15,10,1,1,"['undersampling', 'stratified_sampling']",svc,0.373845613914273,0.12217745795776712,0.8698686857863132,7.157419919967651,
datasets/german.csv,xgb,sex,15,10,1,1,['matching'],xgb,0.3940532604884804,0.09754111987617979,0.8856476408531405,6.10952353477478,
datasets/german.csv,rf,sex,15,10,1,0,"['clustering', 'undersampling']",rf,0.14074052515441324,0.27215126662786654,0.553632316936693,10.395524740219116,
datasets/german.csv,lr,sex,15,10,1,0,['ipw'],lr,-inf,inf,0.3733429292948032,7.7127368450164795,
datasets/german.csv,svc,sex,15,10,1,0,"['undersampling', 'ipw']",svc,0.17317897196502194,0.25561607254854307,0.601974016478587,7.156310558319092,
datasets/german.csv,xgb,sex,15,10,1,0,['undersampling'],xgb,0.17340432365990893,0.2427543902630336,0.5895630375828514,6.166776895523071,
datasets/adult.csv,rf,race,20,20,0,1,"['standard', 'clustering', 'oversampling']",rf,0.46005208782377294,0.06657732767650816,0.986681503324054,47.878703594207764,
datasets/adult.csv,lr,race,20,20,0,1,"['standard', 'min_max_scaling', 'ipw', 'clustering', 'undersampling']",lr,0.4472498828120731,0.07830408328925789,0.9728038489134041,52.29492402076721,
datasets/adult.csv,svc,race,20,20,0,1,"['undersampling', 'standard', 'ipw', 'clustering', 'stratified_sampling', 'oversampling', 'min_max_scaling', 'matching']",svc,0.25716780509475534,0.2567216007208504,0.7710572109103611,36.0168194770813,
datasets/adult.csv,xgb,race,20,20,0,1,"['ipw', 'undersampling', 'standard', 'clustering']",xgb,0.4483414454883034,0.0811159955213576,0.9777988864979644,22.3791024684906,
datasets/adult.csv,rf,race,20,20,1,0,"['clustering', 'undersampling']",rf,0.45866682388437124,0.060558873540975354,0.9778925213097178,48.21406817436218,
datasets/adult.csv,lr,race,20,20,1,0,"['undersampling', 'clustering']",lr,0.4098107091217766,0.014997384587157707,0.8346188028307109,51.98268413543701,
datasets/adult.csv,svc,race,20,20,1,0,['stratified_sampling'],svc,0.15458198916919352,0.12277660497246971,0.4319405833108568,35.95772981643677,
datasets/adult.csv,xgb,race,20,20,1,0,['stratified_sampling'],xgb,0.29627832036570206,0.19056385782622667,0.7831204985576308,22.40446925163269,
datasets/adult.csv,rf,race,20,20,1,1,['oversampling'],rf,0.45982718307384557,0.06697370893059197,0.9866280750782831,48.02793741226196,
datasets/adult.csv,lr,race,20,20,1,1,"['undersampling', 'min_max_scaling']",lr,0.44780767694639095,0.07838561370160664,0.9740009675943886,52.130645751953125,
datasets/adult.csv,svc,race,20,20,1,1,['undersampling'],svc,0.40607463230949725,0.014636143517287098,0.8267854081362817,35.984898805618286,
datasets/adult.csv,xgb,race,20,20,1,1,['oversampling'],xgb,0.4533975482814254,0.08538171480337375,0.9921768113662246,22.46446943283081,
datasets/adult.csv,rf,race,20,20,0,0,"['ipw', 'undersampling', 'matching', 'stratified_sampling']",rf,0.2897649075326886,0.18806956338355793,0.7675993784489351,48.6185142993927,
datasets/adult.csv,lr,race,20,20,0,0,"['stratified_sampling', 'undersampling', 'clustering', 'oversampling', 'matching']",lr,0.13615543540875194,0.12482096951534732,0.3971318403328512,52.17530131340027,
datasets/adult.csv,svc,race,20,20,0,0,"['ipw', 'stratified_sampling', 'clustering']",svc,0.1563040403542774,0.12000992831694113,0.4326180090254959,35.56779670715332,
datasets/adult.csv,xgb,race,20,20,0,0,"['clustering', 'matching', 'ipw', 'min_max_scaling', 'undersampling', 'stratified_sampling']",xgb,0.2944452196742806,0.18732672826850982,0.776217167617071,22.35984754562378,
datasets/german.csv,rf,age,5,15,0,0,"['stratified_sampling', 'undersampling', 'matching', 'standard', 'oversampling']",rf,-0.0027344877344877005,0.5305555555555556,0.5250865800865802,3.1710007190704346,
datasets/german.csv,lr,age,5,15,0,0,"['undersampling', 'standard', 'clustering', 'ipw', 'oversampling', 'min_max_scaling']",lr,-inf,inf,0.5492929292929293,3.082383871078491,
datasets/german.csv,svc,age,5,15,0,0,"['matching', 'oversampling', 'undersampling', 'standard', 'ipw']",svc,0.018379028379028384,0.6783068783068783,0.7150649350649351,3.0312163829803467,
datasets/german.csv,xgb,age,5,15,0,0,"['stratified_sampling', 'oversampling', 'clustering', 'min_max_scaling', 'ipw']",xgb,-inf,inf,0.6507936507936508,2.7055368423461914,
datasets/german.csv,rf,age,5,15,0,1,"['standard', 'ipw', 'matching', 'stratified_sampling', 'min_max_scaling', 'clustering', 'oversampling']",rf,0.19786435786435788,0.3547619047619048,0.7504906204906205,3.1358907222747803,
datasets/german.csv,lr,age,5,15,0,1,"['min_max_scaling', 'undersampling', 'matching', 'stratified_sampling', 'standard', 'oversampling', 'ipw', 'clustering']",lr,-inf,inf,0.766,3.0823822021484375,
datasets/german.csv,svc,age,5,15,0,1,"['stratified_sampling', 'clustering', 'oversampling', 'ipw', 'undersampling', 'matching', 'min_max_scaling']",svc,-inf,inf,0.4684199134199134,3.0733985900878906,
datasets/german.csv,xgb,age,5,15,0,1,['matching'],xgb,0.39311258678830896,0.10061438017165851,0.8868395537482764,2.7279810905456543,
datasets/german.csv,rf,age,5,15,1,0,"['min_max_scaling', 'ipw']",rf,0.15421814034616202,0.28167096622707216,0.5901072469193962,3.0867791175842285,
datasets/german.csv,lr,age,5,15,1,0,"['stratified_sampling', 'matching', 'undersampling']",lr,0.3684306214068119,0.0,0.7368612428136238,3.072251796722412,
datasets/german.csv,svc,age,5,15,1,0,"['oversampling', 'clustering', 'undersampling']",svc,-0.05373280423280419,0.6195767195767196,0.5121111111111112,3.0752952098846436,
datasets/german.csv,xgb,age,5,15,1,0,"['ipw', 'undersampling']",xgb,0.07265873015873012,0.4063492063492064,0.5516666666666666,2.7430310249328613,
datasets/german.csv,rf,age,5,15,1,1,"['oversampling', 'standard', 'matching', 'undersampling']",rf,0.4236583226177707,0.12810404090949035,0.9754206861450317,3.035651683807373,
datasets/german.csv,lr,age,5,15,1,1,['oversampling'],lr,0.37457991776737154,0.07395286396392038,0.8231126994986635,3.075618267059326,
datasets/german.csv,svc,age,5,15,1,1,"['clustering', 'oversampling', 'ipw']",svc,0.4315709711484481,0.07493866753797902,0.9380806098348753,3.084357738494873,
datasets/german.csv,xgb,age,5,15,1,1,"['stratified_sampling', 'undersampling']",xgb,0.3239603518174947,0.14166666666666666,0.789587370301656,2.744044542312622,
datasets/german.csv,rf,age,10,5,0,0,"['min_max_scaling', 'undersampling']",rf,-inf,inf,0.6485714285714285,2.109342336654663,
datasets/german.csv,lr,age,10,5,0,0,['clustering'],lr,-inf,inf,0.373318596137935,2.0981533527374268,
datasets/german.csv,svc,age,10,5,0,0,"['matching', 'clustering', 'stratified_sampling']",svc,-inf,inf,0.5578571428571429,1.8491315841674805,
datasets/german.csv,xgb,age,10,5,0,0,"['undersampling', 'oversampling', 'standard', 'stratified_sampling', 'min_max_scaling', 'ipw', 'matching']",xgb,-inf,inf,0.5083088023088023,1.7653212547302246,
datasets/german.csv,rf,age,10,5,0,1,"['min_max_scaling', 'standard', 'ipw', 'matching', 'oversampling', 'clustering']",rf,0.4387041685204957,0.10093582050777568,0.9783441575487671,2.0792055130004883,
datasets/german.csv,lr,age,10,5,0,1,"['oversampling', 'matching', 'stratified_sampling', 'standard', 'clustering', 'min_max_scaling', 'ipw', 'undersampling']",lr,-inf,inf,0.766,2.112349033355713,
datasets/german.csv,svc,age,10,5,0,1,"['standard', 'oversampling', 'min_max_scaling', 'stratified_sampling', 'ipw', 'undersampling']",svc,0.4355258451440302,0.06363058432148613,0.9346822746095466,1.8270585536956787,
datasets/german.csv,xgb,age,10,5,0,1,"['stratified_sampling', 'matching', 'min_max_scaling', 'undersampling', 'oversampling', 'ipw', 'clustering']",xgb,0.4206625112366656,0.13000584511609334,0.9713308675894246,1.7876451015472412,
datasets/german.csv,rf,age,10,5,1,0,"['clustering', 'standard', 'min_max_scaling']",rf,0.13901831317566682,0.3241641868599635,0.6022008132112971,2.0522046089172363,
datasets/german.csv,lr,age,10,5,1,0,"['undersampling', 'stratified_sampling', 'oversampling']",lr,,,0.32223665223665227,2.1113498210906982,
datasets/german.csv,svc,age,10,5,1,0,"['undersampling', 'standard', 'matching', 'min_max_scaling', 'clustering']",svc,0.0867222222222222,0.5388888888888889,0.7123333333333333,1.8230595588684082,
datasets/german.csv,xgb,age,10,5,1,0,"['matching', 'min_max_scaling']",xgb,0.39311258678830896,0.10061438017165851,0.8868395537482764,1.816786289215088,
datasets/german.csv,rf,age,10,5,1,1,['oversampling'],rf,0.4903288606769363,0.014688997186892242,0.9953467185407648,2.0260181427001953,
datasets/german.csv,lr,age,10,5,1,1,"['matching', 'min_max_scaling', 'ipw']",lr,0.41265393751831725,0.0,0.8253078750366345,2.1122167110443115,
datasets/german.csv,svc,age,10,5,1,1,"['standard', 'undersampling', 'matching', 'clustering']",svc,0.28500104216770883,0.273936507936508,0.8439385922719257,1.8211772441864014,
datasets/german.csv,xgb,age,10,5,1,1,"['matching', 'oversampling', 'min_max_scaling']",xgb,0.4408888579929784,0.09507517398947328,0.9768528899754301,1.837784767150879,
datasets/german.csv,rf,sex,10,20,0,0,"['standard', 'undersampling']",rf,0.16734539616337063,0.24465246624017248,0.5793432585669137,13.91212511062622,
datasets/german.csv,lr,sex,10,20,0,0,"['oversampling', 'stratified_sampling', 'matching', 'clustering']",lr,-inf,inf,0.5061324722473908,10.752694606781006,
datasets/german.csv,svc,sex,10,20,0,0,['ipw'],svc,0.17238925170742397,0.26136641512776193,0.6061449185426099,8.899300336837769,
datasets/german.csv,xgb,sex,10,20,0,0,['undersampling'],xgb,0.17340432365990893,0.2427543902630336,0.5895630375828514,7.81219744682312,
datasets/german.csv,rf,sex,10,20,0,1,"['oversampling', 'undersampling']",rf,0.4242162982356225,0.13352253448708887,0.9819551309583339,13.862126588821411,
datasets/german.csv,lr,sex,10,20,0,1,['stratified_sampling'],lr,,,0.3678416595467168,10.774542093276978,
datasets/german.csv,svc,sex,10,20,0,1,"['min_max_scaling', 'oversampling', 'clustering', 'undersampling']",svc,0.34713852854955596,0.18523562559221976,0.8795126826913316,8.883301019668579,
datasets/german.csv,xgb,sex,10,20,0,1,['matching'],xgb,0.3940532604884804,0.09754111987617979,0.8856476408531405,7.843332529067993,
datasets/german.csv,rf,sex,10,20,1,1,['matching'],rf,0.4050695260327079,0.07817991476921783,0.8883189668346336,13.762946128845215,
datasets/german.csv,lr,sex,10,20,1,1,"['stratified_sampling', 'clustering']",lr,,,0.3678643117156212,10.641202688217163,
datasets/german.csv,svc,sex,10,20,1,1,['matching'],svc,0.3854769731754304,0.11625719845203453,0.8872111448028953,8.868435144424438,
datasets/german.csv,xgb,sex,10,20,1,1,['oversampling'],xgb,0.3649591305557743,0.20010607132027947,0.930024332431828,7.858374118804932,
datasets/german.csv,rf,sex,10,20,1,0,"['min_max_scaling', 'stratified_sampling']",rf,0.19611638087371525,0.2158222079945956,0.6080549697420261,13.946237564086914,
datasets/german.csv,lr,sex,10,20,1,0,"['min_max_scaling', 'ipw', 'undersampling']",lr,0.15973683943149827,0.2833871493301921,0.6028608281931886,10.689310312271118,
datasets/german.csv,svc,sex,10,20,1,0,"['standard', 'stratified_sampling', 'matching']",svc,0.18222902558197424,0.2387187995038861,0.6031768506678346,8.858473062515259,
datasets/german.csv,xgb,sex,10,20,1,0,"['undersampling', 'standard', 'min_max_scaling', 'stratified_sampling']",xgb,0.3977356111261645,0.07626544123962348,0.8717366634919526,7.9393486976623535,
datasets/adult.csv,rf,sex,15,20,0,1,"['ipw', 'stratified_sampling', 'clustering']",rf,0.42101085508938707,0.13517242566380142,0.9771941358425755,37.039856910705566,
datasets/adult.csv,lr,sex,15,20,0,1,"['ipw', 'min_max_scaling', 'clustering', 'standard', 'undersampling', 'oversampling', 'stratified_sampling']",lr,0.4099956004768543,0.1548823085247875,0.974873509478496,27.326448917388916,
datasets/adult.csv,svc,sex,15,20,0,1,"['ipw', 'standard', 'oversampling', 'min_max_scaling', 'stratified_sampling', 'matching', 'clustering', 'undersampling']",svc,-0.05865029306052377,0.8872866248578174,0.7699860387367699,19.900258541107178,
datasets/adult.csv,xgb,sex,15,20,0,1,['stratified_sampling'],xgb,0.4108328857543313,0.15756689894821083,0.9792326704568735,14.348335981369019,
datasets/adult.csv,rf,sex,15,20,1,0,"['undersampling', 'matching']",rf,-0.062138392425056366,0.9088603276462526,0.7845835427961398,36.990662813186646,
datasets/adult.csv,lr,sex,15,20,1,0,"['min_max_scaling', 'oversampling']",lr,-0.0993310063944251,0.9430894455229847,0.7444274327341345,27.464603185653687,
datasets/adult.csv,svc,sex,15,20,1,0,"['min_max_scaling', 'matching']",svc,0.4089986668108264,0.1476758801685728,0.9656732137902256,19.87138843536377,
datasets/adult.csv,xgb,sex,15,20,1,0,"['ipw', 'clustering']",xgb,0.0011071121751212165,0.827432183657851,0.8296464080080934,14.334206581115723,
datasets/adult.csv,rf,sex,15,20,1,1,['stratified_sampling'],rf,0.419817114892608,0.13763725569840535,0.9772714854836213,37.024038791656494,
datasets/adult.csv,lr,sex,15,20,1,1,"['oversampling', 'undersampling']",lr,0.40559185716379015,0.025060019476520368,0.8362437338041007,27.272253036499023,
datasets/adult.csv,svc,sex,15,20,1,1,"['stratified_sampling', 'standard']",svc,0.41372653736818915,0.14738839249789956,0.9748414672342779,19.84720730781555,
datasets/adult.csv,xgb,sex,15,20,1,1,['stratified_sampling'],xgb,0.4108328857543313,0.15756689894821083,0.9792326704568735,14.335206747055054,
datasets/adult.csv,rf,sex,15,20,0,0,"['matching', 'undersampling', 'standard', 'ipw', 'stratified_sampling', 'min_max_scaling', 'oversampling']",rf,-0.08850380350661657,1.0160237945101478,0.8390161874969146,37.11698532104492,
datasets/adult.csv,lr,sex,15,20,0,0,"['min_max_scaling', 'oversampling', 'ipw', 'stratified_sampling', 'matching', 'standard', 'undersampling']",lr,-0.12474478537304629,1.0034746947268924,0.7539851239807999,27.314323902130127,
datasets/adult.csv,svc,sex,15,20,0,0,"['standard', 'stratified_sampling', 'clustering', 'min_max_scaling', 'matching', 'undersampling', 'oversampling', 'ipw']",svc,-0.05865029306052377,0.8872866248578174,0.7699860387367699,19.94339394569397,
datasets/adult.csv,xgb,sex,15,20,0,0,"['standard', 'clustering']",xgb,0.013424075936036617,0.8031475629218167,0.8299957147938899,14.416306972503662,
datasets/german.csv,rf,age,5,20,0,0,"['clustering', 'stratified_sampling', 'standard', 'matching', 'undersampling']",rf,-inf,inf,0.5144747474747475,3.919447898864746,
datasets/german.csv,lr,age,5,20,0,0,"['clustering', 'standard', 'undersampling', 'matching']",lr,-inf,inf,0.6877936507936507,4.264071941375732,
datasets/german.csv,svc,age,5,20,0,0,"['matching', 'min_max_scaling', 'stratified_sampling']",svc,0.03121729196729195,0.513888888888889,0.5763234728234728,3.7085936069488525,
datasets/german.csv,xgb,age,5,20,0,0,"['clustering', 'stratified_sampling', 'standard']",xgb,0.05024074074074075,0.4185185185185185,0.519,3.449777841567993,
datasets/german.csv,rf,age,5,20,0,1,"['min_max_scaling', 'oversampling', 'matching', 'standard', 'ipw', 'undersampling', 'clustering']",rf,0.41098895118722056,0.15583161200281437,0.9778095143772555,3.9033195972442627,
datasets/german.csv,lr,age,5,20,0,1,"['oversampling', 'standard', 'clustering', 'matching', 'ipw', 'undersampling', 'stratified_sampling', 'min_max_scaling']",lr,-inf,inf,0.766,4.3011298179626465,
datasets/german.csv,svc,age,5,20,0,1,"['min_max_scaling', 'undersampling', 'oversampling', 'clustering', 'stratified_sampling', 'ipw', 'standard']",svc,0.31666706177420456,0.2635449735449736,0.8968790970933828,3.7036759853363037,
datasets/german.csv,xgb,age,5,20,0,1,"['stratified_sampling', 'undersampling', 'oversampling', 'clustering', 'min_max_scaling', 'matching']",xgb,0.437962962962963,0.12407407407407406,1.0,3.474642276763916,
datasets/german.csv,rf,age,5,20,1,0,"['clustering', 'stratified_sampling']",rf,-inf,inf,0.6199747474747475,3.8691914081573486,
datasets/german.csv,lr,age,5,20,1,0,"['min_max_scaling', 'oversampling']",lr,0.4281743513042629,0.07913056055981484,0.9354792631683406,4.249982118606567,
datasets/german.csv,svc,age,5,20,1,0,"['clustering', 'standard']",svc,0.16301703016546443,0.2804405674890571,0.606474627819986,3.705674171447754,
datasets/german.csv,xgb,age,5,20,1,0,"['ipw', 'min_max_scaling']",xgb,0.19877520141428823,0.2111354913311024,0.6086858941596789,3.4756391048431396,
datasets/german.csv,rf,age,5,20,1,1,"['min_max_scaling', 'oversampling']",rf,0.4897704679177971,0.01578244931914524,0.9953233851547394,3.8321917057037354,
datasets/german.csv,lr,age,5,20,1,1,['oversampling'],lr,0.37457991776737154,0.07395286396392038,0.8231126994986635,4.249980688095093,
datasets/german.csv,svc,age,5,20,1,1,"['ipw', 'min_max_scaling']",svc,0.14705423062421505,0.3125112830816407,0.6066197443300708,3.702676296234131,
datasets/german.csv,xgb,age,5,20,1,1,"['clustering', 'oversampling']",xgb,0.4757928216669581,0.03949135091594437,0.9910769942498605,3.5516369342803955,
datasets/german.csv,rf,sex,15,15,0,0,"['stratified_sampling', 'min_max_scaling']",rf,0.19611638087371525,0.2158222079945956,0.6080549697420261,14.077460289001465,
datasets/german.csv,lr,sex,15,15,0,0,['clustering'],lr,-inf,inf,0.373318596137935,10.930655717849731,
datasets/german.csv,svc,sex,15,15,0,0,"['oversampling', 'stratified_sampling']",svc,0.16764976582832214,0.2974627386024541,0.6327622702590984,8.914541482925415,
datasets/german.csv,xgb,sex,15,15,0,0,"['min_max_scaling', 'clustering', 'undersampling', 'ipw']",xgb,0.17340432365990893,0.2427543902630336,0.5895630375828514,7.193891525268555,
datasets/german.csv,rf,sex,15,15,0,1,"['oversampling', 'stratified_sampling', 'min_max_scaling']",rf,0.42808914170346457,0.12675368154481875,0.982931964951748,14.047619342803955,
datasets/german.csv,lr,sex,15,15,0,1,['matching'],lr,0.3701707549325245,0.0,0.740341509865049,10.916654825210571,
datasets/german.csv,svc,sex,15,15,0,1,"['min_max_scaling', 'oversampling', 'undersampling']",svc,0.4111628875629205,0.09097741914181103,0.913303194267652,8.951539754867554,
datasets/german.csv,xgb,sex,15,15,0,1,"['min_max_scaling', 'matching']",xgb,0.3940532604884804,0.09754111987617979,0.8856476408531405,7.213002443313599,
datasets/german.csv,rf,sex,15,15,1,1,['matching'],rf,0.4050695260327079,0.07817991476921783,0.8883189668346336,13.944519519805908,
datasets/german.csv,lr,sex,15,15,1,1,['min_max_scaling'],lr,0.1876064329207991,0.23102198560006382,0.606234851441662,10.844383001327515,
datasets/german.csv,svc,sex,15,15,1,1,['matching'],svc,0.3854769731754304,0.11625719845203453,0.8872111448028953,8.904539823532104,
datasets/german.csv,xgb,sex,15,15,1,1,"['min_max_scaling', 'matching']",xgb,0.3940532604884804,0.09754111987617979,0.8856476408531405,7.227003335952759,
datasets/german.csv,rf,sex,15,15,1,0,"['clustering', 'undersampling']",rf,0.14074052515441324,0.27215126662786654,0.553632316936693,14.023759365081787,
datasets/german.csv,lr,sex,15,15,1,0,"['oversampling', 'stratified_sampling']",lr,,,0.3251348604304129,10.857382774353027,
datasets/german.csv,svc,sex,15,15,1,0,"['stratified_sampling', 'matching']",svc,0.1804962741255971,0.24301893989696974,0.604011488148164,8.906545162200928,
datasets/german.csv,xgb,sex,15,15,1,0,"['undersampling', 'clustering']",xgb,0.17673285202267575,0.2453218251920121,0.5987875292373636,7.2399985790252686,
datasets/adult.csv,rf,sex,20,15,0,1,"['clustering', 'stratified_sampling', 'standard']",rf,0.421643693995004,0.13390339337379464,0.9771907813638027,33.22926950454712,
datasets/adult.csv,lr,sex,20,15,0,1,"['min_max_scaling', 'undersampling', 'stratified_sampling', 'clustering', 'matching']",lr,0.4094750914780234,0.15438337144887676,0.9733335544049236,24.78870916366577,
datasets/adult.csv,svc,sex,20,15,0,1,"['ipw', 'stratified_sampling', 'min_max_scaling', 'oversampling', 'undersampling', 'matching', 'standard', 'clustering']",svc,-0.05865029306052377,0.8872866248578174,0.7699860387367699,16.83594274520874,
datasets/adult.csv,xgb,sex,20,15,0,1,"['standard', 'stratified_sampling', 'matching']",xgb,0.411965125394538,0.15596073924005951,0.9798909900291355,13.107516050338745,
datasets/adult.csv,rf,sex,20,15,1,0,"['clustering', 'standard']",rf,-0.07345705270097819,0.9471041363080027,0.8001900309060463,33.18580389022827,
datasets/adult.csv,lr,sex,20,15,1,0,"['min_max_scaling', 'stratified_sampling', 'clustering']",lr,0.40935304909747033,0.15565275052601737,0.974358848720958,24.80671191215515,
datasets/adult.csv,svc,sex,20,15,1,0,"['min_max_scaling', 'oversampling']",svc,-0.06324577190984665,0.8800130129491422,0.753521469129449,16.773940801620483,
datasets/adult.csv,xgb,sex,20,15,1,0,['standard'],xgb,0.0011071121751212165,0.827432183657851,0.8296464080080934,13.159515142440796,
datasets/adult.csv,rf,sex,20,15,0,0,"['standard', 'clustering']",rf,-0.07345705270097819,0.9471041363080027,0.8001900309060463,33.23427104949951,
datasets/adult.csv,lr,sex,20,15,0,0,"['oversampling', 'clustering', 'undersampling', 'matching', 'min_max_scaling', 'stratified_sampling', 'ipw']",lr,-0.1281003028075609,0.9923317490417257,0.7361311434266039,24.94182515144348,
datasets/adult.csv,svc,sex,20,15,0,0,"['matching', 'standard', 'oversampling', 'clustering', 'undersampling']",svc,-0.07252023705767335,0.9035046567880333,0.7584641826726866,16.80995464324951,
datasets/adult.csv,xgb,sex,20,15,0,0,"['undersampling', 'oversampling', 'clustering', 'ipw', 'matching', 'min_max_scaling']",xgb,-0.012602353064349425,0.9144502099999753,0.8892455038712764,13.093667268753052,
datasets/adult.csv,rf,sex,20,15,1,1,['stratified_sampling'],rf,0.419817114892608,0.13763725569840535,0.9772714854836213,33.15398693084717,
datasets/adult.csv,lr,sex,20,15,1,1,"['standard', 'stratified_sampling']",lr,0.4109282426961045,0.1529420990330013,0.9747985844252103,24.772629261016846,
datasets/adult.csv,svc,sex,20,15,1,1,"['min_max_scaling', 'stratified_sampling', 'ipw']",svc,0.41327369643927186,0.14839194820203097,0.9749393410805747,16.8609881401062,
datasets/adult.csv,xgb,sex,20,15,1,1,"['oversampling', 'undersampling']",xgb,0.4242183189198951,0.13855788825860235,0.9869945260983926,13.113610982894897,
datasets/german.csv,rf,age,15,5,0,0,"['min_max_scaling', 'undersampling', 'clustering']",rf,-inf,inf,0.6022222222222222,2.7286388874053955,
datasets/german.csv,lr,age,15,5,0,0,"['standard', 'min_max_scaling', 'matching', 'stratified_sampling', 'ipw', 'clustering']",lr,-inf,inf,0.711626984126984,2.6736276149749756,
datasets/german.csv,svc,age,15,5,0,0,"['ipw', 'stratified_sampling', 'undersampling']",svc,-inf,inf,0.5769047619047619,2.2349910736083984,
datasets/german.csv,xgb,age,15,5,0,0,"['stratified_sampling', 'undersampling', 'matching', 'oversampling', 'standard', 'min_max_scaling', 'ipw']",xgb,-inf,inf,0.5083088023088023,2.205202341079712,
datasets/german.csv,rf,age,15,5,0,1,"['oversampling', 'ipw', 'clustering']",rf,0.4899363434968052,0.01583416314436561,0.995706850137976,2.6654722690582275,
datasets/german.csv,lr,age,15,5,0,1,"['standard', 'stratified_sampling', 'matching', 'undersampling', 'clustering', 'min_max_scaling', 'ipw', 'oversampling']",lr,-inf,inf,0.766,2.7037341594696045,
datasets/german.csv,svc,age,15,5,0,1,"['ipw', 'matching']",svc,0.39104135709409427,0.10629086950078803,0.8883735836889766,2.2178843021392822,
datasets/german.csv,xgb,age,15,5,0,1,"['matching', 'clustering', 'oversampling', 'min_max_scaling', 'ipw', 'stratified_sampling', 'undersampling']",xgb,0.4206625112366656,0.13000584511609334,0.9713308675894246,2.209317922592163,
datasets/german.csv,rf,age,15,5,1,0,"['matching', 'oversampling', 'stratified_sampling', 'undersampling', 'min_max_scaling', 'clustering', 'ipw', 'standard']",rf,0.44129801858127327,0.11463243342575102,0.9972284705882976,2.690370559692383,
datasets/german.csv,lr,age,15,5,1,0,"['matching', 'stratified_sampling', 'oversampling', 'min_max_scaling']",lr,0.43445309100071006,0.037777777777777785,0.9066839597791979,2.739595890045166,
datasets/german.csv,svc,age,15,5,1,0,"['stratified_sampling', 'min_max_scaling', 'undersampling', 'oversampling']",svc,0.31559775905311616,0.2724338624338625,0.9036293805400948,2.1508851051330566,
datasets/german.csv,xgb,age,15,5,1,0,"['undersampling', 'stratified_sampling']",xgb,0.3239603518174947,0.14166666666666666,0.789587370301656,2.2143170833587646,
datasets/german.csv,rf,age,15,5,1,1,"['oversampling', 'undersampling', 'standard']",rf,0.4214270140594357,0.1353734593654917,0.9782274874843632,2.621267557144165,
datasets/german.csv,lr,age,15,5,1,1,"['oversampling', 'matching', 'stratified_sampling']",lr,0.3684306214068119,0.0,0.7368612428136238,2.7284839153289795,
datasets/german.csv,svc,age,15,5,1,1,"['clustering', 'matching', 'standard', 'min_max_scaling']",svc,0.38353559547951593,0.12011166889991258,0.8871828598589444,2.1498470306396484,
datasets/german.csv,xgb,age,15,5,1,1,"['clustering', 'oversampling']",xgb,0.4757928216669581,0.03949135091594437,0.9910769942498605,2.2003443241119385,
datasets/german.csv,rf,age,10,10,0,0,"['matching', 'min_max_scaling', 'clustering', 'ipw', 'stratified_sampling', 'oversampling', 'undersampling']",rf,-inf,inf,0.5252380952380953,4.201225280761719,
datasets/german.csv,lr,age,10,10,0,0,"['min_max_scaling', 'clustering', 'stratified_sampling', 'undersampling', 'ipw', 'matching', 'standard', 'oversampling']",lr,-inf,inf,0.766,3.625885009765625,
datasets/german.csv,svc,age,10,10,0,0,"['standard', 'min_max_scaling', 'ipw', 'oversampling', 'undersampling', 'stratified_sampling', 'matching']",svc,-inf,inf,0.8249523809523808,3.1142807006835938,
datasets/german.csv,xgb,age,10,10,0,0,"['undersampling', 'ipw', 'stratified_sampling']",xgb,0.13587301587301587,0.36904761904761907,0.6407936507936508,2.878530263900757,
datasets/german.csv,rf,age,10,10,0,1,"['oversampling', 'stratified_sampling', 'matching']",rf,0.4885911995758359,0.018826553807018333,0.9960089529586902,4.16899299621582,
datasets/german.csv,lr,age,10,10,0,1,['oversampling'],lr,0.37457991776737154,0.07395286396392038,0.8231126994986635,3.629178047180176,
datasets/german.csv,svc,age,10,10,0,1,"['stratified_sampling', 'min_max_scaling', 'undersampling', 'ipw', 'standard', 'oversampling']",svc,0.4355258451440302,0.06363058432148613,0.9346822746095466,3.10213565826416,
datasets/german.csv,xgb,age,10,10,0,1,"['standard', 'clustering', 'undersampling', 'ipw', 'matching']",xgb,0.3343719336219336,0.14711111111111114,0.8158549783549784,2.8833813667297363,
datasets/german.csv,rf,age,10,10,1,0,"['standard', 'stratified_sampling']",rf,0.13653535353535348,0.4000000000000001,0.673070707070707,4.123006582260132,
datasets/german.csv,lr,age,10,10,1,0,"['stratified_sampling', 'min_max_scaling', 'matching']",lr,-inf,inf,0.6391269841269841,3.6250314712524414,
datasets/german.csv,svc,age,10,10,1,0,"['oversampling', 'min_max_scaling']",svc,0.42646142874107046,0.08182996718862467,0.9347528246707656,3.0952961444854736,
datasets/german.csv,xgb,age,10,10,1,0,"['stratified_sampling', 'min_max_scaling', 'undersampling']",xgb,0.13587301587301587,0.36904761904761907,0.6407936507936508,2.8843331336975098,
datasets/german.csv,rf,sex,20,10,0,0,"['ipw', 'undersampling', 'standard', 'min_max_scaling']",rf,0.15992238193138344,0.26010947032244797,0.5799542341852149,10.249610424041748,
datasets/german.csv,lr,sex,20,10,0,0,['clustering'],lr,-inf,inf,0.373318596137935,8.805750608444214,
datasets/german.csv,svc,sex,20,10,0,0,['ipw'],svc,0.17238925170742397,0.26136641512776193,0.6061449185426099,7.7300426959991455,
datasets/german.csv,xgb,sex,20,10,0,0,['stratified_sampling'],xgb,0.20327904325241342,0.1721783316510722,0.578736418155899,5.983630180358887,
datasets/german.csv,rf,sex,20,10,0,1,['matching'],rf,0.4050695260327079,0.07817991476921783,0.8883189668346336,10.219199180603027,
datasets/german.csv,lr,sex,20,10,0,1,['oversampling'],lr,,,0.3831147233819078,8.802752494812012,
datasets/german.csv,svc,sex,20,10,0,1,"['matching', 'undersampling']",svc,0.39681934046300016,0.10187148771709005,0.8955101686430904,7.727153778076172,
datasets/german.csv,xgb,sex,20,10,0,1,"['matching', 'min_max_scaling']",xgb,0.3940532604884804,0.09754111987617979,0.8856476408531405,5.990658521652222,
datasets/german.csv,rf,age,10,10,1,1,"['ipw', 'oversampling']",rf,0.48941243491037295,0.017173151359871467,0.9959980211806174,4.118010759353638,
datasets/german.csv,lr,age,10,10,1,1,['oversampling'],lr,0.37457991776737154,0.07395286396392038,0.8231126994986635,3.667142629623413,
datasets/german.csv,svc,age,10,10,1,1,"['matching', 'min_max_scaling']",svc,0.38679569394780106,0.11360967970112028,0.8872010675967223,3.091404676437378,
datasets/german.csv,xgb,age,10,10,1,1,['matching'],xgb,0.39311258678830896,0.10061438017165851,0.8868395537482764,2.9093739986419678,
datasets/german.csv,rf,sex,20,10,1,0,"['stratified_sampling', 'clustering']",rf,0.19218580921639722,0.20872687814687998,0.5930984965796744,10.148137092590332,
datasets/german.csv,lr,sex,20,10,1,0,"['standard', 'min_max_scaling']",lr,0.18569242458192514,0.23342352191533292,0.6048083710791832,8.754776000976562,
datasets/german.csv,svc,sex,20,10,1,0,"['stratified_sampling', 'ipw']",svc,0.20260383191454218,0.2204083045279838,0.6256159683570681,7.71898341178894,
datasets/german.csv,xgb,sex,20,10,1,0,"['stratified_sampling', 'ipw', 'matching']",xgb,0.22381986111160043,0.12000944547508348,0.5676491676982843,5.99977707862854,
datasets/german.csv,rf,sex,20,10,1,1,['matching'],rf,0.4050695260327079,0.07817991476921783,0.8883189668346336,10.118266820907593,
datasets/german.csv,lr,sex,20,10,1,1,"['clustering', 'standard', 'undersampling']",lr,0.44217767580583367,0.11059717142225493,0.9949525230339222,8.761074781417847,
datasets/german.csv,svc,sex,20,10,1,1,['matching'],svc,0.3854769731754304,0.11625719845203453,0.8872111448028953,7.708553791046143,
datasets/german.csv,xgb,sex,20,10,1,1,"['matching', 'ipw']",xgb,0.3940532604884804,0.09754111987617979,0.8856476408531405,5.985483169555664,
datasets/heart.csv,rf,sex,5,5,0,0,"['standard', 'ipw', 'min_max_scaling']",rf,0.2588223325470094,0.36676531057156536,0.8844099756655842,0.6862478256225586,
datasets/heart.csv,lr,sex,5,5,0,0,"['undersampling', 'standard', 'oversampling', 'stratified_sampling']",lr,0.238600572693722,0.4364827098882857,0.9136838552757297,0.5729103088378906,
datasets/heart.csv,svc,sex,5,5,0,0,"['stratified_sampling', 'min_max_scaling', 'ipw', 'undersampling', 'oversampling', 'matching', 'standard']",svc,0.19523228682080174,0.5576833777830638,0.9481479514246672,0.5560593605041504,
datasets/heart.csv,xgb,sex,5,5,0,0,"['ipw', 'stratified_sampling', 'oversampling', 'clustering', 'min_max_scaling', 'undersampling']",xgb,0.2905999549692012,0.36847524993991215,0.9496751598783145,0.5530638694763184,
datasets/heart.csv,rf,sex,5,5,0,1,"['matching', 'min_max_scaling', 'ipw', 'stratified_sampling', 'clustering', 'standard', 'undersampling', 'oversampling']",rf,0.3056756397493432,0.37495689327974246,0.9863081727784289,0.6731317043304443,
datasets/heart.csv,lr,sex,5,5,0,1,"['standard', 'ipw', 'min_max_scaling', 'stratified_sampling']",lr,0.25220259221003194,0.354637501874344,0.8590426862944078,0.5750486850738525,
datasets/heart.csv,svc,sex,5,5,0,1,"['ipw', 'matching', 'undersampling', 'stratified_sampling', 'standard', 'min_max_scaling']",svc,0.27130262959134366,0.30777789802789807,0.8503831572105854,0.5569212436676025,
datasets/heart.csv,xgb,sex,5,5,0,1,"['clustering', 'undersampling', 'matching', 'oversampling']",xgb,0.3721617945761716,0.22507392065515633,0.9693975098074995,0.5631892681121826,
datasets/heart.csv,rf,sex,5,5,1,0,"['ipw', 'matching']",rf,0.2671134579378458,0.359274806552363,0.8935017224280546,0.6711342334747314,
datasets/heart.csv,lr,sex,5,5,1,0,"['undersampling', 'ipw', 'stratified_sampling', 'oversampling']",lr,0.23302719503710193,0.430628014431414,0.8966824045056179,0.5730359554290771,
datasets/heart.csv,svc,sex,5,5,1,0,"['ipw', 'matching']",svc,0.2650505946177294,0.36948668722998607,0.8995878764654449,0.5539023876190186,
datasets/heart.csv,xgb,sex,5,5,1,0,"['standard', 'matching', 'ipw']",xgb,0.28792242453415773,0.2845757923531856,0.860420641421501,0.5944445133209229,
datasets/heart.csv,rf,sex,5,5,1,1,"['oversampling', 'standard']",rf,0.3260426700281611,0.3306233316127039,0.9827086716690262,0.6641335487365723,
datasets/heart.csv,lr,sex,5,5,1,1,"['undersampling', 'min_max_scaling', 'matching', 'oversampling']",lr,0.3117566453972268,0.29808605285721995,0.9215993436516736,0.5692064762115479,
datasets/heart.csv,svc,sex,5,5,1,1,['ipw'],svc,0.26404745957944775,0.3698864053715985,0.897981324530494,0.5549006462097168,
datasets/heart.csv,xgb,sex,5,5,1,1,"['standard', 'oversampling']",xgb,0.30887016708731563,0.35838204526649126,0.9761223794411225,0.6140134334564209,
datasets/heart.csv,rf,sex,5,10,0,0,"['stratified_sampling', 'oversampling', 'standard', 'matching', 'undersampling']",rf,0.22228281831494254,0.48914936830268635,0.9337150049325714,1.2262184619903564,
datasets/heart.csv,lr,sex,5,10,0,0,"['ipw', 'clustering', 'oversampling', 'matching', 'standard', 'undersampling', 'min_max_scaling', 'stratified_sampling']",lr,0.24815035727571041,0.44496657973774684,0.9412672942891677,1.1790390014648438,
datasets/heart.csv,svc,sex,5,10,0,0,"['undersampling', 'oversampling', 'ipw', 'stratified_sampling', 'min_max_scaling', 'matching']",svc,0.19523228682080174,0.5576833777830638,0.9481479514246672,1.0699129104614258,
datasets/heart.csv,xgb,sex,5,10,0,0,"['matching', 'oversampling', 'stratified_sampling']",xgb,0.20411197132193287,0.5782465087340017,0.9864704513778675,1.1139578819274902,
datasets/heart.csv,rf,sex,5,10,0,1,"['ipw', 'oversampling', 'undersampling']",rf,0.38496234624121956,0.1966608723326605,0.9665855648150996,1.2132847309112549,
datasets/heart.csv,lr,sex,5,10,0,1,"['undersampling', 'standard', 'oversampling', 'ipw', 'clustering']",lr,0.31651733295225865,0.23233522614910865,0.8653698920536259,1.1839733123779297,
datasets/heart.csv,svc,sex,5,10,0,1,"['oversampling', 'standard', 'clustering']",svc,0.29558644959775693,0.3497925255288994,0.9409654247244132,1.102113962173462,
datasets/heart.csv,xgb,sex,5,10,0,1,"['matching', 'clustering', 'min_max_scaling', 'standard', 'stratified_sampling', 'oversampling']",xgb,0.33804960817981844,0.2842854930898409,0.9603847094494778,1.1157548427581787,
datasets/heart.csv,rf,sex,5,10,1,0,"['standard', 'ipw']",rf,0.2593126191794929,0.36676531057156536,0.8853905489305511,1.1821720600128174,
datasets/heart.csv,lr,sex,5,10,1,0,"['standard', 'ipw', 'matching']",lr,0.26198892648387584,0.3701992569596815,0.8941771099274332,1.1829707622528076,
datasets/heart.csv,svc,sex,5,10,1,0,"['oversampling', 'min_max_scaling', 'matching', 'standard']",svc,0.20636634807314091,0.5030964306524217,0.9158291267987035,1.100116491317749,
datasets/heart.csv,xgb,sex,5,10,1,0,"['ipw', 'stratified_sampling']",xgb,0.24821975975463978,0.34586467597303505,0.8423041954823146,1.1257541179656982,
datasets/heart.csv,rf,sex,5,10,1,1,"['clustering', 'matching']",rf,0.2934518841164248,0.3049711256072961,0.8918748938401457,1.185032606124878,
datasets/heart.csv,lr,sex,5,10,1,1,"['matching', 'standard']",lr,0.2673749349113831,0.3617951984291061,0.8965450682518723,1.1870348453521729,
datasets/heart.csv,svc,sex,5,10,1,1,"['matching', 'ipw', 'undersampling']",svc,0.2933403106560511,0.2920701768356231,0.8787507981477253,1.105250597000122,
datasets/heart.csv,xgb,sex,5,10,1,1,"['min_max_scaling', 'undersampling']",xgb,0.29945849280717796,0.2736197322467346,0.8725367178610904,1.1416370868682861,
datasets/german.csv,rf,age,20,5,0,0,"['standard', 'undersampling', 'ipw', 'matching', 'stratified_sampling', 'oversampling']",rf,-inf,inf,0.6271825396825397,2.911823272705078,
datasets/german.csv,lr,age,20,5,0,0,"['ipw', 'standard', 'stratified_sampling', 'min_max_scaling', 'clustering']",lr,-inf,inf,0.6531818181818181,2.809528350830078,
datasets/german.csv,svc,age,20,5,0,0,"['oversampling', 'stratified_sampling', 'clustering']",svc,-inf,inf,0.6749999999999999,2.287292003631592,
datasets/german.csv,xgb,age,20,5,0,0,"['oversampling', 'standard', 'min_max_scaling', 'ipw', 'undersampling', 'matching', 'stratified_sampling']",xgb,-inf,inf,0.5083088023088023,2.2787864208221436,
datasets/german.csv,rf,age,20,5,1,0,"['undersampling', 'stratified_sampling']",rf,0.3329582102201149,0.18166666666666667,0.8475830871068964,2.8487963676452637,
datasets/german.csv,lr,age,20,5,1,0,"['clustering', 'oversampling']",lr,0.374579610544513,0.07395286396392038,0.8231120850529464,2.7754499912261963,
datasets/german.csv,svc,age,20,5,1,0,"['oversampling', 'clustering', 'standard', 'matching', 'ipw']",svc,0.2687091794243084,0.16589478016940593,0.7033131390180227,2.287412405014038,
datasets/german.csv,xgb,age,20,5,1,0,"['clustering', 'matching', 'standard']",xgb,0.3931076601338769,0.10061438017165851,0.8868297004394122,2.3119804859161377,
datasets/german.csv,rf,age,20,5,0,1,"['stratified_sampling', 'standard', 'matching', 'clustering', 'oversampling', 'min_max_scaling']",rf,0.4360783144989983,0.11142416398104506,0.9835807929790417,2.8617169857025146,
datasets/german.csv,lr,age,20,5,0,1,"['ipw', 'undersampling', 'standard', 'stratified_sampling', 'min_max_scaling', 'clustering']",lr,0.39427311665406906,0.13333333333333333,0.9218795666414714,2.802528142929077,
datasets/german.csv,svc,age,20,5,0,1,"['standard', 'oversampling', 'stratified_sampling', 'min_max_scaling', 'undersampling', 'ipw']",svc,0.4355258451440302,0.06363058432148613,0.9346822746095466,2.2834131717681885,
datasets/german.csv,xgb,age,20,5,0,1,"['oversampling', 'ipw']",xgb,0.4734234068779156,0.042176949158574596,0.9890237629144059,2.305981159210205,
datasets/german.csv,rf,age,20,5,1,1,"['oversampling', 'min_max_scaling']",rf,0.4897704679177971,0.01578244931914524,0.9953233851547394,2.8207969665527344,
datasets/german.csv,lr,age,20,5,1,1,"['ipw', 'clustering', 'matching', 'standard', 'min_max_scaling']",lr,0.4081074133161935,0.0901149559298991,0.9063297825622861,2.8207333087921143,
datasets/german.csv,svc,age,20,5,1,1,"['ipw', 'oversampling']",svc,0.42759247578088455,0.0797659040783944,0.9349508556401634,2.301129102706909,
datasets/german.csv,xgb,age,20,5,1,1,"['oversampling', 'clustering']",xgb,0.4757928216669581,0.03949135091594437,0.9910769942498605,2.3289809226989746,
datasets/german.csv,rf,age,10,15,0,1,"['stratified_sampling', 'standard', 'min_max_scaling', 'clustering', 'undersampling', 'matching']",rf,0.3954986944272659,0.06555555555555558,0.8565529444100873,5.789325714111328,
datasets/german.csv,lr,age,10,15,0,1,"['standard', 'clustering', 'min_max_scaling', 'oversampling']",lr,0.46598450171477773,0.06731024881204802,0.9992792522416035,4.439520597457886,
datasets/german.csv,svc,age,10,15,0,1,"['oversampling', 'matching', 'standard', 'undersampling', 'clustering']",svc,0.24572410192902355,0.2099832808224166,0.7014314846804637,3.9202091693878174,
datasets/german.csv,xgb,age,10,15,0,1,"['oversampling', 'matching', 'stratified_sampling', 'ipw', 'clustering', 'undersampling', 'min_max_scaling']",xgb,0.4206625112366656,0.13000584511609334,0.9713308675894246,3.4269168376922607,
datasets/german.csv,rf,age,10,15,0,0,"['undersampling', 'ipw']",rf,-inf,inf,0.5768650793650794,5.809359550476074,
datasets/german.csv,lr,age,10,15,0,0,"['min_max_scaling', 'undersampling', 'standard', 'stratified_sampling', 'matching', 'ipw', 'oversampling']",lr,0.24921949874183408,0.2002593831170091,0.6986983806006772,4.448498487472534,
datasets/german.csv,svc,age,10,15,0,0,"['standard', 'oversampling', 'undersampling']",svc,-inf,inf,0.4718556998556999,3.9252753257751465,
datasets/german.csv,xgb,age,10,15,0,0,"['undersampling', 'oversampling', 'clustering', 'stratified_sampling', 'ipw']",xgb,-inf,inf,0.44849927849927845,3.467982530593872,
datasets/german.csv,rf,age,10,15,1,0,"['stratified_sampling', 'ipw']",rf,-inf,inf,0.6452525252525253,5.761324882507324,
datasets/german.csv,lr,age,10,15,1,0,"['matching', 'oversampling']",lr,-0.366874464075625,1.1469022897006589,0.41315336154940885,4.433521747589111,
datasets/german.csv,svc,age,10,15,1,0,"['undersampling', 'stratified_sampling']",svc,-inf,inf,0.6572222222222223,3.9172089099884033,
datasets/german.csv,xgb,age,10,15,1,0,"['undersampling', 'oversampling']",xgb,-0.13690115440115438,0.6555555555555556,0.3817532467532468,3.4789161682128906,
datasets/german.csv,rf,age,10,15,1,1,"['oversampling', 'standard']",rf,0.4897837374701883,0.01578244931914524,0.9953499242595217,5.7188334465026855,
datasets/german.csv,lr,age,10,15,1,1,['standard'],lr,0.17437473978904733,0.2481832035108437,0.5969326830889383,4.430676698684692,
datasets/german.csv,svc,age,10,15,1,1,['oversampling'],svc,0.4252993324148415,0.08438316266722455,0.9349818274969076,3.916191816329956,
datasets/german.csv,xgb,age,10,15,1,1,"['standard', 'matching', 'clustering', 'ipw']",xgb,0.38951225244522875,0.08397667311806234,0.8630011780085198,3.4897775650024414,
datasets/heart.csv,rf,sex,5,15,0,0,"['min_max_scaling', 'stratified_sampling']",rf,0.23464294907052816,0.4052871494976758,0.8745730476387321,1.7139697074890137,
datasets/heart.csv,lr,sex,5,15,0,0,"['min_max_scaling', 'undersampling', 'clustering', 'ipw', 'oversampling', 'matching']",lr,0.19730920905995863,0.5152824455669044,0.9099008636868217,1.7422387599945068,
datasets/heart.csv,svc,sex,5,15,0,0,"['oversampling', 'matching', 'ipw', 'stratified_sampling']",svc,0.13386701844172966,0.6859448248759583,0.9536788617594176,1.7440011501312256,
datasets/heart.csv,xgb,sex,5,15,0,0,"['stratified_sampling', 'standard', 'matching', 'clustering']",xgb,0.2821235979864266,0.3596908360530651,0.9239380320259183,1.7921686172485352,
datasets/heart.csv,rf,sex,5,15,0,1,"['matching', 'min_max_scaling']",rf,0.31383423657680876,0.2655763033523915,0.893244776506009,1.704087257385254,
datasets/heart.csv,lr,sex,5,15,0,1,"['stratified_sampling', 'min_max_scaling', 'clustering', 'oversampling', 'ipw', 'standard']",lr,0.3076062469843268,0.33414151320329816,0.9493540071719517,1.746112585067749,
datasets/heart.csv,svc,sex,5,15,0,1,"['undersampling', 'standard', 'clustering', 'min_max_scaling', 'matching', 'ipw', 'oversampling']",svc,0.4170430495835477,0.12343652643652646,0.9575226256036219,1.7210006713867188,
datasets/heart.csv,xgb,sex,5,15,0,1,"['undersampling', 'clustering']",xgb,0.3002521022572274,0.2736197322467346,0.8741239367611895,1.8121674060821533,
datasets/heart.csv,rf,sex,5,15,1,0,"['standard', 'undersampling', 'min_max_scaling']",rf,0.30746270721522717,0.2675999286754436,0.8825253431058979,1.6960875988006592,
datasets/heart.csv,lr,sex,5,15,1,0,"['matching', 'oversampling']",lr,0.2107034218163917,0.45925726373194115,0.8806641073647246,1.7451119422912598,
datasets/heart.csv,svc,sex,5,15,1,0,"['stratified_sampling', 'oversampling']",svc,0.18050925371577953,0.5783234497507063,0.9393419571822653,1.7210006713867188,
datasets/heart.csv,xgb,sex,5,15,1,0,"['matching', 'undersampling']",xgb,0.2434455173528977,0.377754437344445,0.8646454720502404,1.8261685371398926,
datasets/heart.csv,rf,sex,5,15,1,1,"['undersampling', 'standard', 'min_max_scaling']",rf,0.30746270721522717,0.2675999286754436,0.8825253431058979,1.7014167308807373,
datasets/heart.csv,lr,sex,5,15,1,1,['stratified_sampling'],lr,0.29184533560188347,0.2499082104113064,0.8335988816150733,1.7567138671875,
datasets/heart.csv,svc,sex,5,15,1,1,"['min_max_scaling', 'ipw', 'clustering', 'stratified_sampling']",svc,0.30359979470052445,0.336224282253694,0.943423871654743,1.709242582321167,
datasets/heart.csv,xgb,sex,5,15,1,1,['oversampling'],xgb,0.30887016708731563,0.35838204526649126,0.9761223794411225,1.840135097503662,
datasets/german.csv,rf,age,15,10,0,0,"['clustering', 'oversampling', 'matching', 'min_max_scaling', 'stratified_sampling', 'ipw', 'undersampling']",rf,-inf,inf,0.5252380952380953,5.026627779006958,
datasets/german.csv,lr,age,15,10,0,0,"['clustering', 'oversampling', 'stratified_sampling', 'matching', 'standard', 'undersampling']",lr,-inf,inf,0.6592857142857143,4.075285911560059,
datasets/german.csv,svc,age,15,10,0,0,"['oversampling', 'clustering', 'matching', 'ipw', 'undersampling', 'stratified_sampling', 'standard']",svc,-inf,inf,0.4873333333333333,3.4359254837036133,
datasets/german.csv,xgb,age,15,10,0,0,"['min_max_scaling', 'matching', 'oversampling', 'standard', 'undersampling', 'ipw', 'stratified_sampling']",xgb,-inf,inf,0.5083088023088023,3.516981601715088,
datasets/german.csv,rf,age,15,10,0,1,"['matching', 'oversampling', 'min_max_scaling', 'stratified_sampling']",rf,0.4880247080619489,0.0199679376362952,0.9960173537601931,4.991880893707275,
datasets/german.csv,lr,age,15,10,0,1,"['undersampling', 'clustering', 'min_max_scaling', 'oversampling', 'stratified_sampling', 'standard', 'ipw', 'matching']",lr,-inf,inf,0.766,4.0624120235443115,
datasets/german.csv,svc,age,15,10,0,1,"['undersampling', 'ipw', 'min_max_scaling', 'clustering', 'matching']",svc,0.37444444444444447,0.2511111111111111,1.0,3.442997455596924,
datasets/german.csv,xgb,age,15,10,0,1,"['standard', 'min_max_scaling', 'oversampling']",xgb,0.4737594582058432,0.0436115846062863,0.9911305010179727,3.5268959999084473,
datasets/german.csv,rf,sex,15,20,0,0,"['standard', 'stratified_sampling', 'clustering']",rf,0.17718647456248265,0.23438844429341535,0.5887613934183806,16.32905673980713,
datasets/german.csv,lr,sex,15,20,0,0,['ipw'],lr,-inf,inf,0.3733429292948032,11.982403993606567,
datasets/german.csv,svc,sex,15,20,0,0,"['undersampling', 'clustering', 'standard', 'min_max_scaling']",svc,0.17326068892978969,0.2604475540967124,0.6069689319562918,9.050292491912842,
datasets/german.csv,xgb,sex,15,20,0,0,"['stratified_sampling', 'matching']",xgb,0.1989388831576,0.17590428498248856,0.5737820512976886,6.980014801025391,
datasets/german.csv,rf,age,15,10,1,0,"['stratified_sampling', 'min_max_scaling', 'clustering']",rf,-inf,inf,0.6213239538239539,4.967593669891357,
datasets/german.csv,lr,age,15,10,1,0,"['min_max_scaling', 'clustering', 'undersampling', 'stratified_sampling']",lr,0.39905486268581514,0.13333333333333333,0.9314430587049636,4.052409648895264,
datasets/german.csv,svc,age,15,10,1,0,['stratified_sampling'],svc,-inf,inf,0.5433095238095238,3.437997817993164,
datasets/german.csv,xgb,age,15,10,1,0,"['min_max_scaling', 'stratified_sampling', 'undersampling']",xgb,0.13587301587301587,0.36904761904761907,0.6407936507936508,3.55114483833313,
datasets/german.csv,rf,sex,15,20,1,1,['matching'],rf,0.4050695260327079,0.07817991476921783,0.8883189668346336,16.228936433792114,
datasets/german.csv,lr,sex,15,20,1,1,"['oversampling', 'ipw']",lr,,,0.38364192955450144,11.93754506111145,
datasets/german.csv,svc,sex,15,20,1,1,['oversampling'],svc,0.22973517431023766,0.22439589097746415,0.6838662395979395,9.03902292251587,
datasets/german.csv,xgb,sex,15,20,1,1,['oversampling'],xgb,0.3649591305557743,0.20010607132027947,0.930024332431828,7.005690097808838,
datasets/german.csv,rf,sex,15,20,1,0,"['undersampling', 'ipw']",rf,0.16005808372839236,0.25849428237330485,0.5786104498300896,16.289936065673828,
datasets/german.csv,lr,sex,15,20,1,0,"['standard', 'undersampling']",lr,0.1648036946962396,0.2738552273804396,0.6034626167729188,11.96254563331604,
datasets/german.csv,svc,sex,15,20,1,0,"['undersampling', 'min_max_scaling']",svc,0.17920174353702745,0.24037288114905328,0.5987763682231082,8.996020793914795,
datasets/german.csv,xgb,sex,15,20,1,0,"['min_max_scaling', 'undersampling']",xgb,0.17340432365990893,0.2427543902630336,0.5895630375828514,7.021690368652344,
datasets/german.csv,rf,age,15,10,1,1,"['oversampling', 'standard']",rf,0.4897837374701883,0.01578244931914524,0.9953499242595217,4.913617372512817,
datasets/german.csv,lr,age,15,10,1,1,"['clustering', 'standard', 'oversampling']",lr,0.4350019284464382,0.06556637884355573,0.9355702357364322,4.039276599884033,
datasets/german.csv,svc,age,15,10,1,1,"['ipw', 'matching', 'clustering', 'min_max_scaling', 'undersampling']",svc,0.37444444444444447,0.2511111111111111,1.0,3.4441418647766113,
datasets/german.csv,xgb,age,15,10,1,1,"['ipw', 'oversampling']",xgb,0.4734234068779156,0.042176949158574596,0.9890237629144059,3.585547685623169,
datasets/german.csv,rf,sex,15,20,0,1,"['ipw', 'oversampling', 'stratified_sampling', 'standard']",rf,0.42552625727162585,0.13065334972438095,0.9817058642676326,16.434192180633545,
datasets/german.csv,lr,sex,15,20,0,1,"['stratified_sampling', 'undersampling']",lr,0.3749507568467303,0.0,0.7499015136934606,11.938415050506592,
datasets/german.csv,svc,sex,15,20,0,1,['matching'],svc,0.3854769731754304,0.11625719845203453,0.8872111448028953,8.949892282485962,
datasets/german.csv,xgb,sex,15,20,0,1,"['undersampling', 'oversampling']",xgb,0.4184968173323795,0.1257128508587412,0.9627064855235001,7.043691396713257,
datasets/heart.csv,rf,sex,10,5,0,0,"['min_max_scaling', 'stratified_sampling', 'clustering']",rf,0.26170275200581006,0.3398893114682588,0.863294815479879,1.2351131439208984,
datasets/heart.csv,lr,sex,10,5,0,0,"['undersampling', 'ipw', 'min_max_scaling', 'oversampling', 'matching', 'clustering']",lr,0.19730920905995863,0.5152824455669044,0.9099008636868217,1.1743218898773193,
datasets/heart.csv,svc,sex,10,5,0,0,"['stratified_sampling', 'oversampling', 'undersampling', 'ipw', 'matching', 'min_max_scaling']",svc,0.19523228682080174,0.5576833777830638,0.9481479514246672,1.149406909942627,
datasets/heart.csv,xgb,sex,10,5,0,0,"['standard', 'min_max_scaling', 'undersampling', 'stratified_sampling']",xgb,0.2741954960589245,0.315497805714524,0.863888797832373,1.1860239505767822,
datasets/heart.csv,rf,sex,10,5,0,1,['oversampling'],rf,0.320764533508307,0.3412119766841077,0.9827410437007218,1.2281122207641602,
datasets/heart.csv,lr,sex,10,5,0,1,"['stratified_sampling', 'clustering']",lr,0.29184533560188347,0.2499082104113064,0.8335988816150733,1.1535003185272217,
datasets/heart.csv,svc,sex,10,5,0,1,['undersampling'],svc,0.2880232260375791,0.30169187424717553,0.8777383263223338,1.1534531116485596,
datasets/heart.csv,xgb,sex,10,5,0,1,"['min_max_scaling', 'standard', 'ipw', 'oversampling', 'matching']",xgb,0.3144024036436909,0.3344857386012143,0.9632905458885961,1.1979362964630127,
datasets/heart.csv,rf,sex,10,5,1,0,"['min_max_scaling', 'stratified_sampling']",rf,0.23464294907052816,0.4052871494976758,0.8745730476387321,1.226114273071289,
datasets/heart.csv,lr,sex,10,5,1,0,"['oversampling', 'stratified_sampling']",lr,0.2545717674431882,0.3428556954529494,0.8519992303393258,1.1554999351501465,
datasets/heart.csv,svc,sex,10,5,1,0,"['min_max_scaling', 'undersampling', 'matching']",svc,0.28903526023240245,0.30605130440370715,0.884121824868512,1.1524527072906494,
datasets/heart.csv,xgb,sex,10,5,1,0,"['min_max_scaling', 'matching']",xgb,0.28792242453415773,0.2845757923531856,0.860420641421501,1.2129404544830322,
datasets/heart.csv,rf,sex,10,5,1,1,"['ipw', 'oversampling']",rf,0.32375083643735636,0.33810729285478613,0.9856089657294989,1.2230281829833984,
datasets/heart.csv,lr,sex,10,5,1,1,['stratified_sampling'],lr,0.29184533560188347,0.2499082104113064,0.8335988816150733,1.1445026397705078,
datasets/heart.csv,svc,sex,10,5,1,1,"['ipw', 'matching', 'clustering', 'undersampling']",svc,0.2994700080375208,0.28081982874316963,0.8797598448182112,1.1534531116485596,
datasets/heart.csv,xgb,sex,10,5,1,1,"['oversampling', 'matching']",xgb,0.3144024036436909,0.3344857386012143,0.9632905458885961,1.2249395847320557,
datasets/german.csv,rf,sex,20,15,0,0,"['undersampling', 'clustering', 'standard', 'min_max_scaling', 'ipw']",rf,0.1493036333039921,0.3018550088427261,0.6004622754507103,14.63162350654602,
datasets/german.csv,lr,sex,20,15,0,0,"['oversampling', 'matching']",lr,-inf,inf,0.4723296422164515,11.700908660888672,
datasets/german.csv,svc,sex,20,15,0,0,['ipw'],svc,0.17238925170742397,0.26136641512776193,0.6061449185426099,8.233591794967651,
datasets/german.csv,xgb,sex,20,15,0,0,"['clustering', 'ipw', 'undersampling']",xgb,0.17340432365990893,0.2427543902630336,0.5895630375828514,7.028419733047485,
datasets/german.csv,rf,sex,20,15,0,1,"['oversampling', 'undersampling', 'matching']",rf,0.4227052499418216,0.1380338497078815,0.9834443495915247,14.620620012283325,
datasets/german.csv,lr,sex,20,15,0,1,"['oversampling', 'stratified_sampling', 'clustering', 'ipw']",lr,0.3894584950793602,0.0,0.7789169901587204,11.704907894134521,
datasets/german.csv,svc,sex,20,15,0,1,['matching'],svc,0.3854769731754304,0.11625719845203453,0.8872111448028953,8.232593059539795,
datasets/german.csv,xgb,sex,20,15,0,1,"['min_max_scaling', 'matching']",xgb,0.3940532604884804,0.09754111987617979,0.8856476408531405,7.0414135456085205,
datasets/german.csv,rf,sex,20,15,1,0,"['min_max_scaling', 'undersampling']",rf,0.16094382682357958,0.25619560750447284,0.578083261151632,14.614621877670288,
datasets/german.csv,lr,sex,20,15,1,0,"['ipw', 'min_max_scaling', 'clustering']",lr,0.18653568082642985,0.23325403350858231,0.606325395161442,11.703905582427979,
datasets/german.csv,svc,sex,20,15,1,0,"['undersampling', 'ipw']",svc,0.17317897196502194,0.25561607254854307,0.601974016478587,8.228593349456787,
datasets/german.csv,xgb,sex,20,15,1,0,"['stratified_sampling', 'matching']",xgb,0.1989388831576,0.17590428498248856,0.5737820512976886,7.0494184494018555,
datasets/german.csv,rf,sex,20,15,1,1,['matching'],rf,0.4050695260327079,0.07817991476921783,0.8883189668346336,14.56362009048462,
datasets/german.csv,lr,sex,20,15,1,1,['stratified_sampling'],lr,,,0.3678416595467168,11.696907997131348,
datasets/german.csv,svc,sex,20,15,1,1,['matching'],svc,0.3854769731754304,0.11625719845203453,0.8872111448028953,8.225592851638794,
datasets/german.csv,xgb,sex,20,15,1,1,"['min_max_scaling', 'matching']",xgb,0.3940532604884804,0.09754111987617979,0.8856476408531405,7.066418647766113,
datasets/german.csv,rf,age,10,20,0,0,"['ipw', 'min_max_scaling', 'standard', 'clustering', 'stratified_sampling', 'undersampling']",rf,-inf,inf,0.6133333333333333,7.3197619915008545,
datasets/german.csv,lr,age,10,20,0,0,"['stratified_sampling', 'matching', 'clustering', 'oversampling', 'undersampling', 'min_max_scaling', 'ipw', 'standard']",lr,-inf,inf,0.766,5.5246522426605225,
datasets/german.csv,svc,age,10,20,0,0,"['stratified_sampling', 'matching', 'clustering', 'min_max_scaling', 'standard']",svc,-inf,inf,0.7391269841269842,4.654829025268555,
datasets/german.csv,xgb,age,10,20,0,0,"['standard', 'min_max_scaling', 'stratified_sampling', 'ipw', 'matching', 'undersampling']",xgb,-inf,inf,0.5230952380952381,4.670434236526489,
datasets/german.csv,rf,age,10,20,0,1,"['oversampling', 'undersampling']",rf,0.41934413807873777,0.13933941237898337,0.9780276885364589,7.271519899368286,
datasets/german.csv,lr,age,10,20,0,1,"['min_max_scaling', 'oversampling', 'standard', 'undersampling']",lr,0.25181034255874185,0.200324476200722,0.7039451613182057,5.523652076721191,
datasets/german.csv,svc,age,10,20,0,1,"['standard', 'oversampling', 'ipw']",svc,0.4346619954187032,0.06874335336809907,0.9380673442055055,4.6848297119140625,
datasets/german.csv,xgb,age,10,20,0,1,"['oversampling', 'min_max_scaling', 'undersampling', 'matching', 'clustering', 'ipw', 'stratified_sampling']",xgb,0.4206625112366656,0.13000584511609334,0.9713308675894246,4.674434423446655,
datasets/german.csv,rf,age,10,20,1,1,"['undersampling', 'matching']",rf,0.3367686788520123,0.18777777777777774,0.8613151354818023,7.188086032867432,
datasets/german.csv,lr,age,10,20,1,1,"['ipw', 'standard']",lr,0.17706267682305998,0.24379243415734556,0.5979177878034655,5.518651723861694,
datasets/german.csv,svc,age,10,20,1,1,"['matching', 'standard']",svc,0.38790558626335797,0.11146052271466807,0.887271695241384,4.686830043792725,
datasets/german.csv,xgb,age,10,20,1,1,"['oversampling', 'clustering']",xgb,0.4757928216669581,0.03949135091594437,0.9910769942498605,4.68843412399292,
datasets/german.csv,rf,age,10,20,1,0,"['undersampling', 'min_max_scaling']",rf,-inf,inf,0.6485714285714285,7.236405372619629,
datasets/german.csv,lr,age,10,20,1,0,"['clustering', 'undersampling']",lr,,,0.4274675324675325,5.514477968215942,
datasets/german.csv,svc,age,10,20,1,0,"['ipw', 'stratified_sampling']",svc,0.10213095238095243,0.38055555555555554,0.5848174603174604,4.686957836151123,
datasets/german.csv,xgb,age,10,20,1,0,"['stratified_sampling', 'standard']",xgb,0.05024074074074075,0.4185185185185185,0.519,4.696483612060547,
datasets/heart.csv,rf,sex,5,20,0,0,"['matching', 'undersampling', 'standard']",rf,0.23962047375218723,0.3902581574803797,0.8694991049847541,2.2860095500946045,
datasets/heart.csv,lr,sex,5,20,0,0,"['matching', 'ipw', 'oversampling']",lr,0.19194140331821175,0.5002742832793913,0.8841570899158148,2.4105913639068604,
datasets/heart.csv,svc,sex,5,20,0,0,"['undersampling', 'standard', 'ipw']",svc,0.25741215382844573,0.3591962378384956,0.874020545495387,2.3431193828582764,
datasets/heart.csv,xgb,sex,5,20,0,0,"['standard', 'ipw', 'stratified_sampling']",xgb,0.24821975975463978,0.34586467597303505,0.8423041954823146,2.368276834487915,
datasets/heart.csv,rf,sex,5,20,0,1,"['undersampling', 'clustering', 'ipw', 'oversampling', 'min_max_scaling']",rf,0.3643521229314211,0.23996488256213655,0.9686691284249788,2.2676775455474854,
datasets/heart.csv,lr,sex,5,20,0,1,"['stratified_sampling', 'undersampling']",lr,0.27143503815350145,0.27660940127759354,0.8194794775845964,2.4165894985198975,
datasets/heart.csv,svc,sex,5,20,0,1,"['oversampling', 'matching', 'undersampling', 'stratified_sampling']",svc,0.30242672603950593,0.29845945618109987,0.9033129082601118,2.3422422409057617,
datasets/heart.csv,xgb,sex,5,20,0,1,['oversampling'],xgb,0.30887016708731563,0.35838204526649126,0.9761223794411225,2.37927508354187,
datasets/heart.csv,rf,sex,5,20,1,0,"['matching', 'ipw']",rf,0.2671134579378458,0.359274806552363,0.8935017224280546,2.2395966053009033,
datasets/heart.csv,lr,sex,5,20,1,0,"['stratified_sampling', 'ipw', 'clustering', 'min_max_scaling']",lr,0.24764015167138329,0.3769879633037528,0.8722682666465194,2.4154911041259766,
datasets/heart.csv,svc,sex,5,20,1,0,"['stratified_sampling', 'clustering']",svc,0.2564630873568269,0.3417425264793686,0.8546687011930224,2.3452794551849365,
datasets/heart.csv,xgb,sex,5,20,1,0,"['ipw', 'undersampling']",xgb,0.29945849280717796,0.2736197322467346,0.8725367178610904,2.368133544921875,
datasets/heart.csv,rf,sex,5,20,1,1,['oversampling'],rf,0.320764533508307,0.3412119766841077,0.9827410437007218,2.2121469974517822,
datasets/heart.csv,lr,sex,5,20,1,1,"['standard', 'undersampling']",lr,0.29079056558848715,0.29107498710854923,0.8726561182855235,2.417426824569702,
datasets/heart.csv,svc,sex,5,20,1,1,['ipw'],svc,0.26404745957944775,0.3698864053715985,0.897981324530494,2.342175245285034,
datasets/heart.csv,xgb,sex,5,20,1,1,"['min_max_scaling', 'clustering']",xgb,0.29071692732189325,0.3770579614469774,0.958491816090764,2.403376340866089,
datasets/adult.csv,rf,sex,20,20,1,0,"['undersampling', 'matching']",rf,-0.062138392425056366,0.9088603276462526,0.7845835427961398,38.44775414466858,
datasets/adult.csv,lr,sex,20,20,1,0,"['min_max_scaling', 'matching']",lr,0.4037711671639996,0.15768195739513077,0.96522429172313,24.77229356765747,
datasets/adult.csv,svc,sex,20,20,1,0,"['oversampling', 'standard']",svc,-0.056239214660982306,0.8666359366703372,0.7541575073483726,16.584904193878174,
datasets/adult.csv,xgb,sex,20,20,1,0,['standard'],xgb,0.0011071121751212165,0.827432183657851,0.8296464080080934,12.106168746948242,
datasets/adult.csv,rf,sex,20,20,0,0,['ipw'],rf,-0.06181367442908581,0.922075137888919,0.7984477890307474,38.716795921325684,
datasets/adult.csv,lr,sex,20,20,0,0,"['min_max_scaling', 'clustering', 'stratified_sampling', 'standard', 'oversampling', 'matching', 'undersampling']",lr,-0.09979548889877216,0.9447498795739441,0.7451589017763998,24.821422815322876,
datasets/adult.csv,svc,sex,20,20,0,0,"['ipw', 'clustering', 'oversampling', 'matching', 'min_max_scaling', 'undersampling', 'standard']",svc,-0.06367889156349449,0.8810671867968597,0.7537094036698707,16.589012622833252,
datasets/adult.csv,xgb,sex,20,20,0,0,['ipw'],xgb,0.0011071121751212165,0.827432183657851,0.8296464080080934,12.109075784683228,
datasets/adult.csv,rf,sex,20,20,0,1,"['matching', 'min_max_scaling', 'stratified_sampling', 'clustering', 'standard', 'undersampling', 'ipw', 'oversampling']",rf,-0.019646576911062585,0.8860104943746964,0.8467173405525712,38.73475408554077,
datasets/adult.csv,lr,sex,20,20,0,1,"['matching', 'clustering', 'oversampling', 'ipw', 'stratified_sampling', 'undersampling']",lr,0.032631697034435886,0.35648294285881965,0.4217463369276914,24.63569927215576,
datasets/adult.csv,svc,sex,20,20,0,1,"['ipw', 'stratified_sampling', 'clustering', 'min_max_scaling', 'undersampling', 'oversampling', 'standard', 'matching']",svc,-0.05865029306052377,0.8872866248578174,0.7699860387367699,16.599613428115845,
datasets/adult.csv,xgb,sex,20,20,0,1,"['stratified_sampling', 'matching', 'undersampling', 'oversampling', 'clustering', 'ipw', 'standard', 'min_max_scaling']",xgb,0.02311091124616299,0.8435207068196836,0.8897425293120096,12.099874258041382,
datasets/adult.csv,rf,sex,20,20,1,1,['stratified_sampling'],rf,0.419817114892608,0.13763725569840535,0.9772714854836213,38.646756172180176,
datasets/adult.csv,lr,sex,20,20,1,1,"['standard', 'min_max_scaling', 'stratified_sampling', 'matching']",lr,0.4097957067961619,0.15488594130503922,0.974477354897363,24.830987453460693,
datasets/adult.csv,svc,sex,20,20,1,1,"['min_max_scaling', 'matching']",svc,0.4089986668108264,0.1476758801685728,0.9656732137902256,16.5435688495636,
datasets/adult.csv,xgb,sex,20,20,1,1,['stratified_sampling'],xgb,0.4108328857543313,0.15756689894821083,0.9792326704568735,12.080965757369995,
datasets/heart.csv,rf,sex,10,10,0,0,"['ipw', 'min_max_scaling']",rf,0.2588223325470094,0.36676531057156536,0.8844099756655842,2.3722143173217773,
datasets/heart.csv,lr,sex,10,10,0,0,"['min_max_scaling', 'oversampling', 'matching', 'ipw']",lr,0.23100218850057438,0.44849044839521596,0.9104948253963647,2.4096384048461914,
datasets/heart.csv,svc,sex,10,10,0,0,"['matching', 'clustering', 'oversampling', 'stratified_sampling']",svc,0.12982716183412285,0.6922242867081322,0.9518786103763779,2.2975854873657227,
datasets/heart.csv,xgb,sex,10,10,0,0,"['stratified_sampling', 'min_max_scaling']",xgb,0.24821975975463978,0.34586467597303505,0.8423041954823146,2.1517562866210938,
datasets/heart.csv,rf,sex,10,10,0,1,"['oversampling', 'min_max_scaling']",rf,0.324425538695052,0.33331074082185225,0.9821618182119561,2.357325315475464,
datasets/heart.csv,lr,sex,10,10,0,1,"['undersampling', 'stratified_sampling']",lr,0.27143503815350145,0.27660940127759354,0.8194794775845964,2.4043312072753906,
datasets/heart.csv,svc,sex,10,10,0,1,"['undersampling', 'stratified_sampling']",svc,0.27001597562600377,0.3408885329783163,0.8809204842303238,2.301711082458496,
datasets/heart.csv,xgb,sex,10,10,0,1,"['matching', 'min_max_scaling', 'oversampling']",xgb,0.3144024036436909,0.3344857386012143,0.9632905458885961,2.155710220336914,
datasets/heart.csv,rf,sex,10,10,1,0,"['undersampling', 'matching']",rf,0.2455332722711908,0.39201449368497426,0.8830810382273558,2.3323259353637695,
datasets/heart.csv,lr,sex,10,10,1,0,"['ipw', 'oversampling']",lr,0.24728689179183996,0.4099732580694307,0.9045470416531106,2.4063308238983154,
datasets/heart.csv,svc,sex,10,10,1,0,"['standard', 'stratified_sampling']",svc,0.25133670766467375,0.3522345247345247,0.8549079400638722,2.304710865020752,
datasets/heart.csv,xgb,sex,10,10,1,0,"['min_max_scaling', 'stratified_sampling', 'matching', 'standard', 'clustering']",xgb,0.33200274863349827,0.2975083189943871,0.9615138162613837,2.166713237762451,
datasets/heart.csv,rf,sex,10,10,1,1,['oversampling'],rf,0.320764533508307,0.3412119766841077,0.9827410437007218,2.31746244430542,
datasets/heart.csv,lr,sex,10,10,1,1,"['clustering', 'standard', 'stratified_sampling']",lr,0.2900605299592294,0.2948880846249267,0.8750091445433854,2.403362512588501,
datasets/heart.csv,svc,sex,10,10,1,1,['undersampling'],svc,0.2880232260375791,0.30169187424717553,0.8777383263223338,2.3015427589416504,
datasets/heart.csv,xgb,sex,10,10,1,1,"['undersampling', 'standard']",xgb,0.29945849280717796,0.2736197322467346,0.8725367178610904,2.170201301574707,
datasets/heart.csv,rf,sex,15,5,0,0,"['matching', 'stratified_sampling', 'clustering']",rf,0.2630641148844151,0.3757355615946947,0.9018637913635249,1.832353115081787,
datasets/heart.csv,lr,sex,15,5,0,0,"['stratified_sampling', 'clustering', 'oversampling', 'ipw']",lr,0.20617456452477784,0.506397204622938,0.9187463336724937,1.7571897506713867,
datasets/heart.csv,svc,sex,15,5,0,0,"['oversampling', 'clustering', 'undersampling', 'stratified_sampling', 'matching', 'standard']",svc,0.194763965592117,0.5202045025556338,0.9097324337398678,1.6356480121612549,
datasets/heart.csv,xgb,sex,15,5,0,0,"['stratified_sampling', 'matching']",xgb,0.2772036417753567,0.3530283897389161,0.9074356732896295,1.5644645690917969,
datasets/heart.csv,rf,sex,15,5,0,1,['matching'],rf,0.31397066202379753,0.2655763033523915,0.8935176273999866,1.8181228637695312,
datasets/heart.csv,lr,sex,15,5,0,1,"['matching', 'oversampling', 'undersampling']",lr,0.3787266581140199,0.12105512943422936,0.8785084456622692,1.7603304386138916,
datasets/heart.csv,svc,sex,15,5,0,1,"['oversampling', 'matching', 'min_max_scaling', 'clustering', 'stratified_sampling']",svc,0.320788669883908,0.34538926505593176,0.9869666048237477,1.6316273212432861,
datasets/heart.csv,xgb,sex,15,5,0,1,"['standard', 'clustering', 'undersampling']",xgb,0.3002521022572274,0.2736197322467346,0.8741239367611895,1.57234525680542,
datasets/heart.csv,rf,sex,15,5,1,0,"['stratified_sampling', 'min_max_scaling', 'ipw', 'matching', 'clustering']",rf,0.2627569354154997,0.379523781745144,0.9050376525761434,1.8061227798461914,
datasets/heart.csv,lr,sex,15,5,1,0,"['ipw', 'stratified_sampling', 'matching']",lr,0.2664534783929975,0.28103175319119594,0.8139387099771909,1.763495683670044,
datasets/heart.csv,svc,sex,15,5,1,0,['undersampling'],svc,0.2880232260375791,0.30169187424717553,0.8777383263223338,1.6304643154144287,
datasets/heart.csv,xgb,sex,15,5,1,0,"['clustering', 'matching', 'min_max_scaling', 'undersampling']",xgb,0.3139384291939499,0.3184405697183475,0.9463174281062472,1.5843439102172852,
datasets/heart.csv,rf,sex,15,5,1,1,"['oversampling', 'standard']",rf,0.3260426700281611,0.3306233316127039,0.9827086716690262,1.7949960231781006,
datasets/heart.csv,lr,sex,15,5,1,1,"['oversampling', 'stratified_sampling', 'matching', 'undersampling', 'clustering']",lr,0.4180857932704911,0.08714644603189496,0.9233180325728771,1.7635033130645752,
datasets/heart.csv,svc,sex,15,5,1,1,"['ipw', 'undersampling', 'oversampling']",svc,0.29264453465541185,0.28402152321221735,0.8693105925230411,1.627455234527588,
datasets/heart.csv,xgb,sex,15,5,1,1,"['undersampling', 'oversampling']",xgb,0.31095113871171653,0.35671253845148176,0.9786148158749148,1.596463680267334,
datasets/german.csv,rf,age,20,10,0,0,"['stratified_sampling', 'standard', 'ipw', 'matching', 'min_max_scaling', 'undersampling']",rf,-inf,inf,0.6763492063492063,5.4562599658966064,
datasets/german.csv,lr,age,20,10,0,0,"['standard', 'clustering', 'matching', 'undersampling']",lr,-inf,inf,0.6877936507936507,4.6871747970581055,
datasets/german.csv,svc,age,20,10,0,0,"['ipw', 'oversampling', 'clustering', 'standard', 'undersampling']",svc,-inf,inf,0.4728080808080808,4.714383840560913,
datasets/german.csv,xgb,age,20,10,0,0,"['clustering', 'ipw', 'standard', 'stratified_sampling', 'oversampling', 'undersampling']",xgb,-inf,inf,0.44849927849927845,4.3671441078186035,
datasets/german.csv,rf,age,20,10,0,1,"['min_max_scaling', 'clustering', 'ipw', 'oversampling']",rf,0.491396420156522,0.013225299869502093,0.9960181401825461,5.397387981414795,
datasets/german.csv,lr,age,20,10,0,1,"['matching', 'standard', 'min_max_scaling', 'clustering', 'ipw', 'stratified_sampling', 'undersampling', 'oversampling']",lr,-inf,inf,0.766,4.663045406341553,
datasets/german.csv,svc,age,20,10,0,1,"['clustering', 'ipw', 'standard', 'oversampling', 'min_max_scaling']",svc,0.4264691277781062,0.08182996718862467,0.9347682227448371,4.713386058807373,
datasets/german.csv,xgb,age,20,10,0,1,"['oversampling', 'ipw', 'undersampling', 'matching', 'stratified_sampling', 'clustering', 'min_max_scaling']",xgb,0.4206625112366656,0.13000584511609334,0.9713308675894246,4.3791375160217285,
datasets/german.csv,rf,age,20,10,1,0,"['clustering', 'undersampling']",rf,-inf,inf,0.5966269841269841,5.397388458251953,
datasets/german.csv,lr,age,20,10,1,0,"['ipw', 'standard']",lr,0.17706267682305998,0.24379243415734556,0.5979177878034655,4.6920459270477295,
datasets/german.csv,svc,age,20,10,1,0,['stratified_sampling'],svc,-inf,inf,0.5433095238095238,4.713529586791992,
datasets/german.csv,xgb,age,20,10,1,0,"['standard', 'ipw']",xgb,0.19877520141428823,0.2111354913311024,0.6086858941596789,4.37799596786499,
datasets/german.csv,rf,age,20,10,1,1,['oversampling'],rf,0.4903288606769363,0.014688997186892242,0.9953467185407648,5.3603880405426025,
datasets/german.csv,lr,age,20,10,1,1,"['oversampling', 'ipw', 'undersampling', 'stratified_sampling']",lr,0.39934676700497374,0.0359236076897354,0.8346171416996828,4.691044092178345,
datasets/german.csv,svc,age,20,10,1,1,"['ipw', 'oversampling']",svc,0.42759247578088455,0.0797659040783944,0.9349508556401634,4.71665620803833,
datasets/german.csv,xgb,age,20,10,1,1,"['oversampling', 'clustering']",xgb,0.4757928216669581,0.03949135091594437,0.9910769942498605,4.385002374649048,
datasets/german.csv,rf,age,15,15,0,0,"['clustering', 'stratified_sampling']",rf,-inf,inf,0.6199747474747475,7.0293402671813965,
datasets/german.csv,lr,age,15,15,0,0,"['standard', 'oversampling', 'undersampling', 'clustering']",lr,-inf,inf,0.5652611832611832,5.148586750030518,
datasets/german.csv,svc,age,15,15,0,0,"['undersampling', 'standard', 'clustering', 'oversampling']",svc,-inf,inf,0.4728080808080808,5.34709906578064,
datasets/german.csv,xgb,age,15,15,0,0,"['min_max_scaling', 'clustering', 'stratified_sampling', 'undersampling', 'matching']",xgb,-inf,inf,0.7701136363636364,4.938871622085571,
datasets/german.csv,rf,age,15,15,1,0,"['clustering', 'undersampling']",rf,-inf,inf,0.5966269841269841,6.9660279750823975,
datasets/german.csv,lr,age,15,15,1,0,"['oversampling', 'ipw']",lr,0.38027856401030996,0.07554651826744688,0.8361036462880668,5.1323747634887695,
datasets/german.csv,svc,age,15,15,1,0,"['stratified_sampling', 'undersampling']",svc,-inf,inf,0.6572222222222223,5.390275478363037,
datasets/german.csv,xgb,age,15,15,1,0,"['stratified_sampling', 'standard']",xgb,0.05024074074074075,0.4185185185185185,0.519,4.913002252578735,
datasets/german.csv,rf,age,15,15,1,1,"['oversampling', 'matching', 'clustering', 'min_max_scaling']",rf,0.43491083839954264,0.11078715250219939,0.9806088293012847,6.932028532028198,
datasets/german.csv,lr,age,15,15,1,1,"['min_max_scaling', 'oversampling', 'clustering']",lr,0.4279930676570455,0.07940189116136803,0.935388026475459,5.133376121520996,
datasets/german.csv,svc,age,15,15,1,1,"['clustering', 'ipw', 'min_max_scaling', 'oversampling']",svc,0.43633499410432713,0.06545864863159036,0.9381286368402446,5.393275022506714,
datasets/german.csv,xgb,age,15,15,1,1,"['standard', 'oversampling']",xgb,0.4737594582058432,0.0436115846062863,0.9911305010179727,4.926001787185669,
datasets/german.csv,rf,age,15,15,0,1,"['stratified_sampling', 'standard', 'matching', 'oversampling', 'clustering', 'min_max_scaling', 'ipw']",rf,0.19786435786435788,0.3547619047619048,0.7504906204906205,6.98702335357666,
datasets/german.csv,lr,age,15,15,0,1,"['clustering', 'min_max_scaling', 'standard', 'undersampling', 'matching', 'oversampling', 'ipw', 'stratified_sampling']",lr,-inf,inf,0.766,5.169494867324829,
datasets/german.csv,svc,age,15,15,0,1,"['undersampling', 'stratified_sampling', 'min_max_scaling', 'standard', 'ipw', 'oversampling']",svc,0.4355258451440302,0.06363058432148613,0.9346822746095466,5.387272834777832,
datasets/german.csv,xgb,age,15,15,0,1,"['matching', 'undersampling', 'ipw', 'stratified_sampling', 'oversampling', 'clustering', 'min_max_scaling']",xgb,0.4206625112366656,0.13000584511609334,0.9713308675894246,4.939004182815552,
datasets/heart.csv,rf,age,5,5,0,0,"['undersampling', 'clustering']",rf,-inf,inf,0.9238095238095237,0.5275869369506836,
datasets/heart.csv,lr,age,5,5,0,0,"['undersampling', 'min_max_scaling', 'standard']",lr,-inf,inf,0.9066666666666666,0.5320661067962646,
datasets/heart.csv,svc,age,5,5,0,0,"['standard', 'clustering', 'oversampling', 'ipw', 'stratified_sampling', 'min_max_scaling']",svc,-inf,inf,0.8119047619047619,0.4913144111633301,
datasets/heart.csv,xgb,age,5,5,0,0,"['stratified_sampling', 'clustering']",xgb,-inf,inf,0.7774999999999999,0.4394240379333496,
datasets/heart.csv,rf,age,5,5,0,1,"['oversampling', 'ipw', 'min_max_scaling']",rf,0.42420623257796697,0.14884624348578568,0.9972587086417196,0.5156965255737305,
datasets/heart.csv,lr,age,5,5,0,1,"['stratified_sampling', 'min_max_scaling', 'ipw', 'matching', 'standard', 'clustering', 'oversampling']",lr,0.41963513784333956,0.136093416615887,0.9753636923025661,0.5341446399688721,
datasets/heart.csv,svc,age,5,5,0,1,"['matching', 'stratified_sampling', 'undersampling', 'standard']",svc,0.1925925925925926,0.5314814814814814,0.9166666666666666,0.48326611518859863,
datasets/heart.csv,xgb,age,5,5,0,1,"['clustering', 'stratified_sampling', 'matching', 'min_max_scaling', 'oversampling', 'ipw']",xgb,0.44470426038399896,0.10506274594812248,0.9944712667161204,0.45863938331604004,
datasets/heart.csv,rf,age,5,5,1,0,"['clustering', 'ipw', 'undersampling']",rf,-inf,inf,0.9144047619047619,0.5258638858795166,
datasets/heart.csv,lr,age,5,5,1,0,"['undersampling', 'clustering']",lr,-inf,inf,0.843015873015873,0.5169713497161865,
datasets/heart.csv,svc,age,5,5,1,0,"['oversampling', 'clustering', 'standard', 'ipw', 'min_max_scaling', 'undersampling']",svc,0.41878418662645533,0.13927911584377292,0.9768474890966836,0.48126697540283203,
datasets/heart.csv,xgb,age,5,5,1,0,"['clustering', 'undersampling']",xgb,-inf,inf,0.8694047619047618,0.4756340980529785,
datasets/heart.csv,rf,age,5,5,1,1,"['min_max_scaling', 'oversampling', 'standard', 'stratified_sampling']",rf,0.4298682711662779,0.1367655277530226,0.9965020700855783,0.5128839015960693,
datasets/heart.csv,lr,age,5,5,1,1,"['stratified_sampling', 'standard', 'undersampling']",lr,0.4756944444444444,0.048611111111111105,1.0,0.514833927154541,
datasets/heart.csv,svc,age,5,5,1,1,"['undersampling', 'ipw']",svc,0.14190476190476192,0.61,0.8938095238095238,0.480266809463501,
datasets/heart.csv,xgb,age,5,5,1,1,"['clustering', 'min_max_scaling']",xgb,0.2840131131957193,0.2833897509782861,0.8514159773697247,0.4937558174133301,
datasets/heart.csv,rf,sex,10,15,0,0,"['ipw', 'clustering', 'undersampling', 'matching', 'standard']",rf,0.15988601190967716,0.5532063492063494,0.8729783730257037,3.501894474029541,
datasets/heart.csv,lr,sex,10,15,0,0,"['oversampling', 'stratified_sampling', 'matching', 'ipw']",lr,0.2349392719889882,0.42968970484593544,0.8995682488239118,3.5102083683013916,
datasets/heart.csv,svc,sex,10,15,0,0,"['standard', 'oversampling', 'stratified_sampling', 'matching', 'min_max_scaling']",svc,0.13158285100848371,0.689519100114509,0.9526848021314764,3.1681618690490723,
datasets/heart.csv,xgb,sex,10,15,0,0,"['min_max_scaling', 'ipw', 'stratified_sampling']",xgb,0.24821975975463978,0.34586467597303505,0.8423041954823146,2.744645595550537,
datasets/heart.csv,rf,sex,10,15,0,1,"['stratified_sampling', 'oversampling', 'standard', 'matching']",rf,0.3884987881889218,0.19294273264861497,0.9699403090264586,3.52089524269104,
datasets/heart.csv,lr,sex,10,15,0,1,"['ipw', 'undersampling', 'clustering', 'min_max_scaling', 'matching', 'stratified_sampling', 'standard', 'oversampling']",lr,0.24815035727571041,0.44496657973774684,0.9412672942891677,3.4802064895629883,
datasets/heart.csv,svc,sex,10,15,0,1,"['ipw', 'clustering', 'min_max_scaling', 'matching', 'oversampling', 'standard', 'undersampling']",svc,0.4170430495835477,0.12343652643652646,0.9575226256036219,3.167163372039795,
datasets/heart.csv,xgb,sex,10,15,0,1,"['ipw', 'matching', 'clustering', 'oversampling']",xgb,0.3144024036436909,0.3344857386012143,0.9632905458885961,2.780647039413452,
datasets/heart.csv,rf,sex,10,15,1,0,"['ipw', 'stratified_sampling']",rf,0.2557804027116283,0.3530631551684183,0.8646239605916749,3.5228936672210693,
datasets/heart.csv,lr,sex,10,15,1,0,"['ipw', 'undersampling']",lr,0.2833325625394842,0.23024762719270728,0.7969127522716757,3.468212604522705,
datasets/heart.csv,svc,sex,10,15,1,0,"['undersampling', 'oversampling']",svc,0.22767692231746253,0.4636882769945942,0.9190421216295193,3.167158365249634,
datasets/heart.csv,xgb,sex,10,15,1,0,"['stratified_sampling', 'min_max_scaling']",xgb,0.24821975975463978,0.34586467597303505,0.8423041954823146,2.7897772789001465,
datasets/heart.csv,rf,sex,20,5,0,0,"['clustering', 'stratified_sampling']",rf,0.26583231182791545,0.33263784947995473,0.8643024731357857,2.308803081512451,
datasets/heart.csv,lr,sex,20,5,0,0,"['ipw', 'undersampling', 'stratified_sampling', 'min_max_scaling', 'clustering', 'oversampling']",lr,0.23888692326870756,0.41236154272632936,0.8901353892637445,2.1053717136383057,
datasets/heart.csv,svc,sex,20,5,0,0,"['ipw', 'matching', 'oversampling', 'min_max_scaling', 'stratified_sampling', 'undersampling']",svc,0.19523228682080174,0.5576833777830638,0.9481479514246672,2.0025908946990967,
datasets/heart.csv,xgb,sex,20,5,0,0,"['min_max_scaling', 'matching', 'undersampling', 'ipw']",xgb,0.2399396450409564,0.3674494486994487,0.8473287387813615,1.8538367748260498,
datasets/heart.csv,rf,sex,10,15,1,1,"['oversampling', 'standard']",rf,0.3260426700281611,0.3306233316127039,0.9827086716690262,3.5090484619140625,
datasets/heart.csv,lr,sex,10,15,1,1,"['matching', 'clustering']",lr,0.2880596018962852,0.28074986041651645,0.8568690642090869,3.4711897373199463,
datasets/heart.csv,svc,sex,10,15,1,1,"['min_max_scaling', 'clustering']",svc,0.2953781337371503,0.376281297479137,0.9670375649534376,3.1662068367004395,
datasets/heart.csv,xgb,sex,10,15,1,1,"['undersampling', 'oversampling']",xgb,0.31095113871171653,0.35671253845148176,0.9786148158749148,2.8095951080322266,
datasets/heart.csv,rf,sex,20,5,1,1,"['stratified_sampling', 'matching', 'oversampling', 'min_max_scaling']",rf,0.38851022983651906,0.19294273264861497,0.9699631923216531,2.2646279335021973,
datasets/heart.csv,lr,sex,20,5,1,1,"['min_max_scaling', 'clustering', 'undersampling', 'stratified_sampling', 'standard']",lr,0.3189227806046393,0.26634265402067253,0.9041882152299511,2.13748836517334,
datasets/heart.csv,svc,sex,20,5,1,1,"['undersampling', 'clustering']",svc,0.29351226244599093,0.29387472648669116,0.8808992513786731,1.9606287479400635,
datasets/heart.csv,xgb,sex,20,5,1,1,"['oversampling', 'ipw', 'standard']",xgb,0.30887016708731563,0.35838204526649126,0.9761223794411225,1.8626925945281982,
datasets/heart.csv,rf,sex,20,5,0,1,"['undersampling', 'standard', 'ipw']",rf,0.32465931523144276,0.256974501471069,0.9062931319339544,2.287803888320923,
datasets/heart.csv,lr,sex,20,5,0,1,"['oversampling', 'clustering', 'min_max_scaling']",lr,0.2927268248181123,0.38678401507190935,0.972237664708134,2.1263725757598877,
datasets/heart.csv,svc,sex,20,5,0,1,"['clustering', 'undersampling']",svc,0.29351226244599093,0.29387472648669116,0.8808992513786731,2.0107407569885254,
datasets/heart.csv,xgb,sex,20,5,0,1,"['oversampling', 'undersampling', 'clustering', 'ipw', 'matching']",xgb,0.37196595866605,0.22507392065515633,0.9690058379872563,1.8597626686096191,
datasets/heart.csv,rf,sex,20,5,1,0,"['standard', 'ipw']",rf,0.2593126191794929,0.36676531057156536,0.8853905489305511,2.273804187774658,
datasets/heart.csv,lr,sex,20,5,1,0,"['standard', 'undersampling']",lr,0.29079056558848715,0.29107498710854923,0.8726561182855235,2.12449049949646,
datasets/heart.csv,svc,sex,20,5,1,0,"['oversampling', 'ipw']",svc,0.2362638441686,0.45151571794978057,0.9240434062869806,2.0106186866760254,
datasets/heart.csv,xgb,sex,20,5,1,0,['min_max_scaling'],xgb,0.2794008529681702,0.2890198214504088,0.8478215273867491,1.8697612285614014,
datasets/heart.csv,rf,age,5,10,0,1,"['oversampling', 'undersampling']",rf,0.4202960313662346,0.15736116789795407,0.9979532306304233,0.9988422393798828,
datasets/heart.csv,lr,age,5,10,0,1,"['ipw', 'clustering', 'standard', 'matching', 'undersampling', 'oversampling']",lr,0.3838240740740741,0.1851851851851852,0.9528333333333334,0.991255521774292,
datasets/heart.csv,svc,age,5,10,0,1,"['oversampling', 'ipw', 'min_max_scaling', 'standard', 'clustering']",svc,0.4091571881239035,0.13273303752719248,0.9510474137749995,0.8730254173278809,
datasets/heart.csv,xgb,age,5,10,0,1,"['oversampling', 'ipw', 'clustering', 'standard', 'matching', 'undersampling', 'stratified_sampling', 'min_max_scaling']",xgb,0.24668253968253967,0.3422222222222222,0.8355873015873015,0.9922266006469727,
datasets/heart.csv,rf,age,5,10,0,0,"['undersampling', 'min_max_scaling', 'stratified_sampling', 'ipw', 'clustering', 'matching']",rf,0.25725,0.43194444444444446,0.9464444444444444,1.0098426342010498,
datasets/heart.csv,lr,age,5,10,0,0,"['clustering', 'undersampling']",lr,-inf,inf,0.843015873015873,0.9892580509185791,
datasets/heart.csv,svc,age,5,10,0,0,"['standard', 'min_max_scaling', 'ipw', 'stratified_sampling']",svc,-inf,inf,0.7469444444444445,0.892024040222168,
datasets/heart.csv,xgb,age,5,10,0,0,"['standard', 'oversampling', 'undersampling']",xgb,0.18171957671957673,0.5648148148148149,0.9282539682539683,1.0112242698669434,
datasets/heart.csv,rf,age,5,10,1,0,['stratified_sampling'],rf,-inf,inf,0.9138095238095237,1.034101963043213,
datasets/heart.csv,lr,age,5,10,1,0,"['oversampling', 'undersampling', 'clustering']",lr,-inf,inf,0.7607936507936508,0.9421203136444092,
datasets/heart.csv,svc,age,5,10,1,0,['stratified_sampling'],svc,0.1575992063492063,0.39444444444444443,0.709642857142857,0.8770182132720947,
datasets/heart.csv,xgb,age,5,10,1,0,"['clustering', 'undersampling', 'stratified_sampling', 'standard']",xgb,-inf,inf,0.8244047619047619,1.020110845565796,
datasets/heart.csv,rf,age,5,10,1,1,"['min_max_scaling', 'ipw']",rf,0.29569258590814074,0.29999826889758413,0.8913834407138657,1.025970220565796,
datasets/heart.csv,lr,age,5,10,1,1,"['standard', 'matching']",lr,0.30948317302204154,0.277740412350971,0.8967067583950541,0.9441230297088623,
datasets/heart.csv,svc,age,5,10,1,1,"['undersampling', 'standard', 'oversampling']",svc,0.3982746959492517,0.15411645327349577,0.9506658451719991,0.8720147609710693,
datasets/heart.csv,xgb,age,5,10,1,1,"['matching', 'min_max_scaling']",xgb,0.2802522893652958,0.2976721701762028,0.8581767489067943,1.0392329692840576,
datasets/german.csv,rf,sex,20,20,0,0,"['clustering', 'matching', 'undersampling', 'stratified_sampling']",rf,0.19293473913635723,0.2310428373886413,0.6169123156613557,18.061955213546753,
datasets/german.csv,lr,sex,20,20,0,0,"['stratified_sampling', 'min_max_scaling', 'ipw']",lr,0.1854391714405163,0.24561602615519207,0.6164943690362247,12.087711095809937,
datasets/german.csv,svc,sex,20,20,0,0,"['min_max_scaling', 'stratified_sampling', 'undersampling', 'clustering']",svc,0.16360951823757905,0.27759729921975956,0.6048163356949177,9.38350534439087,
datasets/german.csv,xgb,sex,20,20,0,0,"['matching', 'min_max_scaling', 'standard', 'clustering', 'undersampling', 'stratified_sampling']",xgb,0.1898847165001174,0.20220732059576607,0.5819767535960009,8.112407445907593,
datasets/german.csv,rf,sex,20,20,0,1,"['undersampling', 'oversampling', 'standard', 'min_max_scaling', 'stratified_sampling']",rf,0.43501938789576805,0.10315058672608728,0.9731893625176233,18.000935554504395,
datasets/german.csv,lr,sex,20,20,0,1,"['ipw', 'undersampling', 'standard', 'clustering', 'min_max_scaling', 'stratified_sampling']",lr,0.38101353647344277,0.13642207259786135,0.8984491455447469,12.02614140510559,
datasets/german.csv,svc,sex,20,20,0,1,['matching'],svc,0.3854769731754304,0.11625719845203453,0.8872111448028953,9.372005939483643,
datasets/german.csv,xgb,sex,20,20,0,1,['matching'],xgb,0.3940532604884804,0.09754111987617979,0.8856476408531405,8.10141372680664,
datasets/german.csv,rf,sex,20,20,1,0,"['clustering', 'undersampling']",rf,0.14074052515441324,0.27215126662786654,0.553632316936693,17.996272563934326,
datasets/german.csv,lr,sex,20,20,1,0,"['min_max_scaling', 'undersampling']",lr,0.16039131077886373,0.28418024840489314,0.6049628699626206,12.026952981948853,
datasets/german.csv,svc,sex,20,20,1,0,['ipw'],svc,0.17238925170742397,0.26136641512776193,0.6061449185426099,9.370021343231201,
datasets/german.csv,xgb,sex,20,20,1,0,"['ipw', 'stratified_sampling']",xgb,0.20327904325241342,0.1721783316510722,0.578736418155899,8.107594966888428,
datasets/german.csv,rf,sex,20,20,1,1,['matching'],rf,0.4050695260327079,0.07817991476921783,0.8883189668346336,17.86790657043457,
datasets/german.csv,lr,sex,20,20,1,1,"['oversampling', 'clustering']",lr,,,0.3833764523523091,12.01195240020752,
datasets/german.csv,svc,sex,20,20,1,1,['matching'],svc,0.3854769731754304,0.11625719845203453,0.8872111448028953,9.369208335876465,
datasets/german.csv,xgb,sex,20,20,1,1,"['matching', 'clustering']",xgb,0.39354378154750613,0.09737099747074311,0.8844585605657553,8.114542007446289,
datasets/heart.csv,rf,sex,15,10,0,0,"['matching', 'undersampling', 'oversampling', 'stratified_sampling', 'ipw']",rf,0.22362145578003068,0.5390066925561324,0.9862496041161938,3.550943374633789,
datasets/heart.csv,lr,sex,15,10,0,0,"['undersampling', 'oversampling', 'clustering', 'matching', 'min_max_scaling']",lr,0.14323658213547757,0.6551049366669665,0.9415781009379216,3.228925943374634,
datasets/heart.csv,svc,sex,15,10,0,0,"['standard', 'matching', 'oversampling', 'stratified_sampling', 'ipw', 'min_max_scaling']",svc,0.12955543382321416,0.6949710369868188,0.9540819046332472,2.881302833557129,
datasets/heart.csv,xgb,sex,15,10,0,0,"['undersampling', 'standard', 'stratified_sampling', 'matching', 'ipw']",xgb,0.25111032140526357,0.3441979731148304,0.8464186159253575,2.8735415935516357,
datasets/heart.csv,rf,sex,15,10,0,1,['oversampling'],rf,0.320764533508307,0.3412119766841077,0.9827410437007218,3.5349457263946533,
datasets/heart.csv,lr,sex,15,10,0,1,"['matching', 'clustering', 'stratified_sampling']",lr,0.2820818306226468,0.2731034179099195,0.8372670791552131,3.225922107696533,
datasets/heart.csv,svc,sex,15,10,0,1,"['stratified_sampling', 'matching', 'oversampling']",svc,0.2943415126252878,0.33693452043337624,0.9256175456839518,2.8803014755249023,
datasets/heart.csv,xgb,sex,15,10,0,1,"['matching', 'oversampling']",xgb,0.3144024036436909,0.3344857386012143,0.9632905458885961,2.8835463523864746,
datasets/heart.csv,rf,sex,15,10,1,1,['oversampling'],rf,0.320764533508307,0.3412119766841077,0.9827410437007218,3.5079424381256104,
datasets/heart.csv,lr,sex,15,10,1,1,"['undersampling', 'matching', 'oversampling']",lr,0.3787266581140199,0.12105512943422936,0.8785084456622692,3.222970485687256,
datasets/heart.csv,svc,sex,15,10,1,1,"['oversampling', 'clustering', 'standard', 'undersampling']",svc,0.34133888659475564,0.19409081278074414,0.8767685859702554,2.877143383026123,
datasets/heart.csv,xgb,sex,15,10,1,1,"['undersampling', 'clustering', 'min_max_scaling']",xgb,0.34456255388762286,0.27544785602565924,0.964572963800905,2.899665117263794,
datasets/heart.csv,rf,sex,15,10,1,0,"['stratified_sampling', 'min_max_scaling']",rf,0.23464294907052816,0.4052871494976758,0.8745730476387321,3.520944833755493,
datasets/heart.csv,lr,sex,15,10,1,0,"['oversampling', 'min_max_scaling', 'stratified_sampling']",lr,0.1448078144011638,0.6509742525633259,0.9405898813656535,3.2250802516937256,
datasets/heart.csv,svc,sex,15,10,1,0,"['stratified_sampling', 'matching', 'standard', 'ipw', 'oversampling']",svc,0.24985459392815576,0.4251074228668265,0.924816610723138,2.894136905670166,
datasets/heart.csv,xgb,sex,15,10,1,0,"['stratified_sampling', 'oversampling', 'standard']",xgb,0.28534854598880743,0.34043691656677927,0.9111340085443942,2.910693883895874,
datasets/heart.csv,rf,age,5,15,0,0,['stratified_sampling'],rf,-inf,inf,0.9138095238095237,1.4748754501342773,
datasets/heart.csv,lr,age,5,15,0,0,"['stratified_sampling', 'undersampling', 'clustering', 'ipw', 'oversampling']",lr,0.17833333333333337,0.31,0.6666666666666667,1.3413374423980713,
datasets/heart.csv,svc,age,5,15,0,0,"['undersampling', 'matching']",svc,0.04573412698412699,0.7916666666666666,0.8831349206349206,1.544825553894043,
datasets/heart.csv,xgb,age,5,15,0,0,"['min_max_scaling', 'stratified_sampling']",xgb,-inf,inf,0.7774999999999999,1.3805558681488037,
datasets/heart.csv,rf,age,5,15,1,0,"['min_max_scaling', 'matching', 'ipw']",rf,0.27733081620026495,0.35016386427156565,0.9048254966720956,1.4693572521209717,
datasets/heart.csv,lr,age,5,15,1,0,"['stratified_sampling', 'ipw']",lr,-inf,inf,0.7235714285714286,1.3241493701934814,
datasets/heart.csv,svc,age,5,15,1,0,"['stratified_sampling', 'min_max_scaling']",svc,0.010972222222222217,0.7694444444444445,0.7913888888888889,1.5474016666412354,
datasets/heart.csv,xgb,age,5,15,1,0,"['undersampling', 'stratified_sampling', 'oversampling']",xgb,-inf,inf,0.8066666666666666,1.3927419185638428,
datasets/heart.csv,rf,age,5,15,0,1,"['ipw', 'oversampling', 'stratified_sampling', 'standard']",rf,0.4258055040811174,0.14341311260326522,0.9950241207655,1.4813487529754639,
datasets/heart.csv,lr,age,5,15,0,1,"['standard', 'undersampling', 'oversampling', 'clustering', 'min_max_scaling', 'ipw']",lr,0.3927458232538184,0.1642587899675261,0.9497504364751629,1.3241486549377441,
datasets/heart.csv,svc,age,5,15,0,1,"['standard', 'min_max_scaling']",svc,0.3379968664085829,0.22298200561919934,0.8989757384363651,1.546391248703003,
datasets/heart.csv,xgb,age,5,15,0,1,"['undersampling', 'min_max_scaling', 'oversampling', 'ipw', 'clustering']",xgb,0.425935401546634,0.14467846664073747,0.9965492697340055,1.4027552604675293,
datasets/german.csv,rf,age,15,20,0,0,"['stratified_sampling', 'ipw']",rf,-inf,inf,0.6452525252525253,8.577445030212402,
datasets/german.csv,lr,age,15,20,0,0,"['clustering', 'ipw']",lr,-inf,inf,0.38536082661126164,7.048591613769531,
datasets/german.csv,svc,age,15,20,0,0,"['standard', 'min_max_scaling', 'stratified_sampling', 'oversampling', 'matching', 'clustering']",svc,-inf,inf,0.7111580086580085,6.75064492225647,
datasets/german.csv,xgb,age,15,20,0,0,"['standard', 'ipw', 'stratified_sampling']",xgb,-inf,inf,0.45233333333333337,5.737652778625488,
datasets/heart.csv,rf,age,5,15,1,1,"['min_max_scaling', 'oversampling', 'standard']",rf,0.42830532437750435,0.14061982819656008,0.9972304769515687,1.4598784446716309,
datasets/heart.csv,lr,age,5,15,1,1,"['ipw', 'oversampling']",lr,0.41730298327278764,0.0892715936881322,0.9238775602337075,1.3206307888031006,
datasets/heart.csv,svc,age,5,15,1,1,['oversampling'],svc,0.4176313993004034,0.11376238030800905,0.9490251789088158,1.548396348953247,
datasets/heart.csv,xgb,age,5,15,1,1,"['min_max_scaling', 'standard']",xgb,0.2840131131957193,0.2833897509782861,0.8514159773697247,1.4167523384094238,
datasets/german.csv,rf,age,15,20,0,1,"['ipw', 'oversampling', 'stratified_sampling', 'standard']",rf,0.4310009782654463,0.1187648848258297,0.9807668413567223,8.542142868041992,
datasets/german.csv,lr,age,15,20,0,1,"['matching', 'undersampling', 'standard', 'oversampling', 'min_max_scaling', 'ipw', 'clustering', 'stratified_sampling']",lr,-inf,inf,0.766,7.046587705612183,
datasets/german.csv,svc,age,15,20,0,1,"['min_max_scaling', 'ipw', 'oversampling', 'undersampling', 'standard', 'stratified_sampling']",svc,0.4355258451440302,0.06363058432148613,0.9346822746095466,6.747645854949951,
datasets/german.csv,xgb,age,15,20,0,1,"['min_max_scaling', 'matching', 'stratified_sampling', 'standard', 'oversampling']",xgb,0.4756667070957066,0.041531454063988615,0.9928648682554018,5.756653070449829,
datasets/german.csv,rf,age,15,20,1,0,"['undersampling', 'standard']",rf,-inf,inf,0.6585714285714286,8.506142854690552,
datasets/german.csv,lr,age,15,20,1,0,"['stratified_sampling', 'ipw']",lr,,,0.4285151515151515,7.048588752746582,
datasets/german.csv,svc,age,15,20,1,0,"['undersampling', 'stratified_sampling']",svc,-inf,inf,0.6572222222222223,6.741643190383911,
datasets/german.csv,xgb,age,15,20,1,0,"['ipw', 'stratified_sampling']",xgb,-inf,inf,0.45233333333333337,5.7716615200042725,
datasets/german.csv,rf,age,15,20,1,1,"['standard', 'oversampling']",rf,0.4897837374701883,0.01578244931914524,0.9953499242595217,8.490531921386719,
datasets/german.csv,lr,age,15,20,1,1,['oversampling'],lr,0.37457991776737154,0.07395286396392038,0.8231126994986635,7.005333423614502,
datasets/german.csv,svc,age,15,20,1,1,"['ipw', 'oversampling']",svc,0.42759247578088455,0.0797659040783944,0.9349508556401634,6.738554954528809,
datasets/german.csv,xgb,age,15,20,1,1,"['standard', 'oversampling']",xgb,0.4737594582058432,0.0436115846062863,0.9911305010179727,5.7714903354644775,
datasets/heart.csv,rf,age,10,5,0,0,"['ipw', 'standard', 'stratified_sampling', 'clustering']",rf,-inf,inf,0.897142857142857,1.08101224899292,
datasets/heart.csv,lr,age,10,5,0,0,"['standard', 'undersampling']",lr,-inf,inf,0.9233333333333332,0.8803646564483643,
datasets/heart.csv,svc,age,10,5,0,0,"['min_max_scaling', 'undersampling', 'standard', 'clustering', 'stratified_sampling', 'ipw']",svc,-inf,inf,0.8119047619047619,1.0515985488891602,
datasets/heart.csv,xgb,age,10,5,0,0,"['ipw', 'stratified_sampling', 'min_max_scaling', 'oversampling']",xgb,-inf,inf,0.8244047619047619,1.1366875171661377,
datasets/heart.csv,rf,age,10,5,0,1,"['min_max_scaling', 'oversampling', 'matching', 'ipw', 'stratified_sampling']",rf,0.44514807264580575,0.10663958796219579,0.9969357332538072,1.0660738945007324,
datasets/heart.csv,lr,age,10,5,0,1,"['clustering', 'min_max_scaling', 'oversampling']",lr,0.4003968179986916,0.1489094875037539,0.9497031235011371,0.8751776218414307,
datasets/heart.csv,svc,age,10,5,0,1,"['min_max_scaling', 'standard']",svc,0.3379968664085829,0.22298200561919934,0.8989757384363651,1.0525989532470703,
datasets/heart.csv,xgb,age,10,5,0,1,"['oversampling', 'ipw', 'min_max_scaling']",xgb,0.4217679306283913,0.15129399049427553,0.9948298517510581,1.1706905364990234,
datasets/heart.csv,rf,age,10,5,1,0,['stratified_sampling'],rf,-inf,inf,0.9138095238095237,1.0572586059570312,
datasets/heart.csv,lr,age,10,5,1,0,"['undersampling', 'oversampling']",lr,0.42955633952055283,0.07105342121455151,0.9301661002556572,0.8769934177398682,
datasets/heart.csv,svc,age,10,5,1,0,"['stratified_sampling', 'oversampling', 'undersampling']",svc,-inf,inf,0.6643650793650793,1.0514171123504639,
datasets/heart.csv,xgb,age,10,5,1,0,"['min_max_scaling', 'ipw']",xgb,0.2683006287656084,0.3097088090770034,0.8463100666082202,1.1988563537597656,
datasets/heart.csv,rf,age,10,5,1,1,"['stratified_sampling', 'oversampling']",rf,0.4301743448810424,0.1361523039521123,0.9965009937141971,1.0462563037872314,
datasets/heart.csv,lr,age,10,5,1,1,"['oversampling', 'standard', 'min_max_scaling']",lr,0.39427752311424,0.16287535762735217,0.9514304038558322,0.8749940395355225,
datasets/heart.csv,svc,age,10,5,1,1,"['oversampling', 'stratified_sampling', 'ipw']",svc,0.41256932807451324,0.12581171352500795,0.9509503696740345,1.0492844581604004,
datasets/heart.csv,xgb,age,10,5,1,1,"['standard', 'oversampling', 'matching']",xgb,0.4380345076049339,0.11964014371490356,0.9957091589247714,1.2161190509796143,
datasets/heart.csv,rf,sex,10,20,1,0,"['stratified_sampling', 'ipw']",rf,0.2557804027116283,0.3530631551684183,0.8646239605916749,4.71497654914856,
datasets/heart.csv,lr,sex,10,20,1,0,"['oversampling', 'stratified_sampling']",lr,0.2545717674431882,0.3428556954529494,0.8519992303393258,4.2678070068359375,
datasets/heart.csv,svc,sex,10,20,1,0,"['oversampling', 'undersampling']",svc,0.22767692231746253,0.4636882769945942,0.9190421216295193,3.8578500747680664,
datasets/heart.csv,xgb,sex,10,20,1,0,"['stratified_sampling', 'min_max_scaling']",xgb,0.24821975975463978,0.34586467597303505,0.8423041954823146,4.289323806762695,
datasets/heart.csv,rf,sex,10,20,0,0,"['matching', 'standard', 'oversampling', 'clustering', 'ipw', 'min_max_scaling', 'stratified_sampling']",rf,0.2156613449102071,0.5645258439030075,0.9958485337234217,4.7399985790252686,
datasets/heart.csv,lr,sex,10,20,0,0,"['min_max_scaling', 'standard', 'undersampling', 'matching', 'oversampling', 'ipw']",lr,0.19345413612989382,0.5229823830839379,0.9098906553437255,4.270764589309692,
datasets/heart.csv,svc,sex,10,20,0,0,"['oversampling', 'ipw']",svc,0.2362638441686,0.45151571794978057,0.9240434062869806,3.854031801223755,
datasets/heart.csv,xgb,sex,10,20,0,0,"['standard', 'min_max_scaling']",xgb,0.2794008529681702,0.2890198214504088,0.8478215273867491,4.325435161590576,
datasets/heart.csv,rf,sex,10,20,0,1,"['oversampling', 'matching', 'stratified_sampling', 'standard']",rf,0.3884987881889218,0.19294273264861497,0.9699403090264586,4.751136064529419,
datasets/heart.csv,lr,sex,10,20,0,1,"['matching', 'oversampling', 'undersampling', 'standard']",lr,0.3018507579222339,0.31529397164408607,0.918995487488554,4.267807483673096,
datasets/heart.csv,svc,sex,10,20,0,1,"['oversampling', 'clustering', 'stratified_sampling', 'min_max_scaling']",svc,0.32863491252634625,0.31736333587592164,0.9746331609286141,3.857067346572876,
datasets/heart.csv,xgb,sex,10,20,0,1,"['standard', 'undersampling']",xgb,0.29945849280717796,0.2736197322467346,0.8725367178610904,4.334213972091675,
datasets/heart.csv,rf,sex,10,20,1,1,['oversampling'],rf,0.320764533508307,0.3412119766841077,0.9827410437007218,4.7023327350616455,
datasets/heart.csv,lr,sex,10,20,1,1,"['standard', 'undersampling']",lr,0.29079056558848715,0.29107498710854923,0.8726561182855235,4.246757984161377,
datasets/heart.csv,svc,sex,10,20,1,1,"['matching', 'clustering']",svc,0.27191572521649077,0.35799508241807426,0.9018265328510557,3.8549623489379883,
datasets/heart.csv,xgb,sex,10,20,1,1,['oversampling'],xgb,0.30887016708731563,0.35838204526649126,0.9761223794411225,4.321207046508789,
datasets/heart.csv,rf,age,5,20,0,0,"['undersampling', 'clustering', 'ipw', 'matching', 'min_max_scaling']",rf,-inf,inf,0.8791666666666667,1.8608393669128418,
datasets/heart.csv,lr,age,5,20,0,0,['undersampling'],lr,-inf,inf,0.843015873015873,1.928389549255371,
datasets/heart.csv,svc,age,5,20,0,0,"['ipw', 'undersampling']",svc,0.14190476190476192,0.61,0.8938095238095238,2.22815203666687,
datasets/heart.csv,xgb,age,5,20,0,0,"['oversampling', 'standard', 'stratified_sampling']",xgb,-inf,inf,0.8244047619047619,2.083730459213257,
datasets/heart.csv,rf,age,5,20,0,1,"['standard', 'undersampling', 'matching', 'stratified_sampling', 'oversampling', 'clustering']",rf,0.42883894913368925,0.13763207000876995,0.9953099682761485,1.8696858882904053,
datasets/heart.csv,lr,age,5,20,0,1,"['ipw', 'oversampling', 'standard', 'min_max_scaling', 'clustering']",lr,0.4282854503427488,0.11296106030098979,0.9695319609864873,1.923534870147705,
datasets/heart.csv,svc,age,5,20,0,1,"['undersampling', 'stratified_sampling', 'min_max_scaling', 'ipw']",svc,0.4186111111111111,0.1527777777777778,0.99,2.314380407333374,
datasets/heart.csv,xgb,age,5,20,0,1,['oversampling'],xgb,0.4200142937997934,0.15374071271335873,0.9937693003129455,2.0113515853881836,
datasets/heart.csv,rf,age,5,20,1,0,"['ipw', 'stratified_sampling']",rf,-inf,inf,0.9038095238095238,1.873762607574463,
datasets/heart.csv,lr,age,5,20,1,0,"['clustering', 'stratified_sampling']",lr,0.14277777777777775,0.4611111111111112,0.7466666666666667,1.8864631652832031,
datasets/heart.csv,svc,age,5,20,1,0,"['undersampling', 'oversampling']",svc,0.22252645502645496,0.35185185185185186,0.7969047619047618,2.31838059425354,
datasets/heart.csv,xgb,age,5,20,1,0,"['undersampling', 'min_max_scaling']",xgb,-inf,inf,0.8694047619047618,2.041471481323242,
datasets/heart.csv,rf,age,5,20,1,1,['ipw'],rf,0.295526703968656,0.29999826889758413,0.8910516768348961,1.8726341724395752,
datasets/heart.csv,lr,age,5,20,1,1,['min_max_scaling'],lr,0.32964001482802974,0.24073200047581023,0.9000120301318697,1.878464937210083,
datasets/heart.csv,svc,age,5,20,1,1,"['oversampling', 'min_max_scaling']",svc,0.4103999732237241,0.1297876768189155,0.9505876232663637,2.316516876220703,
datasets/heart.csv,xgb,age,5,20,1,1,"['clustering', 'oversampling']",xgb,0.4192591351081848,0.15496212643477245,0.9934803966511421,2.05047607421875,
datasets/german.csv,rf,age,20,15,0,0,"['stratified_sampling', 'ipw', 'standard']",rf,-inf,inf,0.6119191919191919,7.341094732284546,
datasets/german.csv,lr,age,20,15,0,0,"['stratified_sampling', 'clustering', 'standard', 'matching', 'min_max_scaling']",lr,-inf,inf,0.711626984126984,6.950000762939453,
datasets/german.csv,svc,age,20,15,0,0,"['standard', 'oversampling', 'clustering', 'undersampling']",svc,-inf,inf,0.4728080808080808,6.003876209259033,
datasets/german.csv,xgb,age,20,15,0,0,"['stratified_sampling', 'min_max_scaling', 'ipw', 'matching', 'undersampling']",xgb,-inf,inf,0.40388888888888885,6.227205038070679,
datasets/german.csv,rf,age,20,15,1,0,"['undersampling', 'min_max_scaling', 'ipw']",rf,-inf,inf,0.5768650793650794,7.256924867630005,
datasets/german.csv,lr,age,20,15,1,0,['undersampling'],lr,,,0.4274675324675325,6.956144094467163,
datasets/german.csv,svc,age,20,15,1,0,"['clustering', 'undersampling']",svc,-inf,inf,0.5189285714285714,6.019734144210815,
datasets/german.csv,xgb,age,20,15,1,0,"['stratified_sampling', 'matching']",xgb,0.019132395382395306,0.5583333333333333,0.596598124098124,6.198353290557861,
datasets/german.csv,rf,age,20,15,0,1,"['ipw', 'oversampling', 'min_max_scaling']",rf,0.49030459756280614,0.014640648968857818,0.9952498440944701,7.280095100402832,
datasets/german.csv,lr,age,20,15,0,1,"['stratified_sampling', 'undersampling', 'oversampling', 'standard', 'matching', 'min_max_scaling', 'ipw', 'clustering']",lr,-inf,inf,0.766,6.960143089294434,
datasets/german.csv,svc,age,20,15,0,1,"['standard', 'min_max_scaling', 'matching', 'ipw', 'clustering']",svc,0.38584718277491065,0.11548031199898325,0.8871746775488045,6.021734237670898,
datasets/german.csv,xgb,age,20,15,0,1,"['matching', 'undersampling', 'oversampling']",xgb,0.4279776283656364,0.12013034866990442,0.9760856054011773,6.231453895568848,
datasets/german.csv,rf,age,20,15,1,1,['oversampling'],rf,0.4903288606769363,0.014688997186892242,0.9953467185407648,7.247751474380493,
datasets/german.csv,lr,age,20,15,1,1,['stratified_sampling'],lr,,,0.32242712842712845,6.957143068313599,
datasets/german.csv,svc,age,20,15,1,1,['oversampling'],svc,0.4252993324148415,0.08438316266722455,0.9349818274969076,6.021854639053345,
datasets/german.csv,xgb,age,20,15,1,1,"['ipw', 'oversampling']",xgb,0.4734234068779156,0.042176949158574596,0.9890237629144059,6.239330768585205,
datasets/heart.csv,rf,age,10,10,0,0,"['stratified_sampling', 'clustering']",rf,-inf,inf,0.9138095238095237,1.9073903560638428,
datasets/heart.csv,lr,age,10,10,0,0,['undersampling'],lr,-inf,inf,0.843015873015873,2.2975258827209473,
datasets/heart.csv,svc,age,10,10,0,0,"['standard', 'undersampling', 'stratified_sampling', 'clustering']",svc,-inf,inf,0.9071428571428573,2.042351007461548,
datasets/heart.csv,xgb,age,10,10,0,0,['undersampling'],xgb,-inf,inf,0.8694047619047618,1.8139097690582275,
datasets/heart.csv,rf,age,10,10,1,0,"['standard', 'undersampling', 'stratified_sampling']",rf,-inf,inf,0.9361111111111111,1.882462978363037,
datasets/heart.csv,lr,age,10,10,1,0,"['ipw', 'oversampling', 'standard']",lr,0.3943047747367228,0.1591433838547872,0.9477529333282328,2.3043806552886963,
datasets/heart.csv,svc,age,10,10,1,0,"['undersampling', 'stratified_sampling']",svc,-inf,inf,0.8971428571428571,2.0133509635925293,
datasets/heart.csv,xgb,age,10,10,1,0,"['ipw', 'oversampling']",xgb,0.4217679306283913,0.15129399049427553,0.9948298517510581,1.8249061107635498,
datasets/heart.csv,rf,age,10,10,0,1,"['undersampling', 'matching', 'stratified_sampling', 'ipw']",rf,0.2639880952380952,0.2833333333333333,0.8113095238095237,1.8945372104644775,
datasets/heart.csv,lr,age,10,10,0,1,"['oversampling', 'matching', 'clustering', 'ipw']",lr,0.3521332812680634,0.18615470520628244,0.8904212677424093,2.2833807468414307,
datasets/heart.csv,svc,age,10,10,0,1,"['ipw', 'undersampling', 'oversampling']",svc,0.39881780786798776,0.15411645327349577,0.9517520690094713,2.0693442821502686,
datasets/heart.csv,xgb,age,10,10,0,1,"['undersampling', 'clustering', 'stratified_sampling', 'oversampling']",xgb,0.43214026805711186,0.1308142160457457,0.9950947521599695,1.8271751403808594,
datasets/heart.csv,rf,age,10,10,1,1,"['min_max_scaling', 'oversampling']",rf,0.42826225644645427,0.14061982819656008,0.9971443410894686,1.8744676113128662,
datasets/heart.csv,lr,age,10,10,1,1,['oversampling'],lr,0.4059364991625458,0.11383421113541127,0.9257072094605029,2.3123810291290283,
datasets/heart.csv,svc,age,10,10,1,1,"['oversampling', 'matching']",svc,0.4058779904373699,0.13802878353179462,0.9497847644065344,2.0374703407287598,
datasets/heart.csv,xgb,age,10,10,1,1,['oversampling'],xgb,0.4200142937997934,0.15374071271335873,0.9937693003129455,1.8400530815124512,
datasets/heart.csv,rf,age,15,5,0,0,"['stratified_sampling', 'min_max_scaling', 'undersampling', 'ipw', 'matching', 'clustering']",rf,0.25725,0.43194444444444446,0.9464444444444444,1.5379552841186523,
datasets/heart.csv,lr,age,15,5,0,0,['undersampling'],lr,-inf,inf,0.843015873015873,1.8531994819641113,
datasets/heart.csv,svc,age,15,5,0,0,"['min_max_scaling', 'stratified_sampling', 'standard', 'clustering']",svc,0.12315476190476182,0.5694444444444445,0.8157539682539682,1.414095163345337,
datasets/heart.csv,xgb,age,15,5,0,0,"['undersampling', 'min_max_scaling']",xgb,-inf,inf,0.8694047619047618,1.3636529445648193,
datasets/heart.csv,rf,age,15,5,0,1,"['oversampling', 'ipw']",rf,0.4241887255665526,0.14884624348578568,0.9972236946188909,1.5819649696350098,
datasets/heart.csv,lr,age,15,5,0,1,"['stratified_sampling', 'standard', 'undersampling', 'clustering']",lr,0.4756944444444444,0.048611111111111105,1.0,1.8660719394683838,
datasets/heart.csv,svc,age,15,5,0,1,"['ipw', 'oversampling', 'stratified_sampling', 'clustering', 'undersampling']",svc,0.43332310715640143,0.08575289890084908,0.9523991132136519,1.3941593170166016,
datasets/heart.csv,xgb,age,15,5,0,1,"['matching', 'oversampling']",xgb,0.3795791894117957,0.2255195938591529,0.9846779726827443,1.3437566757202148,
datasets/heart.csv,rf,age,15,5,1,1,"['oversampling', 'stratified_sampling']",rf,0.4301743448810424,0.1361523039521123,0.9965009937141971,1.5753536224365234,
datasets/heart.csv,lr,age,15,5,1,1,"['clustering', 'ipw', 'min_max_scaling', 'oversampling']",lr,0.4003968179986916,0.1489094875037539,0.9497031235011371,1.8115208148956299,
datasets/heart.csv,svc,age,15,5,1,1,"['ipw', 'oversampling']",svc,0.4143245019744374,0.11892024087127502,0.9475692448201498,1.3962931632995605,
datasets/heart.csv,xgb,age,15,5,1,1,"['stratified_sampling', 'oversampling', 'standard', 'clustering', 'min_max_scaling']",xgb,0.4282457123680007,0.13594160986091136,0.9924330345969128,1.3446197509765625,
datasets/heart.csv,rf,age,15,5,1,0,"['stratified_sampling', 'undersampling']",rf,-inf,inf,0.8202380952380952,1.5839698314666748,
datasets/heart.csv,lr,age,15,5,1,0,"['matching', 'clustering']",lr,0.2554027979284005,0.346063468352286,0.8568690642090869,1.8520381450653076,
datasets/heart.csv,svc,age,15,5,1,0,"['stratified_sampling', 'undersampling']",svc,-inf,inf,0.8971428571428571,1.39829683303833,
datasets/heart.csv,xgb,age,15,5,1,0,"['stratified_sampling', 'standard']",xgb,-inf,inf,0.7774999999999999,1.3421363830566406,
datasets/heart.csv,rf,sex,20,10,0,0,"['standard', 'stratified_sampling', 'min_max_scaling']",rf,0.23444729820772822,0.4052871494976758,0.8741817459131322,4.362233638763428,
datasets/heart.csv,lr,sex,20,10,0,0,"['ipw', 'min_max_scaling', 'standard']",lr,0.2366242664491411,0.4272586961991271,0.9005072290974093,3.7953121662139893,
datasets/heart.csv,svc,sex,20,10,0,0,"['oversampling', 'stratified_sampling']",svc,0.18050925371577953,0.5783234497507063,0.9393419571822653,4.364189147949219,
datasets/heart.csv,xgb,sex,20,10,0,0,"['standard', 'stratified_sampling']",xgb,0.24821975975463978,0.34586467597303505,0.8423041954823146,3.6342127323150635,
datasets/heart.csv,rf,sex,20,10,1,0,['stratified_sampling'],rf,0.23582794545968735,0.4052871494976758,0.8769430404170505,4.333278179168701,
datasets/heart.csv,lr,sex,20,10,1,0,"['oversampling', 'standard']",lr,0.24676763136376037,0.4306229464277184,0.9241582091552392,3.789273977279663,
datasets/heart.csv,svc,sex,20,10,1,0,"['oversampling', 'matching']",svc,0.190761927087165,0.5358363296423206,0.9173601838166506,4.362186431884766,
datasets/heart.csv,xgb,sex,20,10,1,0,"['stratified_sampling', 'min_max_scaling']",xgb,0.24821975975463978,0.34586467597303505,0.8423041954823146,3.6303470134735107,
datasets/heart.csv,rf,sex,20,10,0,1,"['matching', 'min_max_scaling', 'undersampling', 'oversampling']",rf,0.3381581064892973,0.3170893461145178,0.9934055590931123,4.347280263900757,
datasets/heart.csv,lr,sex,20,10,0,1,"['stratified_sampling', 'ipw', 'oversampling', 'min_max_scaling', 'undersampling']",lr,0.34809654388051336,0.22861559656542352,0.9248086843264502,3.790269613265991,
datasets/heart.csv,svc,sex,20,10,0,1,"['clustering', 'undersampling', 'oversampling', 'standard']",svc,0.34133888659475564,0.19409081278074414,0.8767685859702554,4.382187366485596,
datasets/heart.csv,xgb,sex,20,10,0,1,"['matching', 'oversampling', 'undersampling', 'standard', 'ipw']",xgb,0.39142583184736873,0.1966241826956113,0.9794758463903488,3.647453546524048,
datasets/heart.csv,rf,sex,20,10,1,1,"['undersampling', 'oversampling']",rf,0.37336420052244607,0.2245848921821462,0.9713132932270383,4.305180788040161,
datasets/heart.csv,lr,sex,20,10,1,1,['stratified_sampling'],lr,0.29184533560188347,0.2499082104113064,0.8335988816150733,3.7992355823516846,
datasets/heart.csv,svc,sex,20,10,1,1,"['stratified_sampling', 'min_max_scaling', 'oversampling']",svc,0.28788690545107976,0.34932430947305076,0.9250981203752102,4.338075399398804,
datasets/heart.csv,xgb,sex,20,10,1,1,['oversampling'],xgb,0.30887016708731563,0.35838204526649126,0.9761223794411225,3.6285626888275146,
datasets/heart.csv,rf,sex,15,15,0,0,"['undersampling', 'matching', 'clustering']",rf,0.24754442124794396,0.3747312132312133,0.8698200557271012,5.152076721191406,
datasets/heart.csv,lr,sex,15,15,0,0,"['oversampling', 'undersampling', 'standard', 'clustering', 'matching']",lr,0.19554653576337994,0.5490140442170561,0.940107115743816,4.29395604133606,
datasets/heart.csv,svc,sex,15,15,0,0,"['clustering', 'oversampling', 'min_max_scaling', 'undersampling', 'matching', 'ipw']",svc,0.19735671855098608,0.5133181511388418,0.908031588240814,4.894664287567139,
datasets/heart.csv,xgb,sex,15,15,0,0,"['stratified_sampling', 'standard']",xgb,0.24821975975463978,0.34586467597303505,0.8423041954823146,4.128648042678833,
datasets/heart.csv,rf,sex,15,15,1,0,"['stratified_sampling', 'min_max_scaling']",rf,0.23464294907052816,0.4052871494976758,0.8745730476387321,5.115180730819702,
datasets/heart.csv,lr,sex,15,15,1,0,"['oversampling', 'min_max_scaling']",lr,0.23914550988931724,0.4405530915502737,0.9188441113289082,4.3128392696380615,
datasets/heart.csv,svc,sex,15,15,1,0,"['oversampling', 'min_max_scaling']",svc,0.23577486909874135,0.45287815794643094,0.9244278961439136,4.8566365242004395,
datasets/heart.csv,xgb,sex,15,15,1,0,"['standard', 'stratified_sampling']",xgb,0.24821975975463978,0.34586467597303505,0.8423041954823146,4.118544340133667,
datasets/heart.csv,rf,sex,15,15,1,1,['oversampling'],rf,0.320764533508307,0.3412119766841077,0.9827410437007218,5.097182273864746,
datasets/heart.csv,lr,sex,15,15,1,1,"['stratified_sampling', 'clustering']",lr,0.29184533560188347,0.2499082104113064,0.8335988816150733,4.3269641399383545,
datasets/heart.csv,svc,sex,15,15,1,1,"['min_max_scaling', 'clustering']",svc,0.2953781337371503,0.376281297479137,0.9670375649534376,4.887510299682617,
datasets/heart.csv,xgb,sex,15,15,1,1,"['oversampling', 'min_max_scaling']",xgb,0.30887016708731563,0.35838204526649126,0.9761223794411225,4.084659576416016,
datasets/heart.csv,rf,sex,15,15,0,1,"['matching', 'stratified_sampling', 'oversampling']",rf,0.3885221915590071,0.19294273264861497,0.9699871157666291,5.131179571151733,
datasets/heart.csv,lr,sex,15,15,0,1,"['oversampling', 'stratified_sampling', 'matching', 'undersampling']",lr,0.2943282949554318,0.2510957624458769,0.8397523523567404,4.312841415405273,
datasets/heart.csv,svc,sex,15,15,0,1,"['oversampling', 'ipw', 'undersampling', 'standard', 'matching', 'min_max_scaling']",svc,0.32984553839189523,0.28292494579599176,0.9426160225797823,4.908637285232544,
datasets/heart.csv,xgb,sex,15,15,0,1,"['matching', 'clustering', 'undersampling', 'min_max_scaling']",xgb,0.3139384291939499,0.3184405697183475,0.9463174281062472,4.109662771224976,
datasets/heart.csv,rf,age,10,15,0,0,"['stratified_sampling', 'ipw']",rf,-inf,inf,0.9038095238095238,2.906479597091675,
datasets/heart.csv,lr,age,10,15,0,0,"['standard', 'undersampling', 'stratified_sampling', 'ipw', 'matching', 'clustering']",lr,-inf,inf,0.9027777777777779,3.308725118637085,
datasets/heart.csv,svc,age,10,15,0,0,"['clustering', 'min_max_scaling', 'ipw', 'stratified_sampling']",svc,-inf,inf,0.7469444444444445,2.6259477138519287,
datasets/heart.csv,xgb,age,10,15,0,0,"['stratified_sampling', 'standard', 'ipw', 'clustering']",xgb,-inf,inf,0.7869047619047619,2.0797841548919678,
datasets/heart.csv,rf,age,10,15,0,1,['ipw'],rf,0.295526703968656,0.29999826889758413,0.8910516768348961,2.8956024646759033,
datasets/heart.csv,lr,age,10,15,0,1,"['clustering', 'matching', 'ipw', 'undersampling']",lr,0.3572925170068027,0.075,0.7895850340136054,3.3367509841918945,
datasets/heart.csv,svc,age,10,15,0,1,"['undersampling', 'oversampling', 'min_max_scaling']",svc,0.392694389087534,0.16409572670901262,0.9494845048840806,2.606527805328369,
datasets/heart.csv,xgb,age,10,15,0,1,['oversampling'],xgb,0.4200142937997934,0.15374071271335873,0.9937693003129455,2.078165054321289,
datasets/heart.csv,rf,age,10,15,1,0,['stratified_sampling'],rf,-inf,inf,0.9138095238095237,2.888460636138916,
datasets/heart.csv,lr,age,10,15,1,0,"['min_max_scaling', 'undersampling']",lr,-inf,inf,0.9102380952380951,3.374997615814209,
datasets/heart.csv,svc,age,10,15,1,0,"['undersampling', 'stratified_sampling']",svc,-inf,inf,0.8971428571428571,2.5794239044189453,
datasets/heart.csv,xgb,age,10,15,1,0,"['stratified_sampling', 'standard']",xgb,-inf,inf,0.7774999999999999,2.079164505004883,
datasets/heart.csv,rf,age,10,15,1,1,"['matching', 'stratified_sampling']",rf,0.3484722222222221,0.15222222222222223,0.8491666666666665,2.8854799270629883,
datasets/heart.csv,lr,age,10,15,1,1,['oversampling'],lr,0.4059364991625458,0.11383421113541127,0.9257072094605029,3.3549747467041016,
datasets/heart.csv,svc,age,10,15,1,1,"['min_max_scaling', 'standard']",svc,0.3379968664085829,0.22298200561919934,0.8989757384363651,2.5654261112213135,
datasets/heart.csv,xgb,age,10,15,1,1,['oversampling'],xgb,0.4200142937997934,0.15374071271335873,0.9937693003129455,2.084160804748535,
datasets/heart.csv,rf,age,20,5,0,1,"['stratified_sampling', 'standard', 'matching', 'undersampling', 'oversampling', 'clustering']",rf,0.42883894913368925,0.13763207000876995,0.9953099682761485,1.8611843585968018,
datasets/heart.csv,lr,age,20,5,0,1,['oversampling'],lr,0.4059364991625458,0.11383421113541127,0.9257072094605029,1.7254142761230469,
datasets/heart.csv,svc,age,20,5,0,1,"['matching', 'oversampling', 'stratified_sampling']",svc,0.42219326077115454,0.10700379438222514,0.9513903159245343,1.3673090934753418,
datasets/heart.csv,xgb,age,20,5,0,1,"['ipw', 'standard', 'oversampling']",xgb,0.4217679306283913,0.15129399049427553,0.9948298517510581,1.3643834590911865,
datasets/heart.csv,rf,age,20,5,0,0,"['stratified_sampling', 'ipw', 'clustering', 'oversampling']",rf,-inf,inf,0.8238095238095238,1.8702895641326904,
datasets/heart.csv,lr,age,20,5,0,0,"['stratified_sampling', 'standard', 'undersampling', 'ipw']",lr,-inf,inf,0.7777380952380952,1.7272987365722656,
datasets/heart.csv,svc,age,20,5,0,0,"['clustering', 'standard', 'matching', 'undersampling', 'stratified_sampling']",svc,-inf,inf,0.8092460317460317,1.3966124057769775,
datasets/heart.csv,xgb,age,20,5,0,0,"['standard', 'ipw', 'undersampling']",xgb,-inf,inf,0.8694047619047618,1.35019850730896,
datasets/heart.csv,rf,age,20,5,1,0,"['undersampling', 'clustering', 'min_max_scaling']",rf,-inf,inf,0.9238095238095237,1.8482961654663086,
datasets/heart.csv,lr,age,20,5,1,0,"['matching', 'ipw', 'min_max_scaling', 'oversampling']",lr,0.3419343459276826,0.1900780518518004,0.8739467437071656,1.722266674041748,
datasets/heart.csv,svc,age,20,5,1,0,['standard'],svc,0.3323260202434413,0.23131533895253267,0.8959673794394153,1.3915331363677979,
datasets/heart.csv,xgb,age,20,5,1,0,"['undersampling', 'matching', 'min_max_scaling']",xgb,0.27734126984126983,0.4138888888888889,0.9685714285714285,1.360222339630127,
datasets/heart.csv,rf,age,20,5,1,1,"['oversampling', 'standard']",rf,0.42830532437750435,0.14061982819656008,0.9972304769515687,1.8424761295318604,
datasets/heart.csv,lr,age,20,5,1,1,"['clustering', 'oversampling']",lr,0.40601111846159604,0.11383421113541127,0.9258564480586033,1.7081902027130127,
datasets/heart.csv,svc,age,20,5,1,1,"['stratified_sampling', 'min_max_scaling', 'undersampling', 'clustering']",svc,0.4022222222222222,0.18555555555555558,0.99,1.3955461978912354,
datasets/heart.csv,xgb,age,20,5,1,1,"['clustering', 'stratified_sampling', 'min_max_scaling', 'ipw', 'oversampling', 'undersampling']",xgb,0.43307531506501534,0.1290963970152497,0.9952470271452803,1.3553552627563477,
datasets/german.csv,rf,age,20,20,0,0,"['standard', 'ipw', 'clustering', 'min_max_scaling', 'matching', 'stratified_sampling', 'undersampling']",rf,-inf,inf,0.6405858585858586,9.488142728805542,
datasets/german.csv,lr,age,20,20,0,0,"['oversampling', 'standard', 'min_max_scaling', 'undersampling', 'stratified_sampling', 'matching', 'ipw', 'clustering']",lr,-inf,inf,0.766,8.656895160675049,
datasets/german.csv,svc,age,20,20,0,0,"['undersampling', 'min_max_scaling', 'ipw', 'standard', 'oversampling', 'matching', 'stratified_sampling']",svc,-inf,inf,0.8249523809523808,8.158982515335083,
datasets/german.csv,xgb,age,20,20,0,0,"['clustering', 'stratified_sampling', 'min_max_scaling', 'matching']",xgb,-inf,inf,0.5280555555555556,5.808727502822876,
datasets/german.csv,rf,age,20,20,0,1,"['min_max_scaling', 'oversampling']",rf,0.4897704679177971,0.01578244931914524,0.9953233851547394,9.47997236251831,
datasets/german.csv,lr,age,20,20,0,1,"['oversampling', 'clustering', 'ipw', 'stratified_sampling', 'matching', 'undersampling', 'min_max_scaling', 'standard']",lr,-inf,inf,0.766,8.65889596939087,
datasets/german.csv,svc,age,20,20,0,1,"['min_max_scaling', 'undersampling', 'oversampling', 'standard', 'stratified_sampling', 'ipw']",svc,0.4355258451440302,0.06363058432148613,0.9346822746095466,8.157982587814331,
datasets/german.csv,xgb,age,20,20,0,1,"['standard', 'stratified_sampling', 'ipw', 'matching', 'oversampling', 'undersampling', 'min_max_scaling', 'clustering']",xgb,0.2721134431045146,0.2675873015873016,0.8118141877963307,5.8097217082977295,
datasets/heart.csv,rf,age,15,10,0,0,['undersampling'],rf,-inf,inf,0.9029761904761905,3.377481698989868,
datasets/heart.csv,lr,age,15,10,0,0,"['min_max_scaling', 'matching', 'stratified_sampling', 'standard', 'undersampling', 'clustering']",lr,-inf,inf,0.8916666666666666,2.714906692504883,
datasets/heart.csv,svc,age,15,10,0,0,"['min_max_scaling', 'stratified_sampling']",svc,0.010972222222222217,0.7694444444444445,0.7913888888888889,2.145813465118408,
datasets/heart.csv,xgb,age,15,10,0,0,['stratified_sampling'],xgb,-inf,inf,0.7774999999999999,1.9020934104919434,
datasets/german.csv,rf,age,20,20,1,0,"['standard', 'stratified_sampling']",rf,0.13653535353535348,0.4000000000000001,0.673070707070707,9.453857421875,
datasets/german.csv,lr,age,20,20,1,0,"['min_max_scaling', 'standard']",lr,0.18261729267019472,0.24160858835554577,0.6068431736959352,8.656894445419312,
datasets/german.csv,svc,age,20,20,1,0,"['stratified_sampling', 'undersampling']",svc,-inf,inf,0.6572222222222223,8.159088611602783,
datasets/german.csv,xgb,age,20,20,1,0,"['undersampling', 'min_max_scaling']",xgb,0.03747354497354491,0.4767195767195768,0.5516666666666666,5.8157336711883545,
datasets/german.csv,rf,age,20,20,1,1,['oversampling'],rf,0.4903288606769363,0.014688997186892242,0.9953467185407648,9.423746109008789,
datasets/german.csv,lr,age,20,20,1,1,"['oversampling', 'ipw']",lr,0.38027856401030996,0.07554651826744688,0.8361036462880668,8.64397668838501,
datasets/german.csv,svc,age,20,20,1,1,"['min_max_scaling', 'oversampling']",svc,0.42646142874107046,0.08182996718862467,0.9347528246707656,8.157009840011597,
datasets/german.csv,xgb,age,20,20,1,1,"['oversampling', 'standard']",xgb,0.4737594582058432,0.0436115846062863,0.9911305010179727,5.78973650932312,
datasets/heart.csv,rf,age,15,10,0,1,"['stratified_sampling', 'ipw', 'oversampling', 'standard']",rf,0.4258055040811174,0.14341311260326522,0.9950241207655,3.3406031131744385,
datasets/heart.csv,lr,age,15,10,0,1,"['clustering', 'oversampling', 'undersampling', 'min_max_scaling', 'matching', 'standard']",lr,0.4001624913555372,0.14691959917909073,0.9472445818901651,2.7078962326049805,
datasets/heart.csv,svc,age,15,10,0,1,"['clustering', 'oversampling']",svc,0.41757239866035967,0.11398632879066556,0.9491311261113848,2.14083194732666,
datasets/heart.csv,xgb,age,15,10,0,1,"['ipw', 'matching', 'stratified_sampling']",xgb,0.2806377551020407,0.2800000000000001,0.8412755102040815,1.9029619693756104,
datasets/heart.csv,rf,age,15,10,1,0,"['matching', 'clustering']",rf,0.2575158493604025,0.3800232008368254,0.8950548995576304,3.35060715675354,
datasets/heart.csv,lr,age,15,10,1,0,"['undersampling', 'stratified_sampling', 'oversampling']",lr,0.40130045155946714,0.12062023731227982,0.9232211404312141,2.7100956439971924,
datasets/heart.csv,svc,age,15,10,1,0,"['stratified_sampling', 'min_max_scaling', 'undersampling']",svc,-inf,inf,0.7394047619047618,2.1336350440979004,
datasets/heart.csv,xgb,age,15,10,1,0,"['clustering', 'stratified_sampling']",xgb,-inf,inf,0.7774999999999999,1.8989603519439697,
datasets/heart.csv,rf,age,15,10,1,1,"['stratified_sampling', 'matching']",rf,0.3484722222222221,0.15222222222222223,0.8491666666666665,3.3276054859161377,
datasets/heart.csv,lr,age,15,10,1,1,"['stratified_sampling', 'oversampling', 'min_max_scaling']",lr,0.400409819802178,0.14535595488698363,0.9461755944913396,2.7120957374572754,
datasets/heart.csv,svc,age,15,10,1,1,"['min_max_scaling', 'clustering', 'undersampling', 'stratified_sampling']",svc,0.4022222222222222,0.18555555555555558,0.99,2.13163423538208,
datasets/heart.csv,xgb,age,15,10,1,1,"['oversampling', 'ipw']",xgb,0.4217679306283913,0.15129399049427553,0.9948298517510581,1.9009590148925781,
datasets/heart.csv,rf,sex,15,20,0,0,['stratified_sampling'],rf,0.23582794545968735,0.4052871494976758,0.8769430404170505,6.613345384597778,
datasets/heart.csv,lr,sex,15,20,0,0,"['oversampling', 'min_max_scaling', 'stratified_sampling', 'matching', 'ipw']",lr,0.13502850624337287,0.6871604656037941,0.9572174780905398,5.71285343170166,
datasets/heart.csv,svc,sex,15,20,0,0,"['stratified_sampling', 'ipw', 'oversampling', 'clustering']",svc,0.1865473088479878,0.5667333268218686,0.9398279445178442,5.946282386779785,
datasets/heart.csv,xgb,sex,15,20,0,0,"['stratified_sampling', 'matching', 'ipw', 'standard', 'undersampling']",xgb,0.25111032140526357,0.3441979731148304,0.8464186159253575,3.838286876678467,
datasets/heart.csv,rf,sex,15,20,1,0,"['stratified_sampling', 'standard']",rf,0.2355093975127693,0.4052871494976758,0.8763059445232144,6.587346792221069,
datasets/heart.csv,lr,sex,15,20,1,0,"['oversampling', 'ipw']",lr,0.24728689179183996,0.4099732580694307,0.9045470416531106,5.735852479934692,
datasets/heart.csv,svc,sex,15,20,1,0,"['oversampling', 'matching']",svc,0.190761927087165,0.5358363296423206,0.9173601838166506,5.931291818618774,
datasets/heart.csv,xgb,sex,15,20,1,0,['stratified_sampling'],xgb,0.24821975975463978,0.34586467597303505,0.8423041954823146,3.832273244857788,
datasets/heart.csv,rf,sex,15,20,1,1,"['standard', 'oversampling']",rf,0.3260426700281611,0.3306233316127039,0.9827086716690262,6.57434606552124,
datasets/heart.csv,lr,sex,15,20,1,1,"['oversampling', 'undersampling', 'ipw', 'min_max_scaling', 'stratified_sampling']",lr,0.34809654388051336,0.22861559656542352,0.9248086843264502,5.740853309631348,
datasets/heart.csv,svc,sex,15,20,1,1,"['clustering', 'standard']",svc,0.28662007953679686,0.3343257782871123,0.907565937360706,5.922279357910156,
datasets/heart.csv,xgb,sex,15,20,1,1,"['standard', 'oversampling']",xgb,0.30887016708731563,0.35838204526649126,0.9761223794411225,3.833285331726074,
datasets/heart.csv,rf,sex,15,20,0,1,"['undersampling', 'min_max_scaling', 'stratified_sampling', 'clustering']",rf,0.33328047198356603,0.29008142743049864,0.9566423713976306,6.598345994949341,
datasets/heart.csv,lr,sex,15,20,0,1,"['stratified_sampling', 'standard', 'ipw', 'min_max_scaling', 'matching', 'undersampling']",lr,0.2748660266714489,0.3438577544980584,0.8935898078409561,5.763852596282959,
datasets/heart.csv,svc,sex,15,20,0,1,"['min_max_scaling', 'matching', 'ipw', 'oversampling', 'standard', 'clustering', 'undersampling']",svc,0.4170430495835477,0.12343652643652646,0.9575226256036219,5.93328070640564,
datasets/heart.csv,xgb,sex,15,20,0,1,"['standard', 'undersampling', 'oversampling', 'stratified_sampling']",xgb,0.3786245433909586,0.2263238495823635,0.9835729363642807,3.8283579349517822,
datasets/heart.csv,rf,age,10,20,0,0,"['matching', 'standard', 'clustering', 'undersampling', 'stratified_sampling', 'ipw']",rf,-inf,inf,0.8813492063492063,4.366186857223511,
datasets/heart.csv,lr,age,10,20,0,0,"['clustering', 'undersampling', 'standard', 'oversampling', 'stratified_sampling']",lr,-inf,inf,0.8669047619047617,3.617453098297119,
datasets/heart.csv,svc,age,10,20,0,0,"['ipw', 'stratified_sampling', 'standard']",svc,0.010654761904761834,0.7027777777777778,0.7240873015873015,2.777691125869751,
datasets/heart.csv,xgb,age,10,20,0,0,"['ipw', 'stratified_sampling', 'standard', 'clustering', 'undersampling', 'min_max_scaling']",xgb,-inf,inf,0.8305714285714284,2.085129737854004,
datasets/heart.csv,rf,age,10,20,0,1,"['oversampling', 'clustering', 'stratified_sampling']",rf,0.4296268168602195,0.13618363594495264,0.9954372696653916,4.325100421905518,
datasets/heart.csv,lr,age,10,20,0,1,['oversampling'],lr,0.4059364991625458,0.11383421113541127,0.9257072094605029,3.6244094371795654,
datasets/heart.csv,svc,age,10,20,0,1,"['min_max_scaling', 'stratified_sampling', 'ipw', 'undersampling']",svc,0.4186111111111111,0.1527777777777778,0.99,2.7690162658691406,
datasets/heart.csv,xgb,age,10,20,0,1,"['oversampling', 'min_max_scaling', 'matching', 'standard', 'ipw', 'clustering', 'undersampling', 'stratified_sampling']",xgb,0.24668253968253967,0.3422222222222222,0.8355873015873015,2.0776894092559814,
datasets/heart.csv,rf,age,10,20,1,1,"['oversampling', 'min_max_scaling']",rf,0.42826225644645427,0.14061982819656008,0.9971443410894686,4.309579849243164,
datasets/heart.csv,lr,age,10,20,1,1,"['ipw', 'oversampling']",lr,0.41730298327278764,0.0892715936881322,0.9238775602337075,3.616590976715088,
datasets/heart.csv,svc,age,10,20,1,1,"['undersampling', 'oversampling', 'standard']",svc,0.3982746959492517,0.15411645327349577,0.9506658451719991,2.7681541442871094,
datasets/heart.csv,xgb,age,10,20,1,1,['oversampling'],xgb,0.4200142937997934,0.15374071271335873,0.9937693003129455,2.019381046295166,
datasets/heart.csv,rf,age,10,20,1,0,"['ipw', 'stratified_sampling']",rf,-inf,inf,0.9038095238095238,4.324768781661987,
datasets/heart.csv,lr,age,10,20,1,0,"['min_max_scaling', 'stratified_sampling']",lr,-inf,inf,0.9352380952380951,3.630707025527954,
datasets/heart.csv,svc,age,10,20,1,0,"['ipw', 'stratified_sampling']",svc,0.13998015873015876,0.42777777777777776,0.7077380952380953,2.770155906677246,
datasets/heart.csv,xgb,age,10,20,1,0,"['ipw', 'undersampling', 'stratified_sampling']",xgb,-inf,inf,0.8305714285714284,2.0353755950927734,
datasets/heart.csv,rf,sex,20,15,0,0,['stratified_sampling'],rf,0.23582794545968735,0.4052871494976758,0.8769430404170505,5.927822113037109,
datasets/heart.csv,lr,sex,20,15,0,0,"['oversampling', 'stratified_sampling', 'undersampling', 'clustering', 'ipw', 'min_max_scaling']",lr,0.23888692326870756,0.41236154272632936,0.8901353892637445,6.171944856643677,
datasets/heart.csv,svc,sex,20,15,0,0,"['oversampling', 'clustering', 'ipw', 'matching']",svc,0.19445765032281165,0.5261427160888988,0.9150580167345221,4.440715312957764,
datasets/heart.csv,xgb,sex,20,15,0,0,"['min_max_scaling', 'ipw', 'standard', 'undersampling', 'matching']",xgb,0.2399396450409564,0.3674494486994487,0.8473287387813615,2.6939871311187744,
datasets/heart.csv,rf,sex,20,15,0,1,"['oversampling', 'min_max_scaling', 'standard', 'undersampling']",rf,0.3740846290447323,0.2245848921821462,0.9727541502716107,5.883672714233398,
datasets/heart.csv,lr,sex,20,15,0,1,"['standard', 'clustering', 'undersampling', 'min_max_scaling']",lr,0.33881656695011836,0.22257251054733895,0.9002056444475757,6.171934127807617,
datasets/heart.csv,svc,sex,20,15,0,1,"['matching', 'clustering', 'standard']",svc,0.2969898502518251,0.30275109746720325,0.8967307979708534,4.466712951660156,
datasets/heart.csv,xgb,sex,20,15,0,1,"['matching', 'undersampling', 'standard', 'oversampling']",xgb,0.39142583184736873,0.1966241826956113,0.9794758463903488,2.6879918575286865,
datasets/heart.csv,rf,sex,20,15,1,0,"['standard', 'stratified_sampling']",rf,0.2355093975127693,0.4052871494976758,0.8763059445232144,5.860847473144531,
datasets/heart.csv,lr,sex,20,15,1,0,"['oversampling', 'matching']",lr,0.2107034218163917,0.45925726373194115,0.8806641073647246,6.171504020690918,
datasets/heart.csv,svc,sex,20,15,1,0,"['oversampling', 'stratified_sampling', 'ipw', 'matching', 'standard']",svc,0.24985459392815576,0.4251074228668265,0.924816610723138,4.416588306427002,
datasets/heart.csv,xgb,sex,20,15,1,0,['stratified_sampling'],xgb,0.24821975975463978,0.34586467597303505,0.8423041954823146,2.6759607791900635,
datasets/heart.csv,rf,sex,20,15,1,1,"['undersampling', 'oversampling']",rf,0.37336420052244607,0.2245848921821462,0.9713132932270383,5.842361211776733,
datasets/heart.csv,lr,sex,20,15,1,1,"['matching', 'clustering', 'min_max_scaling', 'standard']",lr,0.3108907182873494,0.34129643421807726,0.9630778707927761,6.186887502670288,
datasets/heart.csv,svc,sex,20,15,1,1,"['standard', 'clustering']",svc,0.28662007953679686,0.3343257782871123,0.907565937360706,4.38847017288208,
datasets/heart.csv,xgb,sex,20,15,1,1,['oversampling'],xgb,0.30887016708731563,0.35838204526649126,0.9761223794411225,2.6560285091400146,
datasets/heart.csv,rf,age,15,15,0,0,"['stratified_sampling', 'clustering']",rf,-inf,inf,0.9138095238095237,4.745936155319214,
datasets/heart.csv,lr,age,15,15,0,0,"['standard', 'undersampling']",lr,-inf,inf,0.9233333333333332,3.4363956451416016,
datasets/heart.csv,svc,age,15,15,0,0,"['standard', 'min_max_scaling', 'undersampling', 'ipw', 'clustering']",svc,-inf,inf,0.8791666666666667,2.586467981338501,
datasets/heart.csv,xgb,age,15,15,0,0,"['stratified_sampling', 'oversampling', 'min_max_scaling', 'undersampling']",xgb,-inf,inf,0.901,1.6315317153930664,
datasets/heart.csv,rf,age,15,15,0,1,"['oversampling', 'stratified_sampling']",rf,0.4301743448810424,0.1361523039521123,0.9965009937141971,4.7383105754852295,
datasets/heart.csv,lr,age,15,15,0,1,"['oversampling', 'min_max_scaling', 'matching', 'undersampling', 'stratified_sampling', 'standard']",lr,0.4114057311495747,0.12153949252696448,0.9443509548261139,3.4301509857177734,
datasets/heart.csv,svc,age,15,15,0,1,"['ipw', 'standard', 'oversampling', 'clustering']",svc,0.41462384022130516,0.11673879450869329,0.9459864749513036,2.5743408203125,
datasets/heart.csv,xgb,age,15,15,0,1,"['oversampling', 'clustering', 'ipw', 'matching', 'undersampling']",xgb,0.41626756942512994,0.15225080989176046,0.9847859487420203,1.6265318393707275,
datasets/heart.csv,rf,age,15,15,1,0,['undersampling'],rf,-inf,inf,0.9029761904761905,4.704308748245239,
datasets/heart.csv,lr,age,15,15,1,0,"['clustering', 'min_max_scaling', 'undersampling']",lr,-inf,inf,0.9102380952380951,3.434147357940674,
datasets/heart.csv,svc,age,15,15,1,0,"['undersampling', 'clustering', 'stratified_sampling']",svc,0.3021825396825396,0.3194444444444445,0.9238095238095237,2.5783400535583496,
datasets/heart.csv,xgb,age,15,15,1,0,"['stratified_sampling', 'oversampling', 'standard']",xgb,-inf,inf,0.8244047619047619,1.6285314559936523,
datasets/heart.csv,rf,age,15,15,1,1,"['min_max_scaling', 'standard', 'oversampling']",rf,0.42830532437750435,0.14061982819656008,0.9972304769515687,4.699578046798706,
datasets/heart.csv,lr,age,15,15,1,1,"['clustering', 'oversampling']",lr,0.40601111846159604,0.11383421113541127,0.9258564480586033,3.432997465133667,
datasets/heart.csv,svc,age,15,15,1,1,"['min_max_scaling', 'matching', 'oversampling']",svc,0.40377129335511697,0.14143031227511746,0.9489728989853514,2.550960063934326,
datasets/heart.csv,xgb,age,15,15,1,1,"['oversampling', 'ipw']",xgb,0.4217679306283913,0.15129399049427553,0.9948298517510581,1.6169121265411377,
datasets/heart.csv,rf,age,20,10,0,0,['stratified_sampling'],rf,-inf,inf,0.9138095238095237,3.389958620071411,
datasets/heart.csv,lr,age,20,10,0,0,"['standard', 'oversampling', 'stratified_sampling', 'clustering']",lr,-inf,inf,0.7804761904761905,2.635227680206299,
datasets/heart.csv,svc,age,20,10,0,0,"['standard', 'ipw', 'undersampling']",svc,-inf,inf,0.8071825396825396,1.7900047302246094,
datasets/heart.csv,xgb,age,20,10,0,0,"['undersampling', 'stratified_sampling']",xgb,-inf,inf,0.8244047619047619,1.2730598449707031,
datasets/heart.csv,rf,age,20,10,0,1,"['oversampling', 'ipw', 'stratified_sampling']",rf,0.4264315726033704,0.1437434085604932,0.996606553767234,3.3680875301361084,
datasets/heart.csv,lr,age,20,10,0,1,"['clustering', 'stratified_sampling', 'standard', 'undersampling']",lr,0.4756944444444444,0.048611111111111105,1.0,2.6363260746002197,
datasets/heart.csv,svc,age,20,10,0,1,"['stratified_sampling', 'undersampling', 'ipw', 'min_max_scaling']",svc,0.4186111111111111,0.1527777777777778,0.99,1.7759065628051758,
datasets/heart.csv,xgb,age,20,10,0,1,"['oversampling', 'undersampling', 'standard', 'matching', 'ipw']",xgb,0.41729198253745886,0.15033927728433746,0.9849232423592552,1.2719316482543945,
datasets/heart.csv,rf,age,20,10,1,0,"['min_max_scaling', 'undersampling']",rf,-inf,inf,0.9029761904761905,3.348968982696533,
datasets/heart.csv,lr,age,20,10,1,0,"['clustering', 'stratified_sampling', 'ipw']",lr,0.1778968253968254,0.22777777777777777,0.5835714285714285,2.6374638080596924,
datasets/heart.csv,svc,age,20,10,1,0,"['stratified_sampling', 'ipw', 'oversampling']",svc,0.41256932807451324,0.12581171352500795,0.9509503696740345,1.767768383026123,
datasets/heart.csv,xgb,age,20,10,1,0,"['undersampling', 'oversampling', 'clustering']",xgb,0.18171957671957673,0.5648148148148149,0.9282539682539683,1.2690463066101074,
datasets/heart.csv,rf,age,20,10,1,1,"['min_max_scaling', 'oversampling']",rf,0.42826225644645427,0.14061982819656008,0.9971443410894686,3.334822654724121,
datasets/heart.csv,lr,age,20,10,1,1,"['standard', 'oversampling']",lr,0.3923153194020129,0.1630459788532726,0.9476766176572984,2.6374623775482178,
datasets/heart.csv,svc,age,20,10,1,1,"['clustering', 'oversampling']",svc,0.41757239866035967,0.11398632879066556,0.9491311261113848,1.7627687454223633,
datasets/heart.csv,xgb,age,20,10,1,1,"['oversampling', 'ipw']",xgb,0.4217679306283913,0.15129399049427553,0.9948298517510581,1.2690458297729492,
datasets/heart.csv,rf,sex,20,20,0,0,"['min_max_scaling', 'oversampling', 'matching', 'ipw', 'clustering', 'stratified_sampling', 'standard']",rf,0.2156613449102071,0.5645258439030075,0.9958485337234217,7.89604640007019,
datasets/heart.csv,lr,sex,20,20,0,0,"['min_max_scaling', 'oversampling', 'standard', 'matching', 'stratified_sampling', 'undersampling']",lr,0.17824676435651787,0.5948223065252921,0.9513158352383279,7.105909824371338,
datasets/heart.csv,svc,sex,20,20,0,0,"['undersampling', 'min_max_scaling', 'matching', 'oversampling', 'ipw', 'stratified_sampling']",svc,0.19523228682080174,0.5576833777830638,0.9481479514246672,3.8946239948272705,
datasets/heart.csv,xgb,sex,20,20,0,0,['stratified_sampling'],xgb,0.24821975975463978,0.34586467597303505,0.8423041954823146,1.8648908138275146,
datasets/heart.csv,rf,sex,20,20,1,0,"['stratified_sampling', 'standard']",rf,0.2355093975127693,0.4052871494976758,0.8763059445232144,7.879001617431641,
datasets/heart.csv,lr,sex,20,20,1,0,"['oversampling', 'stratified_sampling']",lr,0.2545717674431882,0.3428556954529494,0.8519992303393258,7.077990293502808,
datasets/heart.csv,svc,sex,20,20,1,0,"['oversampling', 'matching']",svc,0.190761927087165,0.5358363296423206,0.9173601838166506,3.89050030708313,
datasets/heart.csv,xgb,sex,20,20,1,0,"['stratified_sampling', 'clustering']",xgb,0.24821975975463978,0.34586467597303505,0.8423041954823146,1.8658907413482666,
datasets/heart.csv,rf,sex,20,20,0,1,"['stratified_sampling', 'matching', 'standard', 'oversampling']",rf,0.3884987881889218,0.19294273264861497,0.9699403090264586,7.915139436721802,
datasets/heart.csv,lr,sex,20,20,0,1,"['ipw', 'standard', 'stratified_sampling', 'oversampling']",lr,0.3080736569584447,0.3204963961371284,0.9366437100540178,7.0713818073272705,
datasets/heart.csv,svc,sex,20,20,0,1,"['standard', 'min_max_scaling']",svc,0.26269281468053146,0.3735901090753022,0.8989757384363651,3.8834965229034424,
datasets/heart.csv,xgb,sex,20,20,0,1,"['ipw', 'matching', 'oversampling']",xgb,0.3144024036436909,0.3344857386012143,0.9632905458885961,1.8658971786499023,
datasets/heart.csv,rf,sex,20,20,1,1,"['oversampling', 'ipw']",rf,0.32375083643735636,0.33810729285478613,0.9856089657294989,7.880716800689697,
datasets/heart.csv,lr,sex,20,20,1,1,['stratified_sampling'],lr,0.29184533560188347,0.2499082104113064,0.8335988816150733,7.032325506210327,
datasets/heart.csv,svc,sex,20,20,1,1,"['clustering', 'standard']",svc,0.28662007953679686,0.3343257782871123,0.907565937360706,3.882495641708374,
datasets/heart.csv,xgb,sex,20,20,1,1,"['standard', 'undersampling', 'oversampling']",xgb,0.31095113871171653,0.35671253845148176,0.9786148158749148,1.8668935298919678,
datasets/heart.csv,rf,age,15,20,0,0,"['undersampling', 'stratified_sampling']",rf,-inf,inf,0.8202380952380952,5.530611515045166,
datasets/heart.csv,lr,age,15,20,0,0,"['clustering', 'ipw', 'stratified_sampling', 'undersampling', 'oversampling', 'min_max_scaling']",lr,-inf,inf,0.9394047619047619,3.658362865447998,
datasets/heart.csv,svc,age,15,20,0,0,"['min_max_scaling', 'ipw', 'standard', 'stratified_sampling', 'clustering', 'oversampling', 'undersampling']",svc,-inf,inf,0.7002380952380952,2.0653672218322754,
datasets/heart.csv,xgb,age,15,20,0,0,"['undersampling', 'stratified_sampling', 'oversampling', 'ipw']",xgb,-inf,inf,0.8169047619047619,1.2658567428588867,
datasets/heart.csv,rf,age,15,20,1,1,"['standard', 'oversampling']",rf,0.42830532437750435,0.14061982819656008,0.9972304769515687,5.423309087753296,
datasets/heart.csv,lr,age,15,20,1,1,"['undersampling', 'oversampling']",lr,0.42955633952055283,0.07105342121455151,0.9301661002556572,3.6488027572631836,
datasets/heart.csv,svc,age,15,20,1,1,"['clustering', 'undersampling']",svc,0.33176587301587296,0.2477777777777778,0.9113095238095237,2.056488513946533,
datasets/heart.csv,xgb,age,15,20,1,1,"['min_max_scaling', 'oversampling']",xgb,0.4200142937997934,0.15374071271335873,0.9937693003129455,1.2597286701202393,
datasets/heart.csv,rf,age,15,20,0,1,"['stratified_sampling', 'clustering', 'min_max_scaling', 'oversampling', 'ipw']",rf,0.4272750308290437,0.1414886740648474,0.9960387357229349,5.506617546081543,
datasets/heart.csv,lr,age,15,20,0,1,"['stratified_sampling', 'clustering', 'ipw', 'matching', 'oversampling', 'standard']",lr,0.41321279109324,0.1286352291226459,0.9550608113091259,3.645803213119507,
datasets/heart.csv,svc,age,15,20,0,1,"['stratified_sampling', 'matching', 'undersampling', 'ipw', 'oversampling', 'clustering', 'min_max_scaling', 'standard']",svc,0.3129166666666666,0.25666666666666665,0.8825,2.0574862957000732,
datasets/heart.csv,xgb,age,15,20,0,1,"['standard', 'stratified_sampling', 'oversampling', 'matching']",xgb,0.43891227987001524,0.11519678819562668,0.9930213479356571,1.2587246894836426,
datasets/heart.csv,rf,age,15,20,1,0,"['standard', 'ipw']",rf,0.29361795849451644,0.30401192725921083,0.8912478442482437,5.44743275642395,
datasets/heart.csv,lr,age,15,20,1,0,['undersampling'],lr,-inf,inf,0.843015873015873,3.65080189704895,
datasets/heart.csv,svc,age,15,20,1,0,"['undersampling', 'stratified_sampling']",svc,-inf,inf,0.8971428571428571,2.0694878101348877,
datasets/heart.csv,xgb,age,15,20,1,0,['undersampling'],xgb,-inf,inf,0.8694047619047618,1.2587239742279053,
datasets/heart.csv,rf,age,20,15,0,0,"['clustering', 'undersampling']",rf,-inf,inf,0.9238095238095237,4.6877264976501465,
datasets/heart.csv,lr,age,20,15,0,0,"['undersampling', 'standard', 'stratified_sampling', 'oversampling', 'matching', 'clustering', 'min_max_scaling']",lr,-inf,inf,0.9333333333333332,2.977477788925171,
datasets/heart.csv,svc,age,20,15,0,0,"['ipw', 'matching', 'stratified_sampling', 'undersampling']",svc,-inf,inf,0.8535714285714284,1.6690337657928467,
datasets/heart.csv,xgb,age,20,15,0,0,"['ipw', 'standard', 'stratified_sampling', 'undersampling', 'clustering']",xgb,-inf,inf,0.8244047619047619,1.0187134742736816,
datasets/heart.csv,rf,age,20,15,1,0,"['stratified_sampling', 'standard']",rf,-inf,inf,0.9138095238095237,4.655587434768677,
datasets/heart.csv,lr,age,20,15,1,0,"['undersampling', 'standard']",lr,-inf,inf,0.9233333333333332,2.9603688716888428,
datasets/heart.csv,svc,age,20,15,1,0,"['stratified_sampling', 'undersampling']",svc,-inf,inf,0.8971428571428571,1.6640291213989258,
datasets/heart.csv,xgb,age,20,15,1,0,"['clustering', 'undersampling']",xgb,-inf,inf,0.8694047619047618,1.0187177658081055,
datasets/heart.csv,rf,age,20,15,0,1,"['clustering', 'min_max_scaling', 'standard']",rf,0.3262329301184431,0.28381800959392806,0.9362838698308144,4.673692464828491,
datasets/heart.csv,lr,age,20,15,0,1,"['undersampling', 'stratified_sampling', 'clustering', 'min_max_scaling', 'standard']",lr,0.43222222222222223,0.13555555555555554,1.0,2.9753644466400146,
datasets/heart.csv,svc,age,20,15,0,1,"['ipw', 'oversampling']",svc,0.4143245019744374,0.11892024087127502,0.9475692448201498,1.6610333919525146,
datasets/heart.csv,xgb,age,20,15,0,1,"['standard', 'oversampling', 'clustering']",xgb,0.4200142937997934,0.15374071271335873,0.9937693003129455,1.0197172164916992,
datasets/heart.csv,rf,age,20,15,1,1,"['oversampling', 'standard']",rf,0.42830532437750435,0.14061982819656008,0.9972304769515687,4.645589828491211,
datasets/heart.csv,lr,age,20,15,1,1,"['ipw', 'oversampling']",lr,0.41730298327278764,0.0892715936881322,0.9238775602337075,2.9643635749816895,
datasets/heart.csv,svc,age,20,15,1,1,"['undersampling', 'ipw', 'oversampling']",svc,0.39881780786798776,0.15411645327349577,0.9517520690094713,1.6580309867858887,
datasets/heart.csv,xgb,age,20,15,1,1,"['standard', 'oversampling']",xgb,0.4200142937997934,0.15374071271335873,0.9937693003129455,1.0147206783294678,
datasets/heart.csv,rf,age,20,20,0,0,"['min_max_scaling', 'undersampling']",rf,-inf,inf,0.9029761904761905,5.185851097106934,
datasets/heart.csv,lr,age,20,20,0,0,"['standard', 'min_max_scaling', 'undersampling']",lr,-inf,inf,0.9066666666666666,2.4766135215759277,
datasets/heart.csv,svc,age,20,20,0,0,"['min_max_scaling', 'stratified_sampling', 'oversampling', 'standard', 'clustering', 'undersampling', 'ipw']",svc,-inf,inf,0.7002380952380952,1.1659653186798096,
datasets/heart.csv,xgb,age,20,20,0,0,"['undersampling', 'standard', 'min_max_scaling', 'clustering']",xgb,-inf,inf,0.8694047619047618,0.4077446460723877,
datasets/heart.csv,rf,age,20,20,0,1,"['oversampling', 'ipw', 'clustering']",rf,0.42628994885378074,0.14516404173817907,0.9977439394457406,5.18394660949707,
datasets/heart.csv,lr,age,20,20,0,1,"['standard', 'oversampling']",lr,0.3923153194020129,0.1630459788532726,0.9476766176572984,2.4695193767547607,
datasets/heart.csv,svc,age,20,20,0,1,"['stratified_sampling', 'oversampling', 'ipw', 'clustering']",svc,0.41412420317920823,0.1222297277833978,0.9504781341418143,1.1629650592803955,
datasets/heart.csv,xgb,age,20,20,0,1,"['clustering', 'stratified_sampling', 'standard', 'min_max_scaling', 'oversampling']",xgb,0.4282457123680007,0.13594160986091136,0.9924330345969128,0.40874743461608887,
datasets/heart.csv,rf,age,20,20,1,0,['undersampling'],rf,-inf,inf,0.9029761904761905,5.16058874130249,
datasets/heart.csv,lr,age,20,20,1,0,"['stratified_sampling', 'oversampling']",lr,-inf,inf,0.7457936507936509,2.464613914489746,
datasets/heart.csv,svc,age,20,20,1,0,"['stratified_sampling', 'standard']",svc,0.029702380952380925,0.7027777777777778,0.7621825396825397,1.1599645614624023,
datasets/heart.csv,xgb,age,20,20,1,0,['stratified_sampling'],xgb,-inf,inf,0.7774999999999999,0.4088740348815918,
datasets/heart.csv,rf,age,20,20,1,1,"['undersampling', 'oversampling']",rf,0.4202960313662346,0.15736116789795407,0.9979532306304233,5.147588491439819,
datasets/heart.csv,lr,age,20,20,1,1,['oversampling'],lr,0.4059364991625458,0.11383421113541127,0.9257072094605029,2.4646129608154297,
datasets/heart.csv,svc,age,20,20,1,1,"['clustering', 'oversampling']",svc,0.41757239866035967,0.11398632879066556,0.9491311261113848,1.1549656391143799,
datasets/heart.csv,xgb,age,20,20,1,1,"['oversampling', 'ipw']",xgb,0.4217679306283913,0.15129399049427553,0.9948298517510581,0.4088742733001709,
