population_size,generations,alpha,beta,n_runs,fitness_mean,fitness_median,fitness_std,fairness_mean,fairness_median,fairness_std,perf_mean,perf_median,perf_std,time_mean,time_median,time_std
5,5,0.0,0.0,19,0.17470151968900136,0.2041119713219328,0.14538229917196238,0.4327590492418621,0.4052871494976758,0.2821416037122101,0.772648462052535,0.7794011665317742,0.1356122696590932,1.7440752685070038,1.5952030420303345,1.361244279682819
5,5,0.0,0.25,21,0.28417602382877283,0.3262401771955463,0.15377034230012537,0.29442096987761956,0.1987817009903057,0.26725008758939633,0.838765062007747,0.8884024315133076,0.14643259572739997,1.7447946965694427,1.5486931800842285,1.370123662435678
5,5,0.0,0.5,24,0.2899331612450951,0.31953085943756676,0.1361656118688555,0.2593481027147252,0.20975082148525037,0.2033957160727614,0.8392144252049154,0.8855656309993689,0.147233306206474,1.744181086619695,1.5453110933303833,1.370293272534514
5,5,0.0,0.75,22,0.2784562430212029,0.3061933373520937,0.16177752704309561,0.30401715757938824,0.24166666666666659,0.2520875939250758,0.8360403940469263,0.8840738204265702,0.15706400936404338,1.7331871390342712,1.5684312582015991,1.3579506744697865
5,5,0.0,1.0,24,0.3284681687613132,0.3742543712625789,0.13672065230397765,0.2338450908528493,0.17742975516093146,0.2054332810096899,0.8907814283754757,0.9603682523115762,0.1264507096954172,1.78173828125,1.5404863357543945,1.4251056816371936
5,5,0.25,0.0,19,0.19523542964128776,0.1952322868208017,0.15282026923501277,0.38594003153967976,0.3167808086861248,0.28159759129581047,0.7505727783463585,0.7818690476190476,0.1637782470575474,1.7824325263500214,1.5673596858978271,1.420110216828745
5,5,0.25,0.25,21,0.23158734701889738,0.2553632799665651,0.15727494549180046,0.3194199389740171,0.2514992551776843,0.2693294921208561,0.7759128303403618,0.8048024204474999,0.14688341359050122,1.703145444393158,1.5750349760055542,1.3154605099553875
5,5,0.25,0.5,22,0.3539924162592251,0.3995180313428158,0.10233085605652369,0.1847320316350883,0.1256229905390333,0.1532768208499454,0.8892116889661406,0.917021242877252,0.11001956227582205,1.7560797035694122,1.5536766052246094,1.383821736691839
5,5,0.25,0.75,22,0.35514144722820223,0.40325099599365233,0.10580512417677836,0.19952829400079208,0.14310930879535666,0.16174985232047656,0.8949178619058694,0.9322006268878482,0.11991116244388245,1.7391046583652496,1.5605369806289673,1.372249342794294
5,5,0.25,1.0,24,0.3108320382306361,0.3231742125569557,0.13367933497850198,0.2620928060933553,0.16779548766340457,0.21284165803401378,0.8837568825546276,0.8928663142197008,0.10715218232364437,1.7623064617315929,1.5710536241531372,1.3960101225801904
5,5,0.5,0.0,19,0.20220598137988344,0.1983668715574835,0.1475522415252486,0.3699893594995068,0.2427543902630336,0.27984832145248306,0.7659863341863792,0.8198896477451119,0.16447398837129698,1.7501009106636047,1.5494717359542847,1.3801599152392037
5,5,0.5,0.25,23,0.2420684209327202,0.2584259043613775,0.13290011967542525,0.31314351931119516,0.2204083045279838,0.2461920431251861,0.8024036000958632,0.8173811717078585,0.12661191509467454,1.7815644840399425,1.550695538520813,1.4226762783687978
5,5,0.5,0.5,23,0.30193572136262614,0.3286349125263462,0.13969226614229302,0.256981137445394,0.1863353248112206,0.21548608867949948,0.8569003893302027,0.8853808714420441,0.14075116113676928,1.734891951084137,1.5686167478561401,1.3503185364306873
5,5,0.5,0.75,24,0.39356978063091036,0.41205994381356503,0.056461748965826224,0.14638984116538964,0.13728465689890484,0.08920332764285155,0.9335294024272104,0.967199248630987,0.06939785376783185,1.8026581406593323,1.5407907962799072,1.4496172688172975
5,5,0.5,1.0,24,0.28052953084386595,0.306584384461947,0.13877224073601777,0.2519255876647825,0.19907971814506864,0.20700052552546197,0.8129846493525145,0.8413772088156367,0.1560226877721958,1.730582098166148,1.5716158151626587,1.3415923284268474
5,5,0.75,0.0,20,0.1980553935040634,0.1991908898683648,0.1492971382952278,0.36646639283654137,0.2449427075982687,0.28468496448022906,0.7456974935454005,0.780044054834231,0.18300876697516583,1.7429926594098408,1.573566198348999,1.370646635433849
5,5,0.75,0.25,24,0.2695873203712615,0.3424589884163899,0.16005595401300385,0.29737662746174687,0.22947155788724288,0.24880096243674577,0.83655126820427,0.8830561429198471,0.14713271189692473,1.7634275058905284,1.5470581054687502,1.3965021039575576
5,5,0.75,0.5,24,0.27049233225276054,0.28299315054542407,0.13925513323783084,0.2759251646248349,0.19804851040028826,0.20839667022990066,0.8169098291303561,0.845221088435374,0.14323204005266257,1.7462751766045888,1.5501664876937866,1.3705932200741244
5,5,0.75,0.75,21,0.327272134030568,0.3849623462412195,0.15274957061410566,0.2280866515551245,0.1542876050875248,0.2084583517336374,0.8321058947327059,0.9090382614945055,0.21039130584776544,1.7169344425201416,1.5817234516143799,1.3122059855754256
5,5,0.75,1.0,24,0.3739686597426193,0.41204215336880196,0.09833843304191833,0.15358632029576139,0.10899682817707415,0.11289747569697986,0.9015236397810001,0.9557013939722447,0.13097626445895158,1.722874253988266,1.5904757976531982,1.3235723487077722
5,5,1.0,0.0,22,0.23846386347099188,0.28996461362762305,0.17018083509405174,0.3387531098740264,0.25562371827789476,0.2794662517035162,0.8162342194622951,0.8290141533695768,0.12577267768241224,1.7602551579475403,1.6186522245407104,1.3759129995335821
5,5,1.0,0.25,23,0.25233071558990433,0.2802074534169576,0.13656296334950593,0.2824547043668703,0.2655763033523915,0.20781428362448742,0.7698745714046481,0.8282943776309386,0.17903534697863302,1.7679329911867778,1.6448094844818115,1.3781513381920665
5,5,1.0,0.5,24,0.3388195745832044,0.36919746763977196,0.10763239450597792,0.20354843317349838,0.1529110151321061,0.16562436104055703,0.8811875823399072,0.9156956261545823,0.1154900679223365,1.843097339073817,1.6197856664657593,1.5203332959735543
5,5,1.0,0.75,23,0.35083375565868874,0.3786245433909586,0.11071823244721875,0.20954495487259686,0.1469718357390098,0.16569362510851662,0.888490862642669,0.9576257442010332,0.14861789387595664,1.7465942998727162,1.6560875177383423,1.344534256400965
5,5,1.0,1.0,23,0.3868214959609199,0.3931125867883089,0.05776068181956793,0.1659343291646027,0.1343338213302539,0.10474074983184904,0.913862729725638,0.9493224635463038,0.13443887401826857,1.705732395251592,1.5608047246932983,1.3305094362551793
5,10,0.0,0.0,17,0.15144656190516348,0.1734043236599089,0.15048775784482885,0.43035815674032774,0.3920144936849742,0.31593831163531266,0.7095792351774245,0.7552748872631825,0.20277801294048278,3.6324326395988464,3.090729594230652,2.980309587234913
5,10,0.0,0.25,19,0.24044111728396425,0.2914861111111111,0.16859074707771132,0.3396088785515638,0.2453218251920121,0.2865592723447576,0.7932049053898723,0.7973347166215391,0.1442819117327941,3.631520301103592,3.0283905267715454,2.9825785096392896
5,10,0.0,0.5,23,0.3066460542144387,0.3492848526691055,0.13121992149363412,0.24094121686428235,0.2231851558500222,0.13424379464838893,0.8505569367392781,0.9167402960449473,0.16585358496941646,3.6525049408276877,3.174416422843933,2.9658936501387516
5,10,0.0,0.75,23,0.339482452692847,0.3922988588711691,0.11628995549332577,0.2183714804115014,0.1575668989482108,0.1752089758384841,0.8733818334067759,0.9414319893123237,0.16315336618165166,3.6249758104483285,3.1875157356262207,2.9327642231458575
5,10,0.0,1.0,22,0.3198798423306394,0.3372200985292937,0.12674594895772714,0.25114164102909003,0.1929405973713176,0.20906875167814398,0.8724658706995769,0.8946248613079537,0.11548206484379203,3.6580487291018167,3.1617244482040405,2.940496603536989
5,10,0.25,0.0,16,0.14058563184585396,0.18559063944787657,0.12376702207997729,0.4406164392697871,0.37135581337593715,0.28101907592713665,0.7140871566002734,0.7601402655722951,0.15801625081153844,3.5759344498316445,2.970760226249695,2.9176419374391096
5,10,0.25,0.25,22,0.27887650267426456,0.31216081076174246,0.14021900305817298,0.2602454150724804,0.19022503926127066,0.21094675875993513,0.8086949806240207,0.8384614991565127,0.14222001557080838,3.558718432982763,2.8081783056259155,2.8829515488698267
5,10,0.25,0.5,23,0.30324591436626697,0.349628076609976,0.1266624403984281,0.26933685684868697,0.2263238495823635,0.19276020630479868,0.8546809555053697,0.902696074841641,0.15096151284922654,3.585408945878347,2.769958972930908,2.9274146901858376
5,10,0.25,0.75,22,0.2803731911635859,0.31124597316659797,0.14578173831319777,0.2973048347706451,0.22269782077889466,0.23578585033516147,0.8403091844560676,0.8781852626389661,0.12629797569143056,3.5711422661940255,2.7287076711654663,2.9241076784555373
5,10,0.25,1.0,22,0.31121622604442306,0.35422783206608566,0.14901015201558648,0.24769941628305342,0.1637188343001713,0.21957829704016593,0.8471053069503355,0.9156521530281598,0.18249170352191907,3.582403322060903,2.7441924810409546,2.9216017226025808
5,10,0.5,0.0,20,0.17517056570463718,0.19299863467186665,0.14158295454557737,0.37534436148155403,0.3089364439657032,0.2663006918613012,0.7366459795254259,0.7749296835740301,0.16789739536816564,3.589687724908193,2.7726492881774902,2.9470990356744613
5,10,0.5,0.25,22,0.22750072717475375,0.2536109776897058,0.15808058628284125,0.35047797887079685,0.2673258366246146,0.2749262276871018,0.8022446752571405,0.8259993201151363,0.1364652686177498,3.5515831410884857,2.7406805753707886,2.897516807334859
5,10,0.5,0.5,22,0.28499597751485184,0.3311794548950099,0.14565682986422246,0.23627100360214887,0.16645859355475273,0.19287017802678208,0.793380746188365,0.8562871073806833,0.18464487693836626,3.570834457874298,2.759597063064575,2.897100015806968
5,10,0.5,0.75,24,0.31255597161582815,0.3400517374499158,0.12279110901759077,0.21648144944489997,0.18850691027376526,0.16826580648616687,0.8415933926765563,0.8905268632495887,0.13882083179579,3.633991946776708,2.7832831144332886,2.972016679941167
5,10,0.5,1.0,24,0.35162323477184604,0.383453991034976,0.08485085945054571,0.18471164545539656,0.1683001596456745,0.09078595619188148,0.8879581149990888,0.946456318439356,0.12239781196220959,3.53883030017217,2.7735854387283325,2.9233021207529015
5,10,0.75,0.0,18,0.19518794295599276,0.2339406999560191,0.16353999125284488,0.38170272701914193,0.3216427952759934,0.2931466509413807,0.7317746154898073,0.761274057712009,0.17140678978942675,3.5582575102647147,2.7776854038238525,2.895470288710897
5,10,0.75,0.25,22,0.2844150757339477,0.2959854531369214,0.1022738172941484,0.22158116633269243,0.19350415113533553,0.10567147127458543,0.7724073857555133,0.8300358028955355,0.1885606344325182,3.597099184989929,2.750813603401184,2.915422444106146
5,10,0.75,0.5,22,0.34586311236175293,0.3800945443417507,0.11743418818031912,0.22251065104866558,0.1595748920080671,0.17462399483524613,0.8726706965126545,0.9315278436207117,0.16223824089426547,3.5703401267528534,2.7609808444976807,2.9196425081027044
5,10,0.75,0.75,23,0.33216205739352994,0.3537253870105241,0.1174844030972571,0.22082877384643992,0.1575668989482108,0.16838427691402755,0.8826217166864692,0.9150518909348286,0.11967719755285877,3.584557384252548,2.7850825786590576,2.932369431830009
5,10,0.75,1.0,23,0.34511261169130525,0.3947832443439713,0.1137790318766235,0.19840893749421853,0.1471303891128162,0.1788776923768169,0.8857843248085486,0.8925986814834498,0.10552643729786439,3.5597181816895804,2.7531886100769043,2.8813219298722106
5,10,1.0,0.0,17,0.1751980091277414,0.2032790432524134,0.15755867878164462,0.40020560938891153,0.3377154641838089,0.2974917361649669,0.7430273133284397,0.7741258676616203,0.15775675851400545,3.562554717063904,2.7653467655181885,2.8686126987347276
5,10,1.0,0.25,20,0.23570437279939074,0.2459589412532583,0.15985244489042089,0.3149789323983284,0.20105570146591972,0.2676666618880626,0.7493285945802591,0.8249422516230943,0.21124319890863633,3.538384258747101,2.7478089332580566,2.861884300426955
5,10,1.0,0.5,22,0.26879373962642156,0.2836882960909418,0.14968579635955628,0.2659128640241039,0.23874195146196303,0.20771989994595066,0.7816925874868016,0.8447915274755082,0.17775103744392856,3.570726384719213,2.7663257122039795,2.9270972921020513
5,10,1.0,0.75,24,0.363692490565167,0.3889483984915577,0.0687530308001847,0.1628823794702242,0.1380975719785038,0.0990541221248375,0.8902673606005583,0.8891183434796013,0.08979725590484262,3.5539442002773285,2.755867958068848,2.882629524404453
5,10,1.0,1.0,23,0.3848999461520073,0.4052643186534567,0.06857158493143214,0.1512567690026686,0.1185298896399602,0.1083463695166757,0.900490447605052,0.9574024636983659,0.13269428809102543,3.5676864782969155,2.7623122930526733,2.946699077283581
5,15,0.0,0.0,19,0.14193817698475505,0.1734043236599089,0.1315953719908984,0.4552235485831852,0.4395833333333334,0.2770992419651485,0.7208600256001808,0.7556370526933225,0.16853036486768713,5.405866026878357,4.1077516078948975,4.4776927768007395
5,15,0.0,0.25,20,0.28038964306939623,0.29501583463601877,0.11488878322757283,0.2474167901284487,0.19152939164627594,0.16686155013859238,0.7862059153277196,0.8295117823677364,0.18272859708864936,5.457101325194041,4.107518553733826,4.539490361537301
5,15,0.0,0.5,21,0.2748320385127829,0.3096748792805449,0.16854450066127932,0.31579240122208374,0.2315935507322906,0.28403191882565076,0.8522681053353803,0.8881115516080095,0.11790648603907213,5.409713973601659,4.129076361656189,4.478661232169562
5,15,0.0,0.75,22,0.3243877292193859,0.354733962166112,0.11910055118180501,0.23980797282786018,0.1880230740197115,0.22218602743766305,0.8788473119944126,0.8786804458354274,0.08342405841254665,5.431907335917155,4.107749938964844,4.504900345456149
5,15,0.0,1.0,23,0.32552649073543566,0.3480965438805133,0.10325712712384857,0.23147012935640493,0.1779593205451666,0.17113235011417008,0.8677109706274626,0.890129534157625,0.10041011762552636,5.391010622183482,4.130099058151245,4.459514952014303
5,15,0.25,0.0,17,0.18782546577953674,0.1833087131316552,0.1398054859675244,0.3834998420358713,0.2593583716240198,0.2670134003356452,0.7511031808658895,0.7585034126372925,0.1568361771581036,5.419403076171875,4.130079388618469,4.491874911294648
5,15,0.25,0.25,19,0.2602812558292892,0.3012115450874799,0.18252404663228186,0.30067363681941855,0.2243958909774641,0.26511450887375354,0.800056045823315,0.8912633689732616,0.19130665327023788,5.4398596584796906,4.093986749649048,4.529602613731435
5,15,0.25,0.5,23,0.26050048837134027,0.3088701670873156,0.16035864385440474,0.2853597420305371,0.1877777777777777,0.25503920084377224,0.8055500539036987,0.8643044975230108,0.18910955180644953,5.3940529723962145,4.117206573486328,4.4593956990569845
5,15,0.25,0.75,24,0.3052214905983021,0.30374596308967483,0.12554428070815637,0.24422365924751943,0.1827803336086226,0.20201583791792513,0.8546666404441238,0.8831240938694559,0.13337376497866826,5.387831628322601,4.067281007766724,4.468963732376671
5,15,0.25,1.0,22,0.3270761061426936,0.32852081056699334,0.11446083439187636,0.21284014009865945,0.16173083955880835,0.1731035142754403,0.8415211133008388,0.8871367392587504,0.1641947682102145,5.43140705426534,4.052505016326904,4.498679235972494
5,15,0.5,0.0,17,0.18959708778861756,0.254115921686042,0.1592626698837678,0.3837823705715846,0.349565107901111,0.2769782633636746,0.7422315678035863,0.7874487407266098,0.15644937687389834,5.4232433040936785,4.100976824760437,4.502472851572017
5,15,0.5,0.25,22,0.28485466716053265,0.2975224712024674,0.10970450715769539,0.22535172722069452,0.1985301057401066,0.1161272730912086,0.7787111129983922,0.8538764057811676,0.1939015484120698,5.366580883661906,4.09953236579895,4.4431211687335175
5,15,0.5,0.5,24,0.29797389798857404,0.32477869031310247,0.12399496920227995,0.2675232198734499,0.21335175416747854,0.19795609233196626,0.8634710158505982,0.8924746200204952,0.12456329478252182,5.438832988341649,4.14030909538269,4.51605706722536
5,15,0.5,0.75,22,0.32665764263777713,0.3839494372013767,0.13429354965042128,0.23346249449008205,0.1575962627569045,0.19841894290714504,0.8466975429058775,0.9323052723500508,0.1910017755332759,5.408238758643468,4.113405823707581,4.479813082734672
5,15,0.5,1.0,24,0.344019178817059,0.3832383936553775,0.10132756543899381,0.20757462978737065,0.1557113350542447,0.1541755198786422,0.8956129874214888,0.9237408569855355,0.10184443489532397,5.316147565841675,4.073865175247192,4.322309473268297
5,15,0.75,0.0,19,0.2053087977955961,0.2032790432524134,0.1286538928652399,0.32231960313079683,0.2890198214504088,0.22965175494175105,0.7342002522590446,0.8036298672995831,0.1906172031878048,5.31540114680926,4.092688679695129,4.323461956488471
5,15,0.75,0.25,22,0.26824729658084406,0.26293421270567424,0.12687450046798554,0.2727728739685013,0.23970227663686716,0.18419241048883844,0.7888663604599887,0.796456765567042,0.1628706620135991,5.277278482913971,4.087304949760437,4.2700231867345515
5,15,0.75,0.5,24,0.2963218365638552,0.303891766925549,0.15157776528620823,0.24724500968253418,0.20256922190455856,0.22368804270184028,0.8398886828102445,0.8742695242202235,0.14387917734938804,5.285978178183238,4.090415716171265,4.285867175867928
5,15,0.75,0.75,24,0.3247271163273581,0.3561397105501082,0.12441349717327811,0.22417988407527953,0.1428414646885213,0.1958230776073193,0.8736341167299958,0.8964947705716729,0.12788848654374632,5.270345509052277,4.1200867891311646,4.260095837237766
5,15,0.75,1.0,22,0.38696426028158765,0.4057252997962458,0.06041941035401617,0.15044440149577543,0.12488986646956166,0.113478728851932,0.8951228538176897,0.930923278174677,0.13005446397290743,5.264292309681575,4.171483397483826,4.245863808598296
5,15,1.0,0.0,19,0.19313945328652316,0.2082142857142856,0.14461229131892034,0.38607874168683126,0.3219549434052162,0.29274393506192176,0.7174625814476796,0.7743107900876576,0.18199882352956467,5.250641097625096,4.186061382293701,4.229462717022783
5,15,1.0,0.25,23,0.30623741880005156,0.3452604027370144,0.13560219704272028,0.23671949446376514,0.1576256265655982,0.22149649673908817,0.8462070682278738,0.8876866161838615,0.13071682635789555,5.304029027620952,4.19945216178894,4.30803453687516
5,15,1.0,0.5,23,0.2869379867147916,0.2840131131957193,0.12526551731519006,0.28139715114371905,0.2175107038353197,0.2045518473597801,0.8348823269266915,0.8717121612954946,0.13846920345813116,5.3158227900664015,4.147276878356934,4.319788644469712
5,15,1.0,0.75,23,0.34912433289511435,0.3862006094696895,0.11143295885119064,0.17969547327861196,0.1210551294342293,0.19170162305405186,0.8592179312541037,0.8837875073253512,0.14757376427175006,5.261211156845093,4.120904803276062,4.239990437420249
5,15,1.0,1.0,23,0.348696310252868,0.3935437815475061,0.12008704609173973,0.18126127720061574,0.14061982819656,0.1703749260213797,0.859854465821401,0.8941091386013567,0.1580537662952352,5.281102905670802,4.17585813999176,4.266884637634813
5,20,0.0,0.0,20,0.1481027488003845,0.176950298892753,0.12496554601743974,0.44947182206109826,0.4010228522361393,0.28374114726489186,0.7183628487562218,0.74738826514354,0.18154371416231802,6.961846510569255,5.49599015712738,5.578557928027393
5,20,0.0,0.25,21,0.2668965088481215,0.2944452196742806,0.14069748105393942,0.28474651338335216,0.1966241826956113,0.2454856305477392,0.8067913803425536,0.8548592592805455,0.15286035453599503,6.963997900485992,5.454776167869568,5.564803872646322
5,20,0.0,0.5,24,0.33186708393923053,0.3136404865145785,0.06400216776573997,0.19563985802869208,0.1680678561935935,0.10087098863898669,0.8593740259071532,0.8767092751229602,0.10097397106360403,6.9816195368766785,5.465820789337158,5.6143440244387826
5,20,0.0,0.75,23,0.2843388653602363,0.3169563787965704,0.15545078864044537,0.28753595129576887,0.1937221754858663,0.2562916993302401,0.8350826144975674,0.8766599591347863,0.14526210379125987,6.991071790456772,5.517054438591003,5.59840971481215
5,20,0.0,1.0,24,0.33119750431556744,0.32566933865229647,0.11554629568328972,0.23409852995774694,0.22113247960832333,0.17640397724910958,0.8964935385888819,0.9338769580656392,0.09687781957071867,7.01870275537173,5.571626186370849,5.597042065394107
5,20,0.25,0.0,20,0.19382355226033623,0.20583998697202416,0.13204706114970519,0.3519695981309682,0.2726119401159307,0.25684218107221063,0.7431838924213409,0.7994773738361323,0.15227582277779947,7.0347534616788225,5.476828694343567,5.641722454919707
5,20,0.25,0.25,23,0.27685963011638753,0.3134459469802829,0.15417167069365267,0.30213291169074963,0.2098158965234979,0.2529586187226497,0.8549469557653356,0.8820338023401116,0.11271635609231616,7.025794088840485,5.520535707473755,5.642280578383311
5,20,0.25,0.5,21,0.3078574612497641,0.3239603518174947,0.12972528361363725,0.2296760130402411,0.1554497637777357,0.1833522685542535,0.8121136106321459,0.8980573364258291,0.20445007192504738,6.984773904085159,5.49194610118866,5.555803936835839
5,20,0.25,0.75,23,0.3158567306223996,0.3138342365768087,0.11016539692443102,0.23729211227819866,0.2107996671236822,0.15251882674376216,0.8647136746262064,0.8973358274450205,0.1343849568332159,6.972116967042287,5.538946628570556,5.5456751661251165
5,20,0.25,1.0,24,0.33306909804534074,0.37660223057916503,0.14556074955193182,0.2386949153296304,0.1433654978593371,0.2410731684385972,0.9048331114203121,0.9198779560212924,0.0908256765146812,6.96625413497289,5.529926538467407,5.519539650881186
5,20,0.5,0.0,18,0.19311156653872721,0.21522688949128485,0.1534515390718347,0.39891009564388485,0.28201478014184744,0.3025375464451282,0.7599773831845832,0.8011538554852753,0.16052145363973133,6.9501277307669325,5.552611231803894,5.519172021327862
5,20,0.5,0.25,21,0.2515337408768855,0.2640474595794477,0.1487440448935966,0.31419728093600213,0.2532211711574174,0.2581697696969239,0.7942849832506175,0.8458796537477851,0.17090622596343513,6.943515529235204,5.530298233032227,5.507711145708318
5,20,0.5,0.5,24,0.3008035040606883,0.33170301808672864,0.15175911825085542,0.24214653443606818,0.15565380583078475,0.23666332925056685,0.8437535425574447,0.8896021262528826,0.14187654867005062,6.928322861591975,5.106884717941284,5.515984636052222
5,20,0.5,0.75,22,0.3452204212971669,0.3673054465031041,0.10258672314641006,0.18370200525460137,0.15622460373649916,0.09977391427764981,0.8307060930606672,0.8945789227245722,0.20955382939573014,6.937829971313477,4.9533185958862305,5.538587612956478
5,20,0.5,1.0,24,0.3491085719580132,0.40535152601900093,0.14456028502677817,0.19770355368930573,0.12217326420573041,0.21489635169412669,0.8959206976053321,0.9306692434546843,0.11625339034538787,6.896821290254593,4.609893798828125,5.543648858277294
5,20,0.75,0.0,20,0.19837286779989152,0.21967639890096485,0.14595081986584643,0.38235311191867616,0.32788613871464467,0.2671365226304114,0.7537413951079103,0.7908410471441503,0.171458816979095,6.8625673949718475,4.60511040687561,5.501621705556322
5,20,0.75,0.25,22,0.26935002657587587,0.26571659248872187,0.1291049267453552,0.2612366760527135,0.2327396161575399,0.19058944673972594,0.7727154780982174,0.8298152725344623,0.20066075674011594,6.8434483508268995,4.572228312492371,5.481721757102637
5,20,0.75,0.5,24,0.3150761388103467,0.35403362120166615,0.14575117128947604,0.23767540060497486,0.1815866438552389,0.22647665248524412,0.8678276782256683,0.9059755538928138,0.13820821760412377,6.815888454516728,4.518113970756531,5.511551655815031
5,20,0.75,0.75,24,0.30075955822612105,0.3409555310760667,0.12605993361887396,0.24404424306830919,0.20405963470294855,0.19477324428133863,0.8455633595205514,0.8911796068602028,0.13968208501244164,6.82020378112793,4.540651440620422,5.498192445367416
5,20,0.75,1.0,23,0.3625091137370358,0.386795693947801,0.07686085437144814,0.15783612719328918,0.1434126535245966,0.09487908467169126,0.8653038083474,0.8872061061998089,0.1366539575630502,6.817203303178151,4.595966935157776,5.496367094160027
5,20,1.0,0.0,18,0.2147177744886439,0.1943948047138953,0.13294161245562597,0.3264651774057129,0.24284735317053263,0.23328363646032452,0.7327625329500446,0.7978058917416797,0.20118698826806639,6.802242428064346,4.533990263938904,5.47183485282236
5,20,1.0,0.25,21,0.2475981432638265,0.2755880888336562,0.1280360743479686,0.2877238974587356,0.2407320004758102,0.19640960840483723,0.7851444467023758,0.8291530422584658,0.15133540833740972,6.815966228644053,4.619251012802124,5.50090971099772
5,20,1.0,0.5,21,0.2758588556188287,0.3011687347264388,0.12009345501956695,0.2630826565070039,0.2569488783651725,0.16170032804980491,0.7771271336443669,0.8617109097150104,0.20171592939981983,6.794845799605052,4.645397663116455,5.456275617992121
5,20,1.0,0.75,24,0.3311654377080942,0.36995494370125226,0.10557465071480002,0.17897959223919255,0.16036396812420164,0.09835920731697227,0.8413104676553811,0.8902279606544521,0.1631406257651591,6.793405493100484,4.613471984863281,5.4787759234478415
5,20,1.0,1.0,23,0.31698608322614674,0.3268323258328656,0.12345095367376066,0.2202548013533058,0.1979000531731282,0.20700553706024152,0.8320686411648297,0.8832734461159069,0.15249748465590862,6.769224226474762,4.622469067573547,5.434848685910498
5,50,0.0,0.0,18,0.1613404883714055,0.2144694415788,0.13755440612049558,0.44152415170840137,0.39382849146348753,0.2717519281960546,0.7204535655004922,0.7539982522620521,0.1772588146748391,16.578009327252705,9.94763445854187,13.446925267150467
5,50,0.0,0.25,20,0.23437309129191247,0.24281387844168364,0.184019006153321,0.36950524924510464,0.2333898735980216,0.3180092088082454,0.8202035140180955,0.8290141476594645,0.11863417384964503,16.550089597702026,9.909963130950928,13.415446083051421
5,50,0.0,0.5,23,0.28352881574468236,0.2879224245341577,0.126384201885,0.28520929946400775,0.2624338624338625,0.222453895818666,0.8414317347562412,0.8657652754281453,0.12744847143204605,16.552139749129612,9.880776047706604,13.426314471668938
5,50,0.0,0.75,23,0.31598915980729514,0.333280471983566,0.12767819612150283,0.24740355827604285,0.1614814814814815,0.20219708092102287,0.8695696700155605,0.8873571049207869,0.11493477896170742,16.545857181151707,9.879295349121094,13.42243340196276
5,50,0.0,1.0,24,0.3311206840573618,0.3552973936386147,0.13141695542041637,0.21940771742019183,0.15233900502966097,0.21853392671125324,0.8816490855349154,0.9198956658311919,0.09936321668696754,16.53855749964714,9.83319079875946,13.432936774871003
5,50,0.25,0.0,18,0.16095666804361258,0.18654323217394594,0.1400625469808642,0.4399285279877815,0.28557523662391704,0.2995531888201271,0.7515528712438453,0.7861309523809524,0.15486243480932296,16.640585134426754,9.741402387619019,13.598776389841658
5,50,0.25,0.25,20,0.26404161358848477,0.3043434790212324,0.14808791986096442,0.3040275601385255,0.25360562027006595,0.2478674643564269,0.8002646802665981,0.8388173379232919,0.16007060853143376,16.543596774339676,9.708334803581238,13.478469689734027
5,50,0.25,0.5,23,0.29092015154980927,0.3190829621983442,0.16674959814505558,0.2574789921403335,0.1957320550240421,0.23880911265743998,0.8421006341287636,0.8849215593758584,0.1570256242631904,16.56341017285983,9.698096632957458,13.499652605014699
5,50,0.25,0.75,22,0.3473542667916761,0.39992638518833956,0.1120246163468095,0.18047211261968063,0.14574470914325025,0.12215331032525666,0.8518106882513523,0.8983996250292448,0.1758865215070684,16.530237237612408,9.589044213294983,13.491202242675257
5,50,0.25,1.0,23,0.3172475535619313,0.3139706620237975,0.13842479997518936,0.20889032617660172,0.1823916944685801,0.1753745615569559,0.8401610402462785,0.8962466829181759,0.16015567151181076,16.487365523974102,9.586671352386475,13.446347799947521
5,50,0.5,0.0,17,0.15915180324599534,0.1626610595171922,0.16171466986729413,0.39067669561219376,0.3499256695088424,0.2802167741339159,0.6977801155089826,0.6956837085961596,0.1958729046330994,16.457214425007503,9.65145218372345,13.4007839068569
5,50,0.5,0.25,19,0.26304994309199076,0.2855876221765228,0.13293221013565049,0.27052526724404596,0.1966666666666666,0.2271923532184189,0.7758975423315119,0.859651955527436,0.18567514326027038,16.47179999947548,9.5294429063797,13.466344378499537
5,50,0.5,0.5,22,0.29721708816289943,0.3145492538176038,0.14317653717536627,0.23998622338459014,0.18986354221034465,0.21483743299659716,0.8028490455856939,0.8685803392263827,0.17588245726227508,16.494726727406185,9.534775018692017,13.501127219867595
5,50,0.5,0.75,24,0.29111526075505817,0.3192550909576726,0.15622075027059487,0.2781581808008876,0.21376303420973244,0.25478984921128417,0.860388702311004,0.8865004593535044,0.1159602091478339,16.439278701941173,9.537207841873169,13.436161739786437
5,50,0.5,1.0,22,0.32305149943847383,0.33095569843586004,0.10492322554794005,0.20742559374198713,0.18194631362821245,0.14609319299914436,0.8486796490541294,0.8576796256924493,0.12579432109691166,16.53447750210762,9.60032320022583,13.568613711182529
5,50,0.75,0.0,17,0.17077827385864744,0.1734043236599089,0.14896619761535393,0.3759134085872605,0.2655763033523915,0.28007074127691184,0.7013848871547522,0.7632745407675541,0.19642482323625737,16.487895717223484,9.560273885726929,13.509215856127135
5,50,0.75,0.25,20,0.27884097298215177,0.3121704811992235,0.15848199743124103,0.26929234063135854,0.21241190942691612,0.20278297501867512,0.7864593596978207,0.8781142884356552,0.20644882668531284,16.461667905251186,9.586089611053467,13.491944370529279
5,50,0.75,0.5,23,0.3310875429850901,0.3563884108495221,0.10831129663330541,0.20813745164590056,0.1772494764481125,0.16128650963988142,0.8493762510298574,0.8870305698959529,0.14717611061152278,16.42768641312917,9.484140515327454,13.49473778524511
5,50,0.75,0.75,22,0.3030844480193951,0.3252022741681684,0.1395768026559562,0.2406349305118412,0.22177116326628038,0.2216970754886475,0.8056344181634555,0.8689888876798777,0.1928306440083616,16.512994170188904,9.499664783477783,13.62568034830731
5,50,0.75,1.0,24,0.35382296656890616,0.3819894442997815,0.08057508609440289,0.16801172664099953,0.15565380583078475,0.10412961601061145,0.875657659778812,0.8939104383006315,0.1132908169043537,16.40639274319013,9.563270688056946,13.465028714682326
5,50,1.0,0.0,18,0.20006529696592903,0.22721471723918052,0.15565685056277395,0.37153011439903366,0.2976267323157472,0.27979581074960574,0.7693159677561053,0.7960205298126641,0.14958878770331935,16.357127527395885,9.325839042663574,13.498061624820197
5,50,1.0,0.25,20,0.2064333065344826,0.22337307139609006,0.19785645935099597,0.3430239313868693,0.24739496852154738,0.2860229729389356,0.7795169219671637,0.8655246520229011,0.18126698637649408,16.374086767435074,9.35383403301239,13.519625013976755
5,50,1.0,0.5,24,0.3574046623655906,0.3973405736257719,0.0889258703472126,0.1642187776874182,0.14059969536205646,0.11494404358379631,0.8790281024185994,0.9013464822616946,0.11732738894231151,16.291382362445194,9.385342121124268,13.427404019678496
5,50,1.0,0.75,24,0.3262180792786095,0.3675649427441494,0.12000830964085053,0.21432407595853978,0.1788364851342451,0.20495858659226474,0.8667602345157589,0.8871924819092657,0.10643660331517514,16.38267437616984,9.392982363700867,13.552021676480297
5,50,1.0,1.0,24,0.3714837848622225,0.38567526904746297,0.075595145545813,0.14441159534305523,0.12694722707521988,0.11537559623821611,0.8873791650675003,0.9024135756047551,0.1007607178944825,16.302260528008144,9.384743332862854,13.469956447365373
10,5,0.0,0.0,17,0.1578497824214467,0.2032790432524134,0.13373719775391488,0.43602592881120694,0.346063468352286,0.30150638898762083,0.7221841053835352,0.7618938161272722,0.15605268070907086,3.2386661171913147,2.1993606090545654,2.6055424909247615
10,5,0.0,0.25,22,0.266131510796393,0.29426757652036006,0.15425419545445823,0.3081937759422892,0.22472433014650328,0.2550714880641728,0.8366855961531842,0.894137584059785,0.1408191113231152,3.2497799595197043,2.1968644857406616,2.617867361968509
10,5,0.0,0.5,22,0.3730599011153722,0.4075851898386047,0.06386384242154299,0.17778783157026656,0.15429982050599123,0.09192809306465967,0.8886078075394473,0.9402044337305988,0.14956574656761934,3.2384861409664154,2.179733991622925,2.601315766534961
10,5,0.0,0.75,23,0.32962179679305753,0.3854769731754304,0.14004374271980802,0.25117622286216623,0.1512939904942755,0.23927334337349762,0.9044023240962696,0.924651141071329,0.07330205407902499,3.2550917665163674,2.0808478593826294,2.6883028239348796
10,5,0.0,1.0,24,0.37738744342542846,0.4062782479230901,0.0948271790421671,0.1931826818730863,0.1407779988371743,0.1723153515197599,0.9479575687239433,0.9695675675752443,0.047055469712481854,3.3187653720378876,2.0709835290908813,2.761779293285617
10,5,0.25,0.0,22,0.20362648208521444,0.21986760428234464,0.16776941780567847,0.3765960423912528,0.3195099107252044,0.281931699361056,0.7928288512529703,0.8586131446457554,0.155953498414582,3.329556713501612,2.146953821182251,2.7697290879912937
10,5,0.25,0.25,23,0.32378231772555904,0.3445577894495013,0.10707812837712044,0.2172484674792166,0.2001060713202794,0.10314968413740268,0.8484124607748079,0.8913070730056067,0.15618179441576263,3.2910032669703164,2.0358896255493164,2.7443345720360637
10,5,0.25,0.5,24,0.3657911163016961,0.3946885162486352,0.10160049946829815,0.18839793399896965,0.1534851867932998,0.1570692312002065,0.9199801666023619,0.9410552327566123,0.09048389003902292,3.284738769133886,2.0803563594818115,2.7307481830365274
10,5,0.25,0.75,24,0.35897093626977017,0.39472547100393707,0.12617761337232283,0.2038171418590801,0.13602665250713275,0.21565812829262393,0.9217590143986204,0.9716392869645106,0.09554209977074794,3.3166319032510123,2.0337260961532593,2.7734147743419517
10,5,0.25,1.0,23,0.38673600632254607,0.4137260949307295,0.061122417989015895,0.15320231024093006,0.1341624121489856,0.10042818383094013,0.9199795594324379,0.9707353049831271,0.09976707279344182,3.27494885524114,1.8059853315353394,2.7848076333429224
10,5,0.5,0.0,23,0.21791447552912904,0.2608678727425993,0.16582519106587038,0.3622393133222033,0.2845757923531856,0.27760092158961447,0.7796768769800715,0.82563232940169,0.17552489599153095,3.257266382376353,1.8291122913360593,2.757238314259392
10,5,0.5,0.25,22,0.3118627689087481,0.3514563167401049,0.14807747104892746,0.24184135825758066,0.1892491441020852,0.2125475325531975,0.8578129447787771,0.9110836939348335,0.14631410959665067,3.3144840697447457,1.8333441019058228,2.8732338441511365
10,5,0.5,0.5,24,0.36560644210876686,0.40536512344453435,0.1167288879332636,0.18908024144440813,0.1282922522427091,0.2002165061322469,0.9202931256619421,0.9610055158779437,0.08351010865709077,3.3027842144171395,1.8052845001220703,2.877668466115429
10,5,0.5,0.75,24,0.3761375897722256,0.39778059849820846,0.06440763257041737,0.15923443872960777,0.1272056898214748,0.11601868557193533,0.9115096182740591,0.9339086158172082,0.08984523814464006,3.2786064048608146,1.8205218315124512,2.846743809579189
10,5,0.5,1.0,23,0.3874380402834223,0.4194918282329614,0.08667474732172177,0.1455516916967472,0.1356122985005471,0.08109889944260837,0.8980616954840466,0.9536157303037904,0.160971891468723,3.249384621779124,1.8219432830810547,2.758989221307744
10,5,0.75,0.0,22,0.22442344304288434,0.252246423249881,0.136542395157762,0.3122874936499953,0.24788178867564176,0.23231013294488345,0.7515635038183898,0.8061846024515663,0.18080506206633692,3.233627120653788,1.8259587287902832,2.7463150902572333
10,5,0.75,0.25,24,0.3462181444238382,0.33017292815482385,0.07949419693279622,0.18965989666594618,0.18103049572643776,0.11531437790818326,0.8820961855136226,0.9002305802767001,0.10231835953320292,3.2477631866931915,1.818675398826599,2.7731158552589186
10,5,0.75,0.5,24,0.3707900311305072,0.40772801520424623,0.08561634977785568,0.1595580772591995,0.13695474654904477,0.10442084883034092,0.9011381395202139,0.9297544188412867,0.11848383049869528,3.2305877208709717,1.8319891691207886,2.7423135996068098
10,5,0.75,0.75,23,0.3670856551968584,0.3982746959492517,0.10624856976843118,0.18368861606464065,0.1357989036019542,0.17986522334948535,0.8931371644363257,0.9339386158819113,0.14384484031740347,3.2500648299853006,1.817183017730713,2.7744629072243545
10,5,0.75,1.0,24,0.3849376883020834,0.4082124236048106,0.08057574335528334,0.1416910907808099,0.1193531777138043,0.09301272322904171,0.9115664673849769,0.9506789450470507,0.10991038828872719,3.228761394818624,1.841068148612976,2.7428133519826763
10,5,1.0,0.0,21,0.28257278006323955,0.296278320365702,0.14928419908158386,0.28867564656459405,0.1729382321071756,0.2620774953324346,0.845828674902308,0.8697581618445857,0.10487657355693573,3.2460503776868186,1.8377223014831545,2.77454201243384
10,5,1.0,0.25,24,0.3584646337213853,0.3920745086139855,0.0958875775255984,0.16332989507734907,0.12448951636043903,0.10289665891844282,0.8802591625201198,0.897258211945984,0.1283801615910812,3.223710815111796,1.8262213468551638,2.7415191775955705
10,5,1.0,0.5,24,0.3820989856975716,0.4123704171561583,0.08204553516555245,0.15879549316444577,0.1328169906992829,0.09674183679014944,0.9229934645595891,0.9672217481021045,0.10077872511850137,3.236337939898173,1.8117736577987673,2.7547100811211216
10,5,1.0,0.75,24,0.376215587126451,0.41018129872408365,0.09127101041307073,0.15948110924467043,0.12661210162772096,0.09696905691959624,0.9119122834975725,0.9540551244349929,0.11937058331620308,3.220550606648127,1.8449547290802002,2.7206795833176143
10,5,1.0,1.0,23,0.3888207793828674,0.4103999732237241,0.06574938073856433,0.14321114059897433,0.1297876768189155,0.0804281405236894,0.8978115165459971,0.9426315996967286,0.13963802974649261,3.1931593815485635,1.852402687072754,2.6911890307251514
10,10,0.0,0.0,16,0.14085175787614793,0.18814504988828412,0.13840939809379796,0.4648253127850417,0.3793667037101459,0.3091088997147393,0.7376528373774306,0.7611291132379472,0.1500227498669125,6.438842326402664,3.729432702064514,5.409238809102268
10,10,0.0,0.25,23,0.3054169663050611,0.3379629629629629,0.14384282435125834,0.2741088197449906,0.2263238495823635,0.239704355347942,0.8799868043403164,0.8995539140444485,0.10414410529761599,6.40174678961436,3.6893151998519897,5.37375102577896
10,10,0.0,0.5,23,0.3544768268358527,0.4059364991625458,0.12042209802857932,0.1966794501541779,0.1446784666407374,0.18593289232384236,0.888203946722027,0.9596072585997433,0.14079806325389155,6.408571640650432,3.7256252765655518,5.383881114506844
10,10,0.0,0.75,23,0.3135144788429283,0.3515604862700595,0.1484438039003882,0.2818801195991093,0.1859589776113956,0.2519249673540738,0.8829434794078729,0.9316497557911763,0.15480109504554354,6.405811468760173,3.757486939430237,5.372235747621496
10,10,0.0,1.0,23,0.36382831340597294,0.4054856327225527,0.11056594883927993,0.19340997101345567,0.1446784666407374,0.1757742288129437,0.8980155587304565,0.9575006491556468,0.13836481187847327,6.412198434273402,3.7308725118637085,5.382755663907975
10,10,0.25,0.0,18,0.1772041410763475,0.18588559760869622,0.15081200349265722,0.388254005544894,0.2725069505563546,0.30305432963956863,0.7531987660377419,0.7888689999228035,0.15487105834795611,6.401392102241516,3.833573341369629,5.364199609448526
10,10,0.25,0.25,22,0.3118281734149006,0.3327388217492384,0.11085409553296571,0.2470862055462434,0.21112282887296158,0.1498072675264881,0.8513943446758517,0.9002983718680718,0.16667837532117455,6.424804230531056,3.7236562967300415,5.398546860713131
10,10,0.25,0.5,23,0.34938831216577937,0.3869846536602518,0.1109947031481971,0.18783599099797413,0.1559607392400595,0.17049189074724055,0.8858956214368341,0.9084545392658108,0.1113893026012785,6.395545651515325,3.7206755876541138,5.354347190670662
10,10,0.25,0.75,24,0.3724362964930445,0.40720188415421577,0.08774335455938623,0.1647607795302368,0.1180228957425311,0.11229587891071065,0.9096333725163258,0.9349773458686339,0.11468262748199846,6.3903955817222595,3.6775753498077393,5.331957521444685
10,10,0.25,1.0,23,0.36763465458064576,0.4026037273807525,0.10615252838952308,0.17926223265751454,0.1385578882586023,0.17822752179984389,0.8924741565980291,0.9153551484161611,0.12815489462527055,6.394986828168233,3.733420491218567,5.3361810554529985
10,10,0.5,0.0,18,0.22166197960112413,0.24565148149871652,0.14613222994995387,0.30916384120213114,0.27010856535834504,0.23872209550266815,0.7455239682417741,0.7918010639786405,0.18213450309023416,6.381683836380641,3.827519416809082,5.332403965733521
10,10,0.5,0.25,22,0.2940447142358247,0.3131656436170103,0.12002610434656,0.2575475735869675,0.21457222212133098,0.13836336559053677,0.8167156828216292,0.8891042929805557,0.19057454540040106,6.389643500248591,3.83661687374115,5.334899723739031
10,10,0.5,0.5,24,0.3518844591766557,0.39483091475406307,0.09465115466288967,0.16244566361090143,0.1433648839235746,0.09447259607075824,0.8662145819642127,0.8867215154153223,0.12443044242294689,6.41700945297877,3.829741597175598,5.366271431712432
10,10,0.5,0.75,23,0.3695625120544101,0.4108328857543313,0.10443513551148241,0.16971299159106384,0.1348546055074785,0.10800323166624282,0.8869328785199685,0.9686458957223494,0.17364978874893186,6.420776357253392,3.7307835817337036,5.368493344242268
10,10,0.5,1.0,24,0.3331746308387256,0.3503535289209066,0.12815643283561923,0.2124142599473792,0.19825111229258205,0.17437727613853488,0.8787635216248306,0.9378652661347544,0.1387534065199534,6.448256333669026,3.8437105417251587,5.405279217923531
10,10,0.75,0.0,20,0.2410617725753303,0.25826019426012403,0.14732787738168152,0.2971282051210865,0.17916979545335204,0.2757931697999972,0.7743380987714296,0.8262347399989161,0.16062591190229664,6.3798829317092896,3.818206548690796,5.313905883031579
10,10,0.75,0.25,21,0.2859814749517516,0.3088701670873156,0.1361104028704577,0.2714268037293431,0.1721783316510722,0.23323233049296543,0.8218195559574729,0.8296464080080934,0.13687625697495856,6.416067500909169,3.815839648246765,5.361529805006241
10,10,0.75,0.5,23,0.37934592577916737,0.4060746323094972,0.07824341793333188,0.14372962630719538,0.1300587918496031,0.08950561999378227,0.8802076527915276,0.9207576533024318,0.1522506266560825,6.396791150172551,3.78069269657135,5.341807472690091
10,10,0.75,0.75,23,0.3774486810878977,0.4059364991625458,0.09569183242621719,0.16323392894362096,0.1138342111354112,0.16939429320881616,0.895260995919759,0.9588125941099006,0.14615580018367258,6.44757862885793,3.7885193824768066,5.413070014607669
10,10,0.75,1.0,24,0.3914153162497962,0.4131383050511323,0.06728343776280649,0.1462170298678424,0.1429731403782509,0.08850645799956935,0.9290476623674349,0.9745801726753542,0.08648294244074771,6.407171964645386,3.765850305557251,5.354701866014847
10,10,1.0,0.0,20,0.21144298815187929,0.20473679682516285,0.16161508403212324,0.3119875318045401,0.25999384139245363,0.24138102717224597,0.7448406579113168,0.8166626614862297,0.18995308557014465,6.439923882484436,3.7790218591690063,5.400911030531656
10,10,1.0,0.25,24,0.29123484229947666,0.3187158890994721,0.1450148286636332,0.25250747708792454,0.20804548436800974,0.193222746127642,0.834977161686878,0.8873765970471059,0.1659863473599467,6.429748356342316,3.7549121379852295,5.386833745168734
10,10,1.0,0.5,23,0.3791693059041144,0.4092466815413853,0.06520964024786095,0.15484442701412524,0.1471576959415191,0.08058761306854714,0.8905208153751505,0.9401690212894404,0.14021053413247658,6.434221655130386,3.7535780668258667,5.400754567090201
10,10,1.0,0.75,23,0.3858708992731366,0.4093530490974703,0.06649535292164281,0.15374189406753344,0.1225728014136881,0.09216840345737286,0.9047766700680295,0.946084595265061,0.13096718614614183,6.426886399586995,3.72334086894989,5.395421076627832
10,10,1.0,1.0,23,0.40161411746997766,0.4172166464452803,0.048041958085496425,0.1431647087122587,0.1221774579577671,0.0929663779016644,0.924771051519519,0.968975690135636,0.11576605963412737,6.490446041027705,3.7115107774734497,5.480133439588686
10,15,0.0,0.0,15,0.1458064098867487,0.1658257857160156,0.1334940726841476,0.4360305800529716,0.315497805714524,0.30943858075148467,0.7201236371604224,0.7611470829294014,0.1479783610468631,9.548047969738642,5.456062436103821,8.05016901408159
10,15,0.0,0.25,22,0.2725340119668202,0.31740579843750966,0.16237295378627709,0.3219155257242065,0.20148119573976295,0.2638733597722056,0.839371243751018,0.8872567649228471,0.1596021377814149,9.538724770148596,5.513821601867676,8.03658494707528
10,15,0.0,0.5,22,0.33602831003633776,0.33949950887051245,0.08667983287476576,0.20945185599444394,0.19185218675516752,0.10587292710107225,0.8412696757066603,0.9070331751604858,0.18090861651208456,9.530324071645737,5.561003088951111,8.018979083458202
10,15,0.0,0.75,23,0.36341048099327616,0.3977356111261645,0.09640951757609903,0.19183843075149976,0.1556527505260173,0.16404235580530588,0.9122985847072999,0.9177223077075276,0.07327644270151693,9.520705272754034,5.646855473518372,8.00003953615061
10,15,0.0,1.0,22,0.3702002324463607,0.40417240923816067,0.11470208941754859,0.2021159171198705,0.15622460373649916,0.17842145133680437,0.9112751921085276,0.9744664069547477,0.13680197982830242,9.615996221701304,5.6166170835494995,8.181724846113713
10,15,0.25,0.0,18,0.2012308765313029,0.20401279373597253,0.15065628405336634,0.3547213388372217,0.214256145555696,0.28874981323078275,0.7549759432634949,0.784379526007378,0.17575294285034854,9.589378317197164,5.6806076765060425,8.108115442812814
10,15,0.25,0.25,22,0.309987748650309,0.3415628685218326,0.12259349543876176,0.25254177120725585,0.1945607491177421,0.1991061723185975,0.8553557464929682,0.8884006645221014,0.13369314889729986,9.598997215429941,5.770424962043762,8.114203449042275
10,15,0.25,0.5,24,0.30474928270113155,0.3191244843329052,0.14492214252007915,0.24223102645682745,0.18627747523469573,0.22508919621832463,0.8517295918590907,0.8842050969393405,0.13790655238974356,9.558707942565283,5.771241664886475,8.023320953834798
10,15,0.25,0.75,24,0.32491226183940797,0.3729246976004871,0.13333655264604438,0.21116018495518907,0.16050939006035747,0.1693403082037824,0.860984708634005,0.904616959676537,0.15017150236393031,9.529455413420996,5.836832046508789,7.9745504001541105
10,15,0.25,1.0,24,0.3740041457166455,0.4094296297480585,0.10671197297645943,0.17745093420288297,0.12357400404101526,0.1606020319784874,0.9254592256361741,0.9412755361585288,0.07283693864170236,9.574668983618418,5.840793490409851,8.058888425590313
10,15,0.5,0.0,17,0.15393394891740153,0.1629336377226536,0.14959259273772954,0.45170435553565047,0.3049711256072961,0.30980439409463284,0.7257108930847903,0.7573249564778168,0.18767254573598394,9.565346787373224,5.806950211524963,8.037036154819925
10,15,0.5,0.25,23,0.3358383054793408,0.3649591305557743,0.10218915709864056,0.20279128695962645,0.1938925190060778,0.13026014832749366,0.8756557434415532,0.9137660244246454,0.13640615844597792,9.53452280163765,5.8888633251190186,7.995950255604399
10,15,0.5,0.5,24,0.322784499198663,0.3880266154869903,0.155143555930824,0.232873668302657,0.156780432816132,0.21620183157855716,0.8784426666999829,0.9068110781447183,0.13068935474381133,9.537863284349442,5.863663077354431,7.990601357817604
10,15,0.5,0.75,24,0.38809275120672515,0.40462326011121075,0.060543833888678344,0.156065903632461,0.14235911386347788,0.08822934837437714,0.9322514060459114,0.969140116423421,0.08216934823608135,9.558975994586945,5.822140336036682,8.003333227952034
10,15,0.5,1.0,23,0.38458244787437795,0.4108328857543313,0.08671775761599565,0.15206123828214893,0.1196401437149035,0.09612138118340369,0.9147583784462839,0.9699601688865844,0.12149608063256474,9.575957467158636,5.820209383964539,8.020045312490268
10,15,0.75,0.0,21,0.1881270319779365,0.2010236611513714,0.14943695089633402,0.373232258638983,0.3222222222222222,0.2467824950907632,0.7494056308755978,0.7806375955719814,0.1511932663859274,9.589217593272528,5.844104766845703,8.02289679656961
10,15,0.75,0.25,23,0.298275463315182,0.3154707953111315,0.11451489107878124,0.23062670311207392,0.2122269875800282,0.14006653770234215,0.8086750086440825,0.8767286010457072,0.16845838776615724,9.621506323417028,5.805923581123352,8.08073054244308
10,15,0.75,0.5,24,0.3369005936739619,0.3752246594714172,0.11337352709643467,0.17844760476067353,0.15955724018333545,0.10913702604893905,0.8522487921085973,0.8900993962682703,0.16252537429646352,9.584670772155127,5.835131764411926,8.009791510937484
10,15,0.75,0.75,24,0.3881468823174729,0.3997544769908905,0.05635494080961573,0.15962323569970086,0.14388876206903956,0.09890474035357513,0.9359170003346468,0.9657444557945257,0.06543975045772848,9.568911502758661,5.827455043792725,7.996450037745508
10,15,0.75,1.0,23,0.3916712921954243,0.4059364991625458,0.060730190494385806,0.15750688669305307,0.1139863287906655,0.11290209005205258,0.9170325850523905,0.9606843954097595,0.12629914674466922,9.564705719550451,5.8126466274261475,7.987864150149034
10,15,1.0,0.0,19,0.18361997251045298,0.1804962741255971,0.12116145237507124,0.3410170949498606,0.29764982749146,0.22478235029290353,0.7126157675141345,0.7696621760154232,0.16117229025189422,9.553148647149404,5.834021329879761,7.964686774606142
10,15,1.0,0.25,23,0.35547484910133137,0.3931125867883089,0.09081925480330952,0.16196077973119644,0.1335225344870888,0.11102434175554997,0.8584571373128776,0.8923299163831979,0.14207601679640885,9.567457805077234,5.862878203392029,7.979844504166002
10,15,1.0,0.5,24,0.34581362125959286,0.4006911001954544,0.12043145643214646,0.1925913663758553,0.14391699422481996,0.12875683622512055,0.8842186088950412,0.9382217583465711,0.16076208561936428,9.562374740839006,5.916188478469849,7.980529195210656
10,15,1.0,0.75,23,0.3604812543346964,0.401703531995907,0.10170669353375114,0.178897225823758,0.1537407127133587,0.16769869294911716,0.8776923147037162,0.9388135975089896,0.1510287247093167,9.568324903647104,5.942199945449829,7.978404382334539
10,15,1.0,1.0,23,0.3940571353085634,0.4093841680180936,0.053878480740649985,0.1340404710085553,0.10187148771709,0.10146187265516218,0.8989772099352221,0.9411224104736218,0.1331548440283361,9.540941109259924,5.945718050003052,7.9246201703878665
10,20,0.0,0.0,18,0.13811863724968562,0.17964231584950108,0.13525008740716896,0.454968756141031,0.39986579697106006,0.2883591451190066,0.7338393474151261,0.753991677801968,0.17982455711254447,12.55014368891716,7.804279565811157,10.406561949512382
10,20,0.0,0.25,21,0.2655470892858345,0.3413510074652391,0.15526523423737976,0.3195126950962321,0.2111354913311024,0.2526154989845425,0.8415746652530643,0.8671517489221687,0.13094994349062958,12.525522907574972,7.796414732933044,10.356370749870113
10,20,0.0,0.5,23,0.3390440070727258,0.4050695260327079,0.1486204129494371,0.22691240527108872,0.1361523039521123,0.22929003519674693,0.8992087352741844,0.9507189075519074,0.12006352212895323,12.532742977142334,7.773765206336975,10.378629639904334
10,20,0.0,0.75,23,0.3128065900239113,0.3701707549325245,0.14774199158899903,0.25294003633955364,0.1966241826956113,0.22261849862573824,0.8738634990379023,0.923048895954727,0.12447458733779924,12.48117137948672,7.865056395530701,10.297855082096456
10,20,0.0,1.0,23,0.35289042804075005,0.4108328857543313,0.1454553041218171,0.2145337431201197,0.1477691055922146,0.22262596092718698,0.9138848242348857,0.9682271793985164,0.10634141508096326,12.530772864818573,7.843272924423219,10.363128476986994
10,20,0.25,0.0,18,0.17026985586487242,0.18823277075693257,0.1385110741752136,0.3940964218704003,0.2855412354245943,0.273651138259331,0.7131146273725243,0.7727115271499597,0.16664683179486772,12.467902412017187,7.85096549987793,10.285657654070961
10,20,0.25,0.25,23,0.3191055510480822,0.3420211351492817,0.120467936093369,0.24508215062100822,0.1614280575447241,0.17886871245236838,0.8684916820021052,0.9260781220240599,0.1397909246216014,12.442788074413935,7.8714433908462516,10.231006058341295
10,20,0.25,0.5,24,0.34118961981849133,0.39020467821309157,0.13066806555662186,0.22998251350416324,0.14726459100560407,0.20161943830750906,0.912361753141146,0.9206638547222639,0.08084514150958279,12.586336841185888,7.867101430892944,10.44093677518354
10,20,0.25,0.75,24,0.3549067716524898,0.39138693830605176,0.1041828348827845,0.17198224579206578,0.1535499958300832,0.10312443605653551,0.8817957890970455,0.9506316224474002,0.14720583042630986,12.47692534327507,7.913751006126404,10.289275540596172
10,20,0.25,1.0,23,0.3682138360260356,0.4096847469546566,0.11433612450094514,0.17798407838634772,0.1361523039521123,0.18019072559644325,0.9082279275034848,0.9699601688865844,0.10346362496955662,12.566666384538015,7.919177532196045,10.400617720229263
10,20,0.5,0.0,17,0.24473565776001505,0.2513367076646737,0.15374191419879213,0.3003321088326056,0.1816308733608941,0.2582855793921423,0.7337436567536869,0.786273675711044,0.2047432861717522,12.454937557379404,7.86055874824524,10.26489650495915
10,20,0.5,0.25,23,0.31409534852436743,0.3408973252150913,0.13794890018179407,0.24110694626278423,0.1559939666840532,0.21779355746915027,0.8490400216477854,0.8816672940180417,0.16166015856182667,12.467104901870092,7.851043939590454,10.280773951000851
10,20,0.5,0.5,24,0.34426080271372755,0.4038261131086657,0.14421987462911623,0.2015645150464138,0.13453904502132216,0.21246207521120153,0.8900861204738691,0.9449307208446625,0.14046133732127772,12.560766895612081,7.810950517654419,10.414065480218595
10,20,0.5,0.75,24,0.3548107582284288,0.4056818115799613,0.11788083548565166,0.1785513198607922,0.13709054374195345,0.17622725253375326,0.8881728363176499,0.9061326549918748,0.11098014812386046,12.562498599290848,7.774884343147278,10.419673025270887
10,20,0.5,1.0,23,0.3827242407798386,0.4098107091217766,0.08123937726006346,0.13377053849457662,0.1297876768189155,0.08486590531980491,0.8809866126765057,0.9175137099018236,0.1478575076200366,12.549340218305588,7.7979642152786255,10.500171552706053
10,20,0.75,0.0,19,0.2299158902804094,0.2467676313637603,0.14707830809048095,0.31271655282794053,0.2087268781468799,0.2498866378627127,0.747834373115901,0.8063834532828621,0.2066532225720226,12.541702181100845,7.785055994987487,10.504342391705848
10,20,0.75,0.25,23,0.3426532961915091,0.3802785640103099,0.10220753412533148,0.15722945984644687,0.153717332487195,0.11390430729890798,0.841606970688158,0.8685318091114327,0.14628013626599176,12.529871622721354,7.829731583595277,10.485419210959082
10,20,0.75,0.5,23,0.35004599234635625,0.3867965944777655,0.10460244111341437,0.1847501834924871,0.1542876050875248,0.10588957855177324,0.8633004803252629,0.8941192133404082,0.16561478179183847,12.523293226957321,7.845573425292969,10.473216469421699
10,20,0.75,0.75,23,0.36767568861410355,0.4037877848308873,0.08980044472499482,0.15649081356980057,0.1341624121489856,0.09992151442981191,0.8682293853660245,0.9159963165533564,0.1663801051176165,12.493227660655975,7.891561269760131,10.436455818338578
10,20,0.75,1.0,23,0.3693365064570147,0.3931125867883089,0.07735588116665516,0.16117022169673056,0.1488462434857856,0.10101351861319267,0.8783128799762244,0.9095226224432065,0.14350282162069564,12.50929237405459,7.839076638221741,10.460411650874734
10,20,1.0,0.0,21,0.15147966390919226,0.1723892517074239,0.10884854405368752,0.39280875014575917,0.345864675973035,0.25359366360086283,0.7009088106428681,0.7511742373714687,0.1730606156702495,12.52175501982371,7.847525596618653,10.487792385855693
10,20,1.0,0.25,22,0.294822444363874,0.32532923440674755,0.13518225607477016,0.24891141000594938,0.2418082922906566,0.18070010550745763,0.8148855929789302,0.8756437580044079,0.18106398543761812,12.493051439523697,7.759743928909302,10.45690800177578
10,20,1.0,0.5,23,0.3564414459165114,0.3854769731754304,0.07306846090445344,0.18645575915136006,0.1576819573951307,0.11034421126937582,0.8796773543795141,0.8912436576361786,0.12762732864927295,12.55664673447609,7.718661665916443,10.569398226399848
10,20,1.0,0.75,23,0.3951557429439848,0.418012922265926,0.056537190275575896,0.14231978877016124,0.1162571984520345,0.09590219670958393,0.9097567186121464,0.9693532895857235,0.13023894783180331,12.49640722076098,7.721109509468079,10.485518998134316
10,20,1.0,1.0,24,0.37973505199937274,0.39976944660551655,0.060361234638206966,0.13089796901400153,0.10718838023983375,0.10448197333446303,0.8903680730127471,0.8903165637714813,0.10234785332916986,12.539606223503748,7.767758131027221,10.530616719775281
10,50,0.0,0.0,16,0.14065152762146066,0.16883708888306995,0.14185093758791373,0.46850875087433846,0.3536306670210462,0.30928643669206923,0.696215649450179,0.7585260514493035,0.17590088288824252,30.659221361080807,18.454805850982666,25.662080556585998
10,50,0.0,0.25,19,0.29160841827002876,0.3074627072152271,0.13362153376786612,0.29693158615954723,0.2308754624275488,0.23686011125467019,0.82586434493683,0.8856939921083093,0.1584380581055875,30.647451599438984,18.354365944862366,25.6658548555274
10,50,0.0,0.5,24,0.358175484196106,0.41262976262525497,0.12319617049433756,0.18389760605831462,0.13577854765522215,0.17100251914869183,0.9002485744505266,0.972796161096835,0.13430919466746358,30.680084119240444,18.26827323436737,25.714943952647335
10,50,0.0,0.75,24,0.3476910091919882,0.39683240693230537,0.10284519670688445,0.20395424317141284,0.14964142458668034,0.17817723709648553,0.8993362615553893,0.9008522968827392,0.08345629751235364,30.675506432851154,18.263473391532898,25.71747240267239
10,50,0.0,1.0,24,0.32557047772261166,0.39066025140492444,0.16430339813555886,0.27289059583905323,0.1316695892247133,0.2737687695391066,0.9240315512842767,0.949124869056151,0.07374260288141551,30.712444931268692,18.19049108028412,25.781724816413117
10,50,0.25,0.0,19,0.18326447087643255,0.1856924245819251,0.16604945483666098,0.40412309595491436,0.3288737477978963,0.3006037004246308,0.758856143608606,0.7641250487382873,0.135107978409879,30.697776754697163,18.15072500705719,25.75863109572199
10,50,0.25,0.25,24,0.3391704402162996,0.39361542971853614,0.11180284580672374,0.19464679864977708,0.15088728882938163,0.15204137474460616,0.8729876790823764,0.9137611839780132,0.13218749185028156,30.646518011887867,18.155856370925903,25.673275566334436
10,50,0.25,0.5,23,0.36348569256426727,0.4089986668108264,0.10321220586704567,0.17239281416889532,0.1446852808117938,0.11185093949606617,0.8797018381795176,0.9671108057320903,0.1740337525737536,30.564642041921616,18.145151376724243,25.574553173960076
10,50,0.25,0.75,24,0.3921484882002863,0.4179121546262052,0.06576927707677141,0.15266790198325833,0.1280934343989346,0.10683888365280918,0.936964878383831,0.9708951379899275,0.08657618410236695,30.64224162697792,18.057228684425354,25.71167401585971
10,50,0.25,1.0,23,0.34797104269638096,0.3854769731754304,0.10243458823503757,0.19231926525493104,0.14061982819656,0.16172927756059716,0.8831671277040393,0.8864308091318933,0.1120731098904634,30.60254720846812,18.063238978385925,25.615163546867407
10,50,0.5,0.0,18,0.20177914466777835,0.22494918701424577,0.1636927259226953,0.3760688673195949,0.31980035766365755,0.2917712659678305,0.7624453784028686,0.8257802710290052,0.1653191056938794,30.60797722140948,18.039681911468506,25.628008835211855
10,50,0.5,0.25,22,0.34566090774053526,0.39880468973260624,0.11464321954469794,0.16704544304446067,0.1410364855234993,0.1098078949780976,0.8361574172026085,0.8869720937421957,0.18403433781501213,30.55763939023018,17.976460814476013,25.585995604585992
10,50,0.5,0.5,23,0.34858879332284687,0.3858876396844317,0.10145923858898029,0.1972893197995349,0.1324727345809799,0.18136532050225126,0.8725241878244573,0.8876664050759844,0.1343042466274307,30.56936652461688,17.962085843086243,25.60327480177514
10,50,0.5,0.75,24,0.38579499216783275,0.41402551967131324,0.07782151426992755,0.1437703763340581,0.13912854194748264,0.09008011361611794,0.9153603606697237,0.974143259232332,0.11312695145599763,30.634930560986202,17.92855429649353,25.707466805697116
10,50,0.5,1.0,24,0.3554350165547353,0.3972583031800177,0.1255368643198221,0.19960296201232264,0.1210137434458535,0.21761542188628374,0.9104729951217932,0.9397754006750678,0.08119131185067932,30.72622416416804,17.779264450073242,25.897975061588404
10,50,0.75,0.0,20,0.17725214353236157,0.1883892036836024,0.14018920573471186,0.3815934727973823,0.2981567227656742,0.27613841998950495,0.7212065715018511,0.7656906957259255,0.16236517493355143,30.633554955323536,17.774775981903076,25.763747626367195
10,50,0.75,0.25,23,0.3010947534755523,0.3329582102201149,0.13391116634186748,0.24473179317333943,0.166431158646677,0.20962802674368405,0.8427076480689943,0.880922371440058,0.14425216584590486,30.64923946062724,17.846811771392822,25.760514690253768
10,50,0.75,0.5,23,0.36769323365898166,0.4060746323094972,0.08090997419709771,0.17216876054996239,0.1483919482020309,0.1117598986070837,0.8850671625212088,0.9064906141440466,0.14133135944651515,30.610010147094727,17.825799226760864,25.69464063899664
10,50,0.75,0.75,23,0.3785714589300696,0.4047665528754561,0.07584354902836446,0.14347410859182536,0.113762380308009,0.11529440377778176,0.8790544304907124,0.8879774490917727,0.1386139969657521,30.61105089386304,17.87506365776062,25.687202126716336
10,50,0.75,1.0,23,0.3902178290252043,0.4006278867630635,0.05611457802443044,0.1404722196998175,0.1053156234709695,0.115476094561151,0.8978634519917467,0.9056607769706966,0.1308956320088538,30.553623219331104,17.781577944755554,25.62071740807517
10,50,1.0,0.0,16,0.13715563258854002,0.1642967963259508,0.12885987731387222,0.4539974804201769,0.3915207934210604,0.2957466729896443,0.6862557316895539,0.7603456199346827,0.19135374153965862,30.64503499865532,17.837379813194275,25.751133601446096
10,50,1.0,0.25,21,0.3260935767725003,0.3408973252150913,0.12249733892188888,0.2146173834188021,0.1542876050875248,0.18502072895645358,0.8338180270823846,0.8786132143767691,0.1792030734734646,30.57447745402654,17.84441304206848,25.655002367032584
10,50,1.0,0.5,24,0.32326839495201304,0.3598030645410921,0.10480846250798159,0.18653296922939308,0.1458646555485982,0.137975025989349,0.8330697591334192,0.8864293928280179,0.14063265026327143,30.60751564304034,17.841951727867126,25.68750946708526
10,50,1.0,0.75,24,0.37191421079531223,0.39956139326059414,0.07668575737242521,0.15376385623710037,0.12694722707521988,0.1196015380132515,0.8975922778277249,0.9065680283302896,0.10138580922052602,30.627219835917156,17.853484272956848,25.72707944877471
10,50,1.0,1.0,24,0.37269855375835154,0.40328219296280465,0.06977855661960398,0.13643199196456582,0.1137982957217101,0.10549412591292047,0.8818290994812689,0.8883262906775764,0.10283073946499811,30.64756088455518,17.825692296028137,25.753656541014156
15,5,0.0,0.0,17,0.13787604479114224,0.1734043236599089,0.13516084556662009,0.4681845196540268,0.4298887223887224,0.30054459074756584,0.7415834917910645,0.760686069400254,0.16679911313282303,4.557469705740611,2.60025954246521,3.8781158934900923
15,5,0.0,0.25,24,0.3149321552998365,0.3514016863048024,0.13232430508895274,0.2439810951111007,0.17326015561312624,0.207034447265309,0.8738454057107737,0.8887778094756781,0.11591091250279888,4.553648849328359,2.6342064142227173,3.861069502437555
15,5,0.0,0.5,24,0.35913998524513735,0.40572925317499187,0.11249419930516269,0.1957619634422444,0.14049183288125888,0.17599699980088054,0.9140419339325191,0.9480023463939401,0.0862289325138584,4.54473418990771,2.6408904790878296,3.844873706213282
15,5,0.0,0.75,23,0.3768688560522148,0.4099956004768543,0.10414521874219078,0.18018088510557567,0.1537407127133587,0.1609794711958498,0.9269219889929219,0.9685789661314836,0.09172432276230649,4.624804566303889,2.6504037380218506,3.9127101998067286
15,5,0.0,1.0,23,0.38007261764464845,0.4212090547987925,0.10962871533227668,0.17358280860616015,0.1335225344870888,0.18325577831359294,0.9108077891312506,0.9723856578540648,0.13604207637988952,4.613861093918483,2.7033050060272217,3.890164877775315
15,5,0.25,0.0,21,0.20005057138716703,0.2431035623550944,0.1459809737840352,0.3435844109103214,0.2893811232583128,0.25844259907575556,0.7407135860253001,0.7799430151409925,0.16384861334682746,4.598268747329712,2.7038352489471436,3.857706510143225
15,5,0.25,0.25,24,0.3330428564909527,0.32759245877734927,0.08731602175448175,0.18138836895549226,0.1738986458577177,0.08342429040345864,0.8474740819373978,0.8857347375381228,0.13143659437894237,4.627572387456894,2.70382821559906,3.9122244044993013
15,5,0.25,0.5,24,0.3815723376075801,0.41410861810620336,0.09451985333964578,0.17928200677918082,0.1352190347816215,0.15321085393051653,0.9424266819943411,0.9699764151259893,0.0665045176147382,4.651677270730336,2.7072876691818237,3.950373708936219
15,5,0.25,0.75,23,0.3776226070683225,0.411965125394538,0.09789344722985045,0.16218341253286644,0.1469318416392995,0.0980171435222685,0.8945291697060619,0.9744591068376004,0.16773168004246694,4.642301986614863,2.6804697513580322,3.940684527146078
15,5,0.25,1.0,23,0.38946158356018495,0.4139284665805731,0.08928611821139147,0.17416135169983626,0.1325422588015387,0.15996472085289554,0.9286993996838109,0.9735446998918398,0.12661643812948623,4.639642735322316,2.694565773010254,3.929305580757707
15,5,0.5,0.0,22,0.2668599691477477,0.31691521321455574,0.18021273424288078,0.2981459141356131,0.14102261544186406,0.30749467867815466,0.838535761553913,0.8760140088832804,0.14257191565842078,4.641088207562764,2.721974730491638,3.951857447640498
15,5,0.5,0.25,23,0.3486243743487039,0.3959134818057792,0.1199961887777758,0.20303128238974164,0.1476758801685728,0.17719173259968574,0.8780950989396316,0.9675178383047767,0.16080340530855178,4.631512939929962,2.7233902215957646,3.9398523452199052
15,5,0.5,0.5,24,0.3992653236777866,0.41657432910064324,0.054607105118814,0.1487772092572335,0.13549651515532615,0.0928122264336476,0.9473078566128069,0.9738742355421561,0.060209481518872884,4.609640846649806,2.711295247077942,3.9164182748993266
15,5,0.5,0.75,23,0.38484182169291314,0.4170430495835477,0.09261050988308372,0.16212650969462816,0.1251774509195105,0.10608974268567159,0.9108395280152335,0.9729049209782624,0.1530922405537457,4.62111367781957,2.652790904045105,3.9302783548848743
15,5,0.5,1.0,24,0.4094264042479119,0.4111418667671134,0.04650591123588728,0.14117071846674797,0.12838627063219604,0.08651882473482092,0.9600235269625718,0.9763099019553042,0.038448738185594765,4.657909462849299,2.657590866088867,3.9758643095376565
15,5,0.75,0.0,23,0.3089980101686791,0.3787266581140199,0.14856493341885557,0.22257801965713234,0.1393394123789833,0.21844859752004586,0.8433278994391648,0.8864974526199123,0.14905263151578982,4.616606126228969,2.704172134399414,3.9113797610192704
15,5,0.75,0.25,24,0.3447248164171737,0.38918414982579863,0.11123929068424723,0.19110137268904537,0.1483823957670159,0.10438279027418101,0.8805510055233928,0.9492628873938912,0.14516632547850808,4.647509415944417,2.6812835931777954,3.954950787138547
15,5,0.75,0.5,24,0.3950410152163977,0.4061489175818743,0.05559978496550947,0.14186841738910824,0.12183423577536165,0.10231177415867242,0.9319504478219037,0.941426749835544,0.05412412502577993,4.675638258457184,2.6796265840530396,4.012756907051561
15,5,0.75,0.75,24,0.40755644715446754,0.41994618595091526,0.04699260131606721,0.14223114418003427,0.1240318769501647,0.07696745088683869,0.9573440384889697,0.9746532850407121,0.034518004295281166,4.638916075229645,2.6801403760910034,3.961315805122664
15,5,0.75,1.0,24,0.4118429067279787,0.42249143623775465,0.044616595796167315,0.1339234227598886,0.12476959906638979,0.07874653417819731,0.957609236215846,0.9751144047657541,0.03989085245134615,4.6736569702625275,2.6895041465759277,3.9982741849387646
15,5,1.0,0.0,24,0.30377896099843915,0.3165450985115586,0.11614693139542205,0.20972451313828713,0.18757414694212565,0.11441843856513989,0.8172824351351654,0.8953652207179656,0.1802288937270977,4.641285320123036,2.7053556442260738,3.949170991949182
15,5,1.0,0.25,23,0.3630165492936997,0.4050852374870987,0.10502167124846068,0.16627662377234595,0.1227472408646266,0.13624413954382508,0.8704752824181224,0.9266760443145894,0.16772256628501137,4.6404096980889635,2.701458692550659,3.9382489561634255
15,5,1.0,0.5,24,0.39035873701168694,0.4079865229356634,0.05415944570532097,0.15086389685409635,0.13818441219350558,0.10510185617356538,0.9315813708774704,0.9725792557722239,0.06280307059118279,4.657288501660029,2.911813974380493,3.9332908619238127
15,5,1.0,0.75,23,0.4036009499130261,0.4206831377017727,0.05137080624553251,0.14730227200056786,0.1210551294342293,0.08688597244433435,0.9299787472111211,0.9748427985288798,0.12720945983971302,4.713755031426747,3.0193800926208496,3.9741906135002796
15,5,1.0,1.0,24,0.39569882616642643,0.41804621630141436,0.08671896820257019,0.143632165091676,0.121791212857696,0.10087497628785957,0.9350298174245287,0.9753208601602232,0.11561543030807747,4.674066851536433,2.9433603286743164,3.928766085257127
15,10,0.0,0.0,15,0.13524218426013662,0.1689237222582432,0.13371589163295916,0.46245136661692954,0.4052871494976758,0.31973780764516463,0.7421069119051963,0.7806839486461843,0.16415921283411006,9.100161015987396,5.619964122772217,7.649093763797296
15,10,0.0,0.25,23,0.3224841960400359,0.373845613914273,0.1566616430409732,0.24652240138306356,0.1385578882586023,0.25930353102486775,0.8862620104021715,0.9092733716223329,0.0990902081571863,9.108615299065908,5.640867710113525,7.659555266554346
15,10,0.0,0.5,24,0.37059646768759463,0.40527712266726323,0.09697565018202346,0.1801194797745055,0.140431051292845,0.1583630445266754,0.9213124151496949,0.9731193161512612,0.08582301118046715,9.084789941708246,5.669776678085327,7.630325830264488
15,10,0.0,0.75,24,0.3858488873334453,0.40999642066091313,0.06281285469237897,0.15034961017306786,0.14052495461150094,0.09515931849150537,0.9220473848399585,0.9519613117021755,0.08226404849533146,9.07966434955597,5.660860180854797,7.6305532797013464
15,10,0.0,1.0,23,0.3468742957330302,0.4050695260327079,0.13858341246387296,0.22794677940519917,0.1548823085247875,0.22881302165889153,0.9152080637516238,0.9425802043756805,0.07816506672921343,9.064664502938589,5.660100698471069,7.605310729194601
15,10,0.25,0.0,16,0.15668854965826995,0.16658441979325211,0.13118983176538307,0.3781674093409377,0.2668646012845912,0.2728111006945994,0.6892040888616293,0.7565102720464649,0.1777611338619003,9.069127082824707,5.612327218055725,7.60386867404782
15,10,0.25,0.25,24,0.3442550512378418,0.3997847736466702,0.11464169512670762,0.22096951813376856,0.15522307837348598,0.18771489423846516,0.9094796206094521,0.9287557672972566,0.08706873929372091,9.064590712388357,5.636874318122864,7.583475643456542
15,10,0.25,0.5,24,0.3927455231732913,0.4136073920245624,0.05971649559221204,0.1426497686425748,0.1309626635784284,0.08910986998111957,0.9281408149891576,0.9636397246622025,0.07967298641588079,9.050479898850122,5.615725636482239,7.567505093896014
15,10,0.25,0.75,24,0.39927809610809817,0.420044775404508,0.061038900257914204,0.14573492234377272,0.1249788589290962,0.0996997131122245,0.9442911145599692,0.9751061063947917,0.06230674892447723,9.092188954353333,5.586582660675049,7.621707858464605
15,10,0.25,1.0,24,0.4036680901498469,0.4162132992393345,0.045308400892264705,0.13826776275714098,0.12818310029156105,0.08099552350904728,0.9456039430568349,0.9748001348586287,0.049467872912583005,9.0503890812397,5.584010720252991,7.5713922130944304
15,10,0.5,0.0,21,0.25606852370570893,0.2878869054510797,0.1465486694482786,0.2748798623184454,0.2427543902630336,0.23839819361084105,0.7798636416124759,0.8126190476190476,0.157834443678762,9.090334782997767,5.554816365242004,7.621941510692427
15,10,0.5,0.25,24,0.3237536012426238,0.3812676790354525,0.12492990761921928,0.20325132581972985,0.14994444444444444,0.1667347933136939,0.8507585283049776,0.8893745543354865,0.15176195304381318,9.082705855369568,5.307336211204529,7.667856419976409
15,10,0.5,0.5,24,0.3794209658179379,0.41088056627211395,0.07637277144913082,0.1573328349245735,0.14448040615009683,0.10499276668463957,0.9161747665604493,0.9683633815524496,0.10358922259981429,9.073984195788702,5.274398446083069,7.6831702377620985
15,10,0.5,0.75,24,0.3805142478846301,0.4125271369965865,0.08821573772051149,0.1508212807905815,0.1353981076841949,0.11342123759086525,0.9118497765598419,0.9645675924622623,0.13360263497119432,9.052657186985016,5.243424654006958,7.648006192116002
15,10,0.5,1.0,24,0.40707703066233836,0.4178999003025835,0.062292269876846225,0.13484328781952684,0.11763646469318255,0.0849708010139923,0.9489973491442036,0.9753834203624545,0.06816750721004998,9.151686320702234,5.324534296989441,7.697146354154129
15,10,0.75,0.0,19,0.21732319980385542,0.2323720023992689,0.15136628377439842,0.326283409719387,0.2144815333836787,0.26738533420345273,0.7606239658134859,0.7947222222222221,0.1710526700669603,9.163098643223444,5.326324462890625,7.719029297218883
15,10,0.75,0.25,23,0.35564029953253157,0.4109367266138281,0.11501143661271948,0.1674024166205201,0.14061982819656,0.10063480132455983,0.8690950328891601,0.9431894522196438,0.17481915913759946,9.160125861565271,5.330365419387817,7.7123008874883014
15,10,0.75,0.5,24,0.3858752334991407,0.4000639463989888,0.0616012157320946,0.15406140513935304,0.13231682279909995,0.10807752430211094,0.9258118721376346,0.9356830847958568,0.06234999050399282,9.206072539091112,5.298867344856262,7.784873128800548
15,10,0.75,0.75,24,0.38553280393952155,0.41421856212017444,0.0892987697320294,0.15027361718962753,0.13342793391021107,0.10056311071428982,0.9213392250686708,0.9673139382312013,0.11640283715713835,9.162476609150568,5.295752167701721,7.719279164122741
15,10,0.75,1.0,24,0.4041017866235684,0.4160908458691701,0.05059236625206861,0.13609554844781677,0.12357400404101526,0.0979170879124648,0.9442991216949536,0.9687389931703008,0.05097237782073039,9.16432782014211,5.29754376411438,7.7386763624364585
15,10,1.0,0.0,19,0.16518714002427237,0.1625309537040934,0.1826900943154542,0.4186511488924724,0.345864675973035,0.3127158599155715,0.7439633002639469,0.8155204437129921,0.19799183491729144,9.239394187927246,5.498089671134949,7.742098324969722
15,10,1.0,0.25,21,0.3608341124515889,0.3956085690196458,0.10157652962711955,0.1821491542950503,0.1464238118704097,0.12690650631801556,0.8520556790798982,0.9120654506250309,0.18964515959368125,9.208847999572754,5.493403077125549,7.699249880281403
15,10,1.0,0.5,24,0.3689042256797724,0.4077941265620039,0.10040129353251083,0.16763599100370494,0.1186909778853546,0.13710492897552626,0.9054444423632498,0.93527603161667,0.11841431673186115,9.255298982063929,5.473301529884338,7.7602891703214825
15,10,1.0,0.75,23,0.39556464485284065,0.4137265373681891,0.06279383287248594,0.15265426398094487,0.1297876768189155,0.10475692571222088,0.9197048214936269,0.9688490901064434,0.13142256681243436,9.226015647252401,5.458356857299805,7.723818165850826
15,10,1.0,1.0,22,0.4058131215775498,0.4211459581667405,0.05501227969319834,0.14034864521527127,0.1292083591003432,0.08423680720374599,0.9014048471717501,0.9657435880574721,0.1765443470923338,9.239326904217402,5.449758887290955,7.739611572482925
15,15,0.0,0.0,16,0.13786046906006144,0.1684515952979175,0.1275249775055353,0.46090834137326525,0.39558183058320795,0.3067570439326034,0.7134457403171178,0.7551386386519394,0.18376887499505432,13.627211193243662,7.946350336074828,11.436452695737522
15,15,0.0,0.25,23,0.3321988006777907,0.3502579365079364,0.12012017168032008,0.22365005205502267,0.1548823085247875,0.16955591619858693,0.8829623345184955,0.918838527631469,0.12032721715772905,13.636970619360605,7.954664587974548,11.443164768396388
15,15,0.0,0.5,24,0.3725719897360198,0.4104142431155928,0.07639937826948676,0.17850572024545633,0.1485263949356121,0.12026976879159439,0.923649699717496,0.9749017863095615,0.07998432106409122,13.581658860047659,7.923709392547607,11.37242796107121
15,15,0.0,0.75,23,0.40177099565131913,0.4108328857543313,0.04867948389454118,0.137802486233544,0.1335225344870888,0.08090152369636908,0.9340384576388415,0.968789997500998,0.06735694169268269,13.63617318868637,7.915643215179443,11.456109119636892
15,15,0.0,1.0,23,0.38481841639584663,0.4099956004768543,0.06068514985331887,0.16683988422148224,0.1495083807713174,0.09788724329956384,0.92937352047096,0.9663468006450646,0.07593462930604765,13.64098733663559,7.974319219589233,11.456776891863203
15,15,0.25,0.0,22,0.21122205387885795,0.2523380121828453,0.16595406600984938,0.37043982185026664,0.2654322290466938,0.31214455651117495,0.7998162211882698,0.8419858008148486,0.14407152676176585,13.579405814409256,7.987802147865295,11.378326113258614
15,15,0.25,0.25,23,0.3518974031482426,0.4099956004768543,0.11551921511383692,0.20637256934175657,0.1548823085247875,0.16323571286650074,0.8921519691136326,0.9560507197638736,0.13011398542160899,13.623479624589285,8.045865774154663,11.432937022972869
15,15,0.25,0.5,24,0.32718534523560344,0.3800284454714009,0.124146554987988,0.20155664819165997,0.15990274344776745,0.11455660921274446,0.855927338662867,0.9173137781912004,0.16386700596024975,13.600345581769943,8.012784242630005,11.40419059950133
15,15,0.25,0.75,23,0.39251563211496726,0.419817114892608,0.08982379743580185,0.15478298234107712,0.1321491623589999,0.10404276808565106,0.9159820554449994,0.9743351021014615,0.16189792411452922,13.601985196272532,7.9995299577713,11.40280022592986
15,15,0.25,1.0,22,0.3727600510533802,0.4211459581667405,0.1323623239362601,0.1802236101849364,0.13306376958138366,0.17688967541020412,0.8959002448643737,0.9765810857182287,0.16804801790874932,13.631066590547562,7.994579792022705,11.426405528793104
15,15,0.5,0.0,18,0.19862532008148193,0.18960466005484114,0.15180985486335766,0.35194230409008387,0.27288549943730056,0.26030898937242547,0.7344133213600106,0.7871710778088501,0.1993869568130595,13.55270728468895,7.998899340629578,11.319517563204371
15,15,0.5,0.25,24,0.3494054939663722,0.39100772934562444,0.12156815504501642,0.2159481996159567,0.15070829644096576,0.21032661697938176,0.9147591875487012,0.917939805473178,0.06474374629025817,13.613061914841333,7.96752142906189,11.405629071471743
15,15,0.5,0.5,24,0.389944402298323,0.4189204777055586,0.08510645587278504,0.14766652749208894,0.12267649728682235,0.0990568490353255,0.9275553320887351,0.9693536267315802,0.11826115742312279,13.584790577491125,7.964134335517883,11.36254761554468
15,15,0.5,0.75,24,0.36376092060304166,0.3794205868489382,0.10758333601763269,0.18367813813173897,0.16007756742926288,0.16336784790004483,0.9111999793378223,0.9603988990555595,0.09255168612107231,13.575139294068018,7.99590277671814,11.345852395886642
15,15,0.5,1.0,24,0.38541156302014024,0.41009296947279683,0.10620060014240255,0.16795349425260106,0.12757420258525526,0.17935069288338482,0.9387766202928817,0.9669193033541679,0.06731249988348934,13.750055372714996,8.048969984054565,11.60218098886284
15,15,0.75,0.0,19,0.2071243779427847,0.2146439999348849,0.13685058609197945,0.3215935859266628,0.2613664151277619,0.2254715058634278,0.733576516031846,0.7836277711881116,0.1824227543418357,13.737984905640284,8.002322673797607,11.583105284015415
15,15,0.75,0.25,24,0.3559037603958261,0.387907398638235,0.08301677706018565,0.18708984420339403,0.156780432816132,0.11582159640870415,0.8988973649950464,0.9262646891156614,0.09741069846881618,13.772111823161444,7.976284980773926,11.615923360903984
15,15,0.75,0.5,23,0.3701304026619394,0.4073289399024284,0.07349112290350461,0.17440050946341518,0.1495083807713174,0.10193140031212233,0.8927039271662186,0.952589623486755,0.14283146405484268,13.709267228841782,8.035506129264832,11.55894958921422
15,15,0.75,0.75,23,0.39590771069643754,0.419817114892608,0.0604115968651161,0.14059520474507572,0.1335225344870888,0.08574844946103079,0.9089453586458545,0.970073104731171,0.1391705663445997,13.712429255247116,8.065067410469055,11.558400027289482
15,15,0.75,1.0,24,0.3954245820080439,0.41061643153592375,0.053503385147888216,0.14475389884234893,0.1137921692879156,0.11137282509866823,0.935603062858437,0.9579961127175018,0.0641025387602328,13.761311699946722,7.994146585464477,11.640849452870786
15,15,1.0,0.0,18,0.19743261680603386,0.21821054484706515,0.1566256541708713,0.3602206972859909,0.27442645491121753,0.29374537591067285,0.7306128116584015,0.7761883362833755,0.1614425290044954,13.746380656957626,7.957148194313049,11.62165463805123
15,15,1.0,0.25,23,0.3206155433439567,0.3178725596264838,0.11578806579845938,0.2028391241042203,0.1576819573951307,0.12174474137824173,0.8324062103063864,0.8895208161248164,0.16638262368140944,13.794868191083273,8.004688620567322,11.677347902128792
15,15,1.0,0.5,22,0.378200861939093,0.4162427995593564,0.10060296628090613,0.17606384046067197,0.13566673530774886,0.17135968446075542,0.8899582659093784,0.9741173000494767,0.1631805063860064,13.775517751773199,7.953820109367371,11.666513886099619
15,15,1.0,0.75,23,0.39846235177816114,0.4126656337151766,0.05486572308032459,0.14630541655952,0.1335225344870888,0.09745148740264069,0.9158344787874627,0.9748262614321646,0.14694471777868753,13.802463521560034,7.983222484588623,11.699618634236826
15,15,1.0,1.0,23,0.4037065193890774,0.4138513055928445,0.05237960832819818,0.13789606470479185,0.1185298896399602,0.10011384696556508,0.9213063994348089,0.9730143425267412,0.1298636876942396,13.745684425036112,7.963635802268983,11.608321490937
15,20,0.0,0.0,16,0.14044609645322106,0.16235628644611186,0.12849976333533952,0.4478721238815803,0.36472035585975615,0.29155624376973077,0.7156272092680132,0.7518397181873662,0.15658826509820414,18.13525602221489,10.448392748832703,15.319993730918332
15,20,0.0,0.25,22,0.32016653416000623,0.34758272815290425,0.1385448115123097,0.23233955417717658,0.17547327214050207,0.1986562373936561,0.8654776817335345,0.9305602970079732,0.13787907695409102,18.12446732322375,10.463941097259521,15.330107262709866
15,20,0.0,0.5,23,0.3686568017951139,0.4109889511872205,0.10475495985307862,0.1826573679738259,0.1495083807713174,0.167368975036025,0.9135555144155516,0.9542364976388282,0.0846805519286753,18.111824591954548,10.475029826164246,15.305897224964692
15,20,0.0,0.75,23,0.37099470519842054,0.4099956004768543,0.10784206655947864,0.1875687771953134,0.1361523039521123,0.17642464867924648,0.922743263109148,0.9664470712727876,0.0735778115311798,18.10712339480718,10.4912588596344,15.298001861777138
15,20,0.0,1.0,22,0.3579845172740885,0.4131457196082005,0.13489479216578273,0.22332207574418447,0.132174712469676,0.2261320403969845,0.9074224965037975,0.9566871248762054,0.13947967995103827,18.068936934073765,10.528160572052002,15.259126598820481
15,20,0.25,0.0,20,0.23203075038016463,0.23763994655834136,0.17565940662805304,0.33856361906147353,0.20363386814409334,0.3046362200101817,0.7758782192286158,0.814450592171611,0.18263782742061932,18.076483696699142,10.520833611488342,15.267516886775985
15,20,0.25,0.25,24,0.307519200540771,0.32318290798283245,0.13504985273028838,0.2504858344485788,0.1791030204305982,0.18712096002669887,0.8655242355301209,0.9143660743849267,0.1431605637733837,18.09986526767413,10.545480132102966,15.284574605075926
15,20,0.25,0.5,23,0.3890489088712626,0.4096847469546566,0.05921020359455066,0.1439421236458424,0.1326050046756785,0.08797648823535403,0.9073398644654397,0.9532255636168302,0.1004443797578956,18.128194550673168,10.524842262268066,15.316113851494908
15,20,0.25,0.75,24,0.37067528707897157,0.4082153529478166,0.10402225731963463,0.17486677126248432,0.14266967463358504,0.15714060854147877,0.9162173454204274,0.9527592315574255,0.08457121505704446,18.13830068707466,10.51540207862854,15.335034116655438
15,20,0.25,1.0,24,0.3948588142755986,0.4072043126043756,0.08168181290077309,0.13497070144870574,0.10868370713680015,0.0832450125537451,0.924688329999903,0.9673019195578172,0.11590433266282812,18.196992079416912,10.52922785282135,15.413915443421141
15,20,0.5,0.0,17,0.1790817394839085,0.1734043236599089,0.15912613442697957,0.39214507500324686,0.2446524662401724,0.29993782710843453,0.722970832792272,0.7504228093458627,0.17932676967687405,18.143089493115742,10.441021919250488,15.356216055727288
15,20,0.5,0.25,24,0.3410317249041162,0.39569154957267105,0.12879227035523672,0.19487017493255118,0.14718027045495935,0.1683374731290058,0.8769336247407836,0.9324730768089855,0.14493482728844923,18.17210739850998,10.4764963388443,15.392375434195992
15,20,0.5,0.5,22,0.37189872236038624,0.4108848061840797,0.09662111152730667,0.16754212982069536,0.1444656230963404,0.10657601856153455,0.8641478729873193,0.9606843954097595,0.20519919482089385,18.215740442276,10.435287117958069,15.453671785819616
15,20,0.5,0.75,24,0.3780943950096481,0.4032114790274749,0.08710000030633874,0.15625964013995436,0.12964641146338066,0.09796086753720541,0.9124484301592507,0.9361374937514417,0.10942955236665242,18.163192133108776,10.43394422531128,15.376427672229285
15,20,0.5,1.0,24,0.3873177711152913,0.41411561298444605,0.0772099973639853,0.14601646607489563,0.13165510565300215,0.09952448406153902,0.9206520083054784,0.9751196481988462,0.10629133346538902,18.20459607243538,10.384183168411255,15.436485186482935
15,20,0.75,0.0,19,0.20736148017135464,0.1850039388250382,0.16778176200962022,0.33733802861428436,0.2561956075044728,0.26160029951551783,0.7591145557718094,0.8081692858318856,0.18993531160735366,18.19377674659093,10.424586176872253,15.414849718295992
15,20,0.75,0.25,23,0.35136434691081,0.3854769731754304,0.09589422518147471,0.17393265861239957,0.1468041374747067,0.10322932478412422,0.8579449432687493,0.8929866683686009,0.1576063254617117,18.163623680671055,10.434446811676025,15.37448231793833
15,20,0.75,0.5,24,0.384654141778007,0.40955578343820614,0.08164755334974336,0.15397697297784227,0.1350982415010314,0.10034435944303106,0.9232852565338563,0.9697335225973611,0.09992480536157237,18.23367930452029,10.521278977394104,15.453367169681119
15,20,0.75,0.75,24,0.3951293685463357,0.40762879475735203,0.049143641396777404,0.1397275215821779,0.11130984359892085,0.09587483099705917,0.9299862586748494,0.95739088207956,0.06383677531210045,18.24732823173205,10.507022500038147,15.474228232744236
15,20,0.75,1.0,24,0.40234549286023547,0.40999334381275565,0.054515624420025305,0.12664724839179817,0.11041900275881815,0.0972909069367901,0.9313382341122692,0.9570484007240172,0.06770929912440708,18.203569024801254,10.53988778591156,15.420759357168516
15,20,1.0,0.0,17,0.14825605795955338,0.1600580837283923,0.13541342954182733,0.4026682308811195,0.345864675973035,0.27370426778988294,0.7008220539104449,0.7693148919206851,0.18674151705289171,18.22631163398425,10.561929821968079,15.445236049726404
15,20,1.0,0.25,22,0.3664963891303234,0.40225949269196937,0.0894423166100142,0.18762711957131806,0.15021716513434044,0.13926345709237078,0.8834925594919268,0.9446858346319832,0.1542719320195063,18.194079915682476,10.57810890674591,15.396896842160855
15,20,1.0,0.5,24,0.3777890520782092,0.40160353117983016,0.07458780242970406,0.16157291468929832,0.14707514862990212,0.10146616858413547,0.9171510188457167,0.9474609393928307,0.0878000471606085,18.316276222467422,10.581535339355469,15.549725343037966
15,20,1.0,0.75,23,0.4021262838281678,0.4109282426961045,0.048032081459682435,0.14648643031974642,0.1300044352615893,0.09439830161529258,0.9264516088748586,0.972646802915923,0.1260329075555349,18.235155949989956,10.511940121650696,15.465206766566368
15,20,1.0,1.0,23,0.40002287801801845,0.4103999732237241,0.04979867601013752,0.13917907578751115,0.1162571984520345,0.10310353761744134,0.915417199645347,0.9566470543949318,0.12849630678758897,18.279232422510784,10.561797857284546,15.523621372220687
15,50,0.0,0.0,17,0.135911742746493,0.1616692560892227,0.1345225150500855,0.47146556288217634,0.3704103490755062,0.2955891680062597,0.7314967650056792,0.7685286054551805,0.16487641733103728,45.22410092751185,26.30984890460968,38.16205922498134
15,50,0.0,0.25,22,0.3180103759236426,0.35092273350421227,0.13162123569288206,0.23920800836292752,0.17626109072581714,0.18086313272497626,0.8434025570085498,0.9426322285287883,0.17727461533343106,45.332421938578285,26.272812724113464,38.307451996736326
15,50,0.0,0.5,24,0.32159800573936154,0.3697695241615729,0.15395107189643098,0.24194839946837046,0.1944232024589167,0.22367172009658684,0.8851444109470936,0.928350608137031,0.1300949733831117,45.280509213606514,26.262277483940125,38.25008364033033
15,50,0.0,0.75,23,0.370275200086143,0.4099956004768543,0.10800894915637595,0.18776106302276357,0.1471111111111111,0.1754514184541737,0.9215484855619224,0.9680847924026761,0.08170829610925316,45.29829704761505,26.284504413604736,38.267278256599745
15,50,0.0,1.0,23,0.3807675031626778,0.411965125394538,0.10935454183380096,0.18117998935922544,0.1355555555555555,0.17135198397833146,0.9353518708643902,0.9728049482780281,0.07344934671821635,45.41376725832621,26.336536169052124,38.43269765420313
15,50,0.25,0.0,20,0.15283211731757967,0.16961505468796226,0.15702449059764106,0.41962558218714674,0.33721198581894507,0.2873468202104781,0.720049230592422,0.7609354445755212,0.18589251919411606,45.31904857357343,26.347259640693665,38.28439369946919
15,50,0.25,0.25,24,0.31280459008741085,0.3312991125240723,0.14393882386995058,0.25259849881753504,0.18916376949966354,0.2194298243826204,0.8782076789923567,0.8974842097759894,0.1285840591019511,45.38157937924067,26.034043550491333,38.368502435371376
15,50,0.25,0.5,23,0.3846334551870942,0.4125459827870542,0.06403963993102703,0.16411089578840765,0.1477590087588294,0.08356209899877652,0.9097326467830981,0.970926350582893,0.1444705367244121,45.378902604182564,26.113926768302917,38.36584095126926
15,50,0.25,0.75,24,0.40191074081004136,0.4200394351630733,0.05603256828952897,0.14330083460006762,0.1281348876758577,0.0861019667757982,0.9471223162201504,0.9763107289106085,0.06298288526777143,45.363085826238,26.159921526908875,38.34518566445417
15,50,0.25,1.0,24,0.3856827044620243,0.4129427440288126,0.06931835496832793,0.1495701316985378,0.13515735805054896,0.09449939689405862,0.9209355406225864,0.9656567650348152,0.08247927469151095,45.34070945779482,26.159112334251404,38.296595494274314
15,50,0.5,0.0,18,0.2369130750806709,0.24920549983026868,0.156044346425611,0.2951362023405891,0.16680319459789816,0.2570264675946005,0.7365280977774155,0.7937327178471907,0.1999426363682589,45.318490574757256,26.21929931640625,38.274262487142444
15,50,0.5,0.25,23,0.3250808444223356,0.3155977590531161,0.1283416532531784,0.2468246439135751,0.2584942823733048,0.190526114683544,0.8751678576139362,0.9303890008738119,0.15176900023720696,45.356692761182785,26.218868136405945,38.3306563841985
15,50,0.5,0.5,23,0.39295619831920947,0.4060746323094972,0.05479580795693727,0.1389425801520631,0.1157314534551231,0.09392200809531154,0.9078102091808646,0.9253325661925267,0.10337636183784585,45.257040252288185,26.1922447681427,38.20138991863887
15,50,0.5,0.75,23,0.3949646307300982,0.4108328857543313,0.054308984232459966,0.14292157078703396,0.0975411198761797,0.09771160578190329,0.909308783384709,0.9423859383225182,0.1262254966986394,45.369491428136826,26.20942723751068,38.367020618941936
15,50,0.5,1.0,23,0.36152553872800547,0.4050695260327079,0.12624335507109177,0.198764246055948,0.1257702884396725,0.21798355969930752,0.8987330875134072,0.9125040628220322,0.13032118467610868,45.189111133416496,23.447784304618835,38.43796350379112
15,50,0.75,0.0,18,0.2921113813072028,0.30899241054996207,0.14141061667409158,0.22790241918718646,0.15232393548838064,0.2072923540305119,0.7979292128303487,0.8734938014294042,0.18852778762489422,45.22754666209221,23.301640510559082,38.486443465386984
15,50,0.75,0.25,23,0.3088984712360056,0.324425538695052,0.13662886414451836,0.2601205644298361,0.2603753718731371,0.2097173775036206,0.8687780869714133,0.911618317560572,0.1368963511842586,45.18109213312467,23.31235635280609,38.416786669327834
15,50,0.75,0.5,23,0.3916999988682027,0.4092466815413853,0.06270190740863475,0.1543492984472202,0.1376372556984053,0.10449922433896129,0.9140031446570878,0.9641787722738948,0.1295608218426101,45.265678395827614,23.35244643688202,38.535932646040095
15,50,0.75,0.75,23,0.38062411505261534,0.4108328857543313,0.08121233224742706,0.15224335676441553,0.1361523039521123,0.10254513853819892,0.8913925508909905,0.9567312441059097,0.14620696720636972,45.16850733757019,23.353102922439575,38.39358697974052
15,50,0.75,1.0,22,0.4039388567939586,0.4094822554964783,0.05116779271362578,0.12637833421846056,0.1137982957217101,0.10117582302568391,0.8852210161039614,0.9420035032028617,0.17636806553588177,45.18043548862139,23.251765727996826,38.4276954507716
15,50,1.0,0.0,16,0.19284321816255812,0.19476856425072658,0.14818460373570827,0.3761853715424797,0.25745282844545003,0.28085408394676364,0.7432250158018984,0.7809392387839205,0.16761025000414728,45.150979191064835,23.27734088897705,38.38864574605378
15,50,1.0,0.25,23,0.33917778013244243,0.3701707549325245,0.10374704711420846,0.18285088769646998,0.1542876050875248,0.14310366573015654,0.8527071052222244,0.8832840625417322,0.14781042349629878,45.20117399096489,23.229255199432373,38.475088356194505
15,50,1.0,0.5,24,0.35926268370774644,0.3927897213171182,0.09457470958777134,0.1611655577815521,0.1379145394078261,0.12022085279010224,0.879690925197045,0.9151237932815564,0.1302504520377495,45.28349804878235,23.15469205379486,38.596786934892
15,50,1.0,0.75,23,0.3805952187557043,0.3947832443439713,0.06267642745497574,0.15603565884423312,0.1162571984520345,0.1144495966869055,0.8949714558150695,0.910837294449959,0.12368212700432761,45.13416666785876,22.7845299243927,38.45081159399762
15,50,1.0,1.0,23,0.39492851190043393,0.4098107091217766,0.0503363780334951,0.13626048034658303,0.1138342111354112,0.1098067450018819,0.9053404219941211,0.9483140207474835,0.12381934620486196,45.14688722292582,22.77641749382019,38.472765981043764
20,5,0.0,0.0,15,0.143333598760763,0.196865535562197,0.14360679744681612,0.4597841619714594,0.345864675973035,0.3143146515506382,0.7257644744323294,0.7764030382370453,0.1572104881602879,5.958727270364761,3.4256086349487305,5.056695556492155
20,5,0.0,0.25,24,0.345873364674738,0.4059600317217225,0.13002056038232318,0.2290730210395782,0.15367246579744054,0.20060044149819073,0.9208197503890542,0.962186846823321,0.08649754006624981,5.941068281730016,3.4538620710372925,5.0274091204761815
20,5,0.0,0.5,24,0.37920287850992485,0.41144132918518755,0.10649234445414187,0.16387640430443906,0.1225176300977434,0.17967751140668894,0.9222821613242888,0.9533922651827633,0.07923170315393954,5.9892028868198395,3.4482866525650024,5.104844591196174
20,5,0.0,0.75,24,0.360980571447359,0.412511176666035,0.1256050617120963,0.20843152351013697,0.12690127793194456,0.21265689608224278,0.9303926664048551,0.9553224711863841,0.07135886524767066,6.05574310819308,3.514883279800415,5.152589089171675
20,5,0.0,1.0,23,0.38050244634054037,0.4276616138786092,0.11608002016740983,0.17677899959870677,0.1227376496842346,0.16594826823245887,0.9306262301014633,0.972205262253508,0.11851345920731993,6.1038336753845215,3.505252480506897,5.220322817928539
20,5,0.25,0.0,22,0.2536078929932119,0.2728160853398035,0.15475486746868417,0.2714804598355862,0.23947760439034949,0.217254009237686,0.7771448390934562,0.8496187523782369,0.19857338725225576,6.095568209886551,3.515482783317566,5.205548957029322
20,5,0.25,0.25,24,0.35775834031988785,0.40007201509286594,0.10831404454170716,0.17312021043243228,0.13788155872435742,0.1157045865315553,0.888636891072208,0.9243014111052001,0.1365231557444062,6.077112048864365,3.5149232149124146,5.172622724698226
20,5,0.25,0.5,23,0.39911319433786296,0.411965125394538,0.05583724457407951,0.1335176883254229,0.1290963970152497,0.0861028674263237,0.9248380737927677,0.9694259963837684,0.08134088677264166,6.066103458404541,3.5507464408874516,5.157297397666776
20,5,0.25,0.75,24,0.39101337056074675,0.4132944828079216,0.10467631731581466,0.1640102894373705,0.11735833357819606,0.1689352849178131,0.946037030558864,0.9711898976644717,0.052500921205247485,6.104773859182994,3.5385037660598755,5.226726289707087
20,5,0.25,1.0,24,0.41752719927047116,0.4188664372865965,0.04076435156377002,0.11652046961735398,0.09970630379663484,0.07331454334876132,0.9515748681582963,0.9746484591094414,0.04785679645879093,6.074758191903432,3.519734263420105,5.148089671337637
20,5,0.5,0.0,23,0.33044096259935535,0.4027711621027556,0.13676862766763193,0.21439667882971997,0.1527777777777778,0.1997582794102597,0.8689574717177223,0.9244960039817175,0.15330816002579306,6.123557885487874,3.5599054098129272,5.215908754257512
20,5,0.5,0.25,23,0.3492411912116922,0.391168987287828,0.10416008480865749,0.17647374297411247,0.1468041374747067,0.09644977664353904,0.8493646694751505,0.9239564375149144,0.19183389663429604,6.132287353277206,3.536496639251709,5.230606604392226
20,5,0.5,0.5,24,0.4039202791796826,0.420044775404508,0.051322444264392995,0.148919964813151,0.13488757161454973,0.08917468586987881,0.9567605231725164,0.9758659167385355,0.038401069151541053,6.1255850195884705,3.562702775001526,5.232246640268055
20,5,0.5,0.75,24,0.4104726647880536,0.4199100829549518,0.05694534143746272,0.12307159982876041,0.11984686244428044,0.06391648749391368,0.9440169294048677,0.9747148494349833,0.07982644576043238,6.145379642645518,3.5569382905960083,5.269735893833357
20,5,0.5,1.0,24,0.41829404353899263,0.42800879579525664,0.046390460481974906,0.12799036598085597,0.10275881287232926,0.08365369020146482,0.9645784530588414,0.9747050163918065,0.029845235408871934,6.146117111047109,3.567290425300598,5.261921243930404
20,5,0.75,0.0,24,0.35239309139004926,0.39993829542442483,0.09576606212541482,0.17097628356565717,0.1304008194270686,0.0915265890066204,0.8757624663457557,0.9255710107415429,0.14971669036578703,6.173099180062612,3.538009524345398,5.305633046945326
20,5,0.75,0.25,23,0.39391307489730243,0.4108328857543313,0.05143976476227505,0.15207158866044543,0.1308142160457457,0.08578475335399237,0.9160921751294445,0.9556264627671076,0.12674129382443905,6.149548937877019,3.5261666774749756,5.265877897917572
20,5,0.75,0.5,23,0.3821121016943138,0.4139284665805731,0.0716317648489392,0.1649956989458048,0.14061982819656,0.09167878780293544,0.9024080200802782,0.9748001348586287,0.15577526986886409,6.0776573518912,3.516460657119751,5.175097233386798
20,5,0.75,0.75,24,0.411425224006901,0.423649328975589,0.04046370027851962,0.1232981007135358,0.11459564250914814,0.07816870118839102,0.9461485487273379,0.9736233121070221,0.053475714146626406,6.094652722279231,3.5532506704330444,5.199843372250024
20,5,0.75,1.0,23,0.4102762928491831,0.4208636992327614,0.046777040021667875,0.1407172290932403,0.119534513054359,0.08786372048453137,0.9368781244526988,0.974753335203555,0.12384318915956057,6.026099006334941,3.5220826864242554,5.1111702867594575
20,5,1.0,0.0,24,0.3083530200367446,0.32876043308414193,0.13641930820403467,0.23192945201073067,0.1672222222222222,0.22152319356067388,0.8486354920842198,0.8738869596376846,0.12408199365683698,5.9886006116867065,3.525803327560425,5.041651619340343
20,5,1.0,0.25,24,0.39213907404433584,0.40799752032013814,0.051351807718156735,0.1526078940350961,0.13574242581117324,0.08178508731313952,0.9368860421237679,0.9644823066147274,0.05835171722770168,6.023466457923253,3.5200659036636353,5.100522054133641
20,5,1.0,0.5,24,0.40473523047599613,0.4203872199330335,0.058822125173689094,0.14466084899904516,0.1177107430069774,0.0992978535853234,0.9541313099510376,0.9730049917333541,0.040159315278366824,5.982408831516902,3.5306012630462646,5.03259806095574
20,5,1.0,0.75,23,0.4152581394252394,0.4221932607711545,0.045371510145712585,0.12821549431940618,0.1185298896399602,0.07934631713210559,0.9341697912181247,0.9744959222831141,0.12562244517817658,5.9959612389405565,3.4758172035217285,5.079782115389804
20,5,1.0,1.0,24,0.405259860287326,0.4179121546262052,0.05121970173832219,0.1334768836217394,0.11219455285580951,0.09864823435490412,0.9439966041963915,0.967764105298365,0.05833815505426886,5.982062727212906,3.469583034515381,5.049362212378202
20,10,0.0,0.0,15,0.14115808088442489,0.1734043236599089,0.13219672761576998,0.44112877356014396,0.377754437344445,0.3023087010760603,0.7260038932627578,0.7717929292929293,0.1614798378331035,11.9404616355896,6.904555916786194,10.053872986587372
20,10,0.0,0.25,23,0.32288001889142665,0.3701707549325245,0.12398453740008483,0.24602904575273757,0.1992441535082293,0.2170779736456844,0.8758107384844748,0.9115880224555264,0.12156593070943755,11.948393712441126,6.936478614807129,10.068437609385917
20,10,0.0,0.5,24,0.38814719637701284,0.4058852597635726,0.0605184721723862,0.14823650914714304,0.13167505327857326,0.1027338315111105,0.9245309019011687,0.9641808829678227,0.07037858474543027,11.986919263998667,6.989216685295105,10.110817551635206
20,10,0.0,0.75,22,0.3743356471172328,0.4203104085160534,0.1269762194318425,0.18500053941749597,0.13376360638286966,0.1851106093431042,0.9037456276552108,0.9714563839456738,0.15316484850273493,11.928470681111017,6.951258778572083,10.036133162348182
20,10,0.0,1.0,23,0.36020719560591824,0.4042865185482311,0.136226074661594,0.2149209267575995,0.1335225344870888,0.22330125558292427,0.9282796797207095,0.9636281848732976,0.07289696340981307,11.9366504351298,6.973991751670837,10.045533122607845
20,10,0.25,0.0,22,0.22106248139112178,0.2191091576207008,0.14791437912787314,0.33914440566086906,0.2618977680899582,0.2524556474445177,0.7660803017320398,0.8057958476376341,0.17331130425182603,11.946105718612671,6.952313423156738,10.06151835944682
20,10,0.25,0.25,23,0.3671279358898085,0.4060746323094972,0.07870716414174435,0.16720443338233046,0.1469195991790907,0.09195104699066091,0.8958161257801999,0.9490974757820998,0.11636715346092837,11.887312223513922,7.000416398048401,9.9873576425988
20,10,0.25,0.5,24,0.4059300186253904,0.4201323739803854,0.0475095642089965,0.14371447727691025,0.12098502465538785,0.08682891947646607,0.955574514527691,0.97436015324819,0.046884358280195534,11.999191055695215,6.954878568649292,10.142078282538112
20,10,0.25,0.75,23,0.3957816910006905,0.4194918282329614,0.09037114131459247,0.1346286336160849,0.111424163981045,0.09341545876809379,0.9195173483000715,0.965492862442737,0.12093593368468872,11.951339721679688,6.961935877799988,10.083399743437324
20,10,0.25,1.0,24,0.3886921855413903,0.4141632474651611,0.09910579057824276,0.17269297249126503,0.12501567599119304,0.1619274896089149,0.9500773435740456,0.97518106068651,0.05413203922249818,12.026970793803534,6.928438425064087,10.172901532715935
20,10,0.5,0.0,20,0.26386317677052884,0.25765056088438953,0.1647937465166027,0.2859559170485315,0.19049209685088364,0.26404798988580597,0.8121300667611657,0.8364378120268715,0.1508224607514113,11.976211309432983,6.9327224493026725,10.102221403711129
20,10,0.5,0.25,24,0.3877075536705587,0.41227154101412455,0.06554169937499615,0.15905088620162433,0.1282011052887835,0.10569844135347364,0.9344659935427418,0.9739741890964486,0.07996710227396049,12.07483215133349,6.9333194494247445,10.239898171743736
20,10,0.5,0.5,24,0.39845527487892984,0.41293321029435737,0.05449794465825311,0.13981794842763218,0.1317244846117066,0.09091721368452838,0.9367284981854919,0.9535108991227316,0.062293085563134475,12.074499974648157,6.9703052043914795,10.21046585713972
20,10,0.5,0.75,23,0.4114976278895175,0.4202960313662346,0.041139421674759154,0.13027514461677286,0.1162571984520345,0.07110418876232026,0.9288775361937626,0.9746005649504506,0.12828456962007492,12.021077533562979,6.90912926197052,10.158661703158707
20,10,0.5,1.0,23,0.4043956961589535,0.4184968173323795,0.05111253738140965,0.145693535273362,0.1245134023374636,0.0887852683166476,0.9255797715775155,0.9690086755917304,0.14690534072289937,12.076124469439188,6.962556838989258,10.202423782341533
20,10,0.75,0.0,21,0.24375760606283228,0.2840131131957193,0.1338089031093445,0.27263749690174355,0.204638365996789,0.2227194534418264,0.7590205251608869,0.8017546533309099,0.17240452945039555,12.027495821317038,6.945187330245971,10.146174092136869
20,10,0.75,0.25,24,0.363793378987576,0.4081635231978684,0.09172966064627336,0.17469528692245148,0.1427438961827165,0.12249533136169796,0.9022820448976036,0.9268741560796598,0.09270049960123379,12.105628232161203,6.96349310874939,10.25144529843392
20,10,0.75,0.5,24,0.3980522441107575,0.4120074490052909,0.05883096759453247,0.13783810771282015,0.1210137434458535,0.10594175185712836,0.9339425959343353,0.9556683597518869,0.06575989506281009,12.11406179269155,6.999147057533264,10.252337352614516
20,10,0.75,0.75,23,0.40494884901402883,0.4208636992327614,0.059341962121858265,0.14430080402646575,0.1353593973889206,0.08814660389278518,0.9301883912635475,0.9755266504364646,0.13470277373934184,12.084596037864685,6.959336996078491,10.212245899702983
20,10,0.75,1.0,23,0.4106277988556665,0.4150526023032938,0.04137936615847345,0.12186961409171465,0.10187148771709,0.07104406595664012,0.919791441452167,0.9716992387009441,0.1248449143879239,12.166129539410273,6.982358574867249,10.3128439896459
20,10,1.0,0.0,19,0.24427230342447906,0.2588223325470094,0.1417753622614914,0.2649775547001479,0.2427543902630336,0.1850825698974726,0.7507777958824602,0.7991471220827044,0.1753430898327348,12.006574799617132,5.800692677497864,10.264181818081129
20,10,1.0,0.25,23,0.34989985040213023,0.3922989059314101,0.10509426152389421,0.1689576912360377,0.1537407127133587,0.10338072317362139,0.8485222808461987,0.9403059778490959,0.18690202285934715,11.99925004442533,5.734819293022156,10.278502731088139
20,10,1.0,0.5,23,0.39189522742448796,0.4103999732237241,0.058566912757064944,0.15693718034536094,0.1335225344870888,0.1091735628494086,0.9168573862090194,0.9748726783378983,0.13046081005906315,11.999778687953949,5.511704206466675,10.301708226555215
20,10,1.0,0.75,24,0.4081122824614663,0.4199344516046958,0.053785908285222554,0.13091636858394992,0.10615970892659729,0.09633577992873892,0.9471409335068827,0.9699290929512613,0.05912060746055409,11.954620172580084,5.297142744064331,10.283006346074856
20,10,1.0,1.0,24,0.4078930737804484,0.4159634117470463,0.04991111259823449,0.13525781598913167,0.11965579796119066,0.09071898226837316,0.9510439635500285,0.969175429090238,0.045626571213772386,11.894467264413834,5.24736750125885,10.217875658424209
20,15,0.0,0.0,18,0.12866630208998028,0.15752777216319325,0.11924778988188234,0.4715587430722165,0.38636829909856224,0.28446819550022673,0.702570010559383,0.7494225305803979,0.1565113931212763,17.516799708207447,6.96469509601593,15.422503441003709
20,15,0.0,0.25,23,0.3212269083242041,0.3721617945761716,0.125739915085925,0.22036797236565567,0.1575668989482108,0.17816177064491562,0.8587875478051447,0.8900526491401777,0.14632401977857376,17.448968440294266,6.895933508872986,15.449813778783266
20,15,0.0,0.5,22,0.3963793861948689,0.40990315479931544,0.05120404954373577,0.14764162081226279,0.12826353345224345,0.09622550259358284,0.9099134739094135,0.968789997500998,0.1290526057258083,17.42939994732539,6.889025092124939,15.426870162938721
20,15,0.0,0.75,23,0.38046585786791953,0.4184968173323795,0.11020921756467028,0.1811722507964621,0.1367655277530226,0.16810403008457084,0.9347663012601221,0.9692647835655694,0.08108415162504608,17.193355451027553,6.976508736610413,15.489249026775012
20,15,0.0,1.0,24,0.37190354121765234,0.41293533409390903,0.12172598380824882,0.19335371521156933,0.14421061995761544,0.17915823239179957,0.937160797646874,0.9737772167735839,0.09585100003926741,17.184974243243534,6.9928447008132935,15.484708471370956
20,15,0.25,0.0,18,0.20668028213656248,0.18986401344077264,0.16094413164303994,0.3510900708478253,0.2514782426428866,0.27483213240259713,0.7408296404329007,0.7982441523504509,0.1995560886507238,17.188646127780277,6.983406662940979,15.499694908155753
20,15,0.25,0.25,23,0.34509815936435745,0.3969180501826422,0.11310382757446927,0.19142104420078174,0.1575668989482108,0.16295894231767252,0.8602100419552142,0.8939027814708977,0.15471904042736023,17.166996012131374,7.064594626426697,15.492185643042793
20,15,0.25,0.5,23,0.38038653855249804,0.4097204188800273,0.10137804985873095,0.17845969514811738,0.1193706875712988,0.16920927506657865,0.915485143246295,0.9622408731557663,0.13080650237217006,17.17253307501475,6.995440602302551,15.531781764228581
20,15,0.25,0.75,23,0.38694043504315784,0.4242183189198951,0.10377407663520304,0.17598694408899324,0.124662184844117,0.16344333703833194,0.9262531020589173,0.9743462326798067,0.12666518812619967,17.21065569917361,6.98141610622406,15.608445672262302
20,15,0.25,1.0,24,0.3840781320512776,0.4192141130018595,0.08750059214420597,0.16697430495768786,0.12904589025107185,0.1592514066422331,0.9351305690602433,0.9710500006030272,0.07353205623066775,17.12113379438718,6.712679862976074,15.654824021069125
20,15,0.5,0.0,18,0.2623220919085161,0.30115573330370315,0.14795810341466514,0.28898987358082656,0.2179517861524575,0.2681583916883424,0.7804384673618423,0.8266338931838628,0.15192939573455216,17.034107049306233,6.717109680175781,15.542282404227612
20,15,0.5,0.25,24,0.3428138535741727,0.39178275646685456,0.12145969300642241,0.22028546509606425,0.1475553639232936,0.19052790563660274,0.9059131722444097,0.9574369917337022,0.12480057200581574,17.102864384651184,6.651992201805115,15.68035866373151
20,15,0.5,0.5,24,0.395382029098257,0.4123986223638746,0.052558675897860285,0.13735837920192495,0.1349292023202772,0.0857955159488413,0.9281224373984389,0.9340319808535889,0.05932031345590081,17.011101226011913,6.562819480895996,15.513633541880923
20,15,0.5,0.75,24,0.4022206455959678,0.412899476595328,0.05450913759067473,0.13283616252312058,0.11582958226800275,0.0983024424252394,0.9372774537150564,0.9743995061497205,0.06565724918813351,17.078390697638195,6.603676795959473,15.627339398162668
20,15,0.5,1.0,24,0.39783267286580054,0.4251753103757332,0.09511706887047973,0.15509315620676314,0.1172560670945742,0.1578237701231322,0.9507585019383642,0.9769247193696835,0.06750321527679515,17.048394948244095,6.59972608089447,15.584074231983843
20,15,0.75,0.0,18,0.2036658495639686,0.1880040777872255,0.15885256225055297,0.3493472033920738,0.2580590718967649,0.27207553367799253,0.7445367399674351,0.7972836559144993,0.18911429790784845,17.02979231874148,6.638875842094421,15.569784794216535
20,15,0.75,0.25,23,0.377848409376698,0.4108328857543313,0.08709377239803376,0.16430330416247577,0.1335225344870888,0.13706253383082506,0.9197421812864407,0.9550489394845676,0.08984791715432688,17.05255929629008,6.635817885398865,15.599836306778146
20,15,0.75,0.5,24,0.35793271523298237,0.397225039243586,0.0936151945486833,0.18146921434705696,0.14135017843944395,0.11472395381696386,0.8973346448130218,0.946010249855973,0.12896471653062389,17.06730032960574,6.573865294456482,15.654417292586583
20,15,0.75,0.75,24,0.4034554320775279,0.4073012401885767,0.04994382875257962,0.1317344931182193,0.10565175009209435,0.09580563109921651,0.9386453572732751,0.9671404476367056,0.058464396015599655,17.058804164330166,6.57526159286499,15.648874821003801
20,15,0.75,1.0,24,0.39655705572460903,0.41185173452103724,0.05680443058346094,0.14556880408945194,0.1210344559885212,0.10164678093997886,0.9386829155386701,0.9744088167792933,0.06404614955995168,17.14284685254097,6.519124746322632,15.797755963330435
20,15,1.0,0.0,17,0.1601571176116552,0.1625309537040934,0.15689291232702848,0.4185659802523869,0.3981481481481481,0.2977567382496497,0.7304611272559217,0.7570358345425672,0.17194232043902782,17.06463031967481,6.481024622917175,15.705180914576147
20,15,1.0,0.25,24,0.33939174773624353,0.38650160962993385,0.10201307561588754,0.19609908946330723,0.156715494471156,0.1391235063746587,0.8748825849357943,0.9000286051481006,0.13196367684773233,17.077933698892593,6.4859596490859985,15.72149472768749
20,15,1.0,0.5,24,0.3881736049368216,0.41170110691442224,0.0561845933904538,0.15441353789160453,0.12966712400604835,0.11291872543202697,0.9307607477652478,0.962892178158138,0.06602850780433313,17.04257669051488,6.465629696846008,15.681392800820692
20,15,1.0,0.75,23,0.40492484576973453,0.4108328857543313,0.04868355284432312,0.13552275203105962,0.1257128508587412,0.08937359280610621,0.9213689949254845,0.9644821735869715,0.12800317990477017,17.09054042895635,6.49275541305542,15.745770046210891
20,15,1.0,1.0,22,0.4122029722505642,0.4170708084335227,0.048580950740562595,0.13503250337652223,0.12728883196065904,0.08076373287412214,0.9126667776820908,0.9743997760097995,0.16283764928866212,17.069000830252964,6.406145095825195,15.758299433801904
20,20,0.0,0.0,17,0.12895290221697772,0.1578394321936934,0.12354316403050662,0.47666118387584894,0.4031784881784881,0.2948877957820552,0.7247479821595602,0.7598539399493236,0.19207548091784685,22.27531138062477,7.555418252944946,20.911379711483733
20,20,0.0,0.25,23,0.30027205769619847,0.3179166666666666,0.15215430942095487,0.2794228769367187,0.1885297551484432,0.23208698130557728,0.8582399217090174,0.8899966119342051,0.14842466398509244,22.25960127512614,7.5258495807647705,20.894506228053327
20,20,0.0,0.5,23,0.37557649663215975,0.4140019929558848,0.10635214956771219,0.19564687012058854,0.1359178481274317,0.17071419467548868,0.9392665357438702,0.9744058677780973,0.06961992455813237,22.34093462427457,7.503624200820923,21.009224894001193
20,20,0.0,0.75,23,0.3823676869690609,0.4109889511872205,0.10574814397540543,0.18899810691439106,0.1488779984540731,0.17031921527285027,0.9459112524836581,0.9716480741457036,0.06344349515188082,22.34020957350731,7.541891574859619,20.99782622883952
20,20,0.0,1.0,23,0.36685718976115944,0.4094614559405832,0.12264981622168503,0.18184619056256465,0.1286352291226459,0.17956161323658743,0.9093288796646801,0.9631870522680822,0.11177810492527317,22.235024601221085,7.5352543592453,20.84641135418477
20,20,0.25,0.0,21,0.20897546759052404,0.18779556431334,0.14094196675581283,0.32710533047440943,0.2736197322467346,0.2241489656510998,0.7405568382686312,0.7526645980507154,0.16946866328120028,22.350115209817886,7.502180218696594,21.013580522138493
20,20,0.25,0.25,23,0.3463431081693279,0.3854769731754304,0.1278598026989676,0.22426361692090285,0.1577158671765861,0.20534010949316708,0.8941287654707287,0.9421923861558764,0.1402702158485743,22.348931352297466,7.49018406867981,21.018133252845214
20,20,0.25,0.5,24,0.36120755328619564,0.4041867595510158,0.1013274776474128,0.17499783066712807,0.1371207985877507,0.11502591826699039,0.8974129372395195,0.9641901434044235,0.1351300057078166,22.362586339314777,7.469750285148621,21.090044672351333
20,20,0.25,0.75,24,0.3803340218051798,0.4115168563480534,0.10630988180270706,0.18373764591710626,0.13096129619589242,0.17542791029094476,0.9444056895274658,0.9749536941950604,0.05329120208582325,22.32896014054616,7.46997344493866,21.04399716498868
20,20,0.25,1.0,24,0.39556219818042765,0.41426461660055414,0.08720483667172675,0.14950845019113945,0.13099827579712026,0.1481998493890738,0.940632846551995,0.9698582948109402,0.06222542197728088,22.362702528635662,7.457537531852722,21.103198842190615
20,20,0.5,0.0,17,0.20748658778405052,0.2355093975127693,0.1667968001635273,0.35891491611352316,0.2430189398969697,0.31267733192760316,0.7450717847985318,0.7891230899166801,0.1874405023851439,22.378735601902008,7.447481393814087,21.14955469188237
20,20,0.5,0.25,23,0.3669504801758639,0.3940532604884804,0.08081383015849875,0.1580526981904726,0.1471111111111111,0.10374389919827622,0.870528160290095,0.9272232101195441,0.15784871953021928,22.377557466427486,7.434756875038147,21.154446214287585
20,20,0.5,0.5,24,0.3841120300241216,0.40941066616756994,0.051139318140215245,0.16218210038506134,0.1386501561324333,0.09674765541003214,0.9304061604333045,0.9641901681253904,0.06264106318119103,22.294261693954468,7.4192609786987305,21.13736779000393
20,20,0.5,0.75,24,0.40441549144703753,0.41684232282522216,0.053606348901410916,0.13329285601087926,0.1116304964171298,0.09236979202105004,0.9421238389049544,0.9725449036212042,0.06548498386239428,22.264382481575012,7.398051500320435,21.110526691749392
20,20,0.5,1.0,24,0.4108712769484011,0.4192141130018595,0.054429122950874785,0.12555943847144382,0.09514439055739575,0.10010871547691427,0.9473019923682461,0.9743768393104031,0.06345715003989826,22.177103728055954,7.385342836380005,20.997079328506423
20,20,0.75,0.0,19,0.18964203301705512,0.1723892517074239,0.15430233592674372,0.3693095706280055,0.2841802484048931,0.25497922944628015,0.7539384868885329,0.8037626302311963,0.16659426779695274,22.16444409886996,7.357171535491943,21.022186401216516
20,20,0.75,0.25,23,0.34940419645035725,0.3867965944777655,0.09864542493916083,0.18606087474003374,0.1326050046756785,0.1298653138556064,0.8588647641249332,0.8970261385088208,0.17984395000513861,22.15514538685481,7.3618083000183105,21.029076120392528
20,20,0.75,0.5,24,0.3825436426119264,0.40553360511110603,0.07034408590267191,0.15176613599088926,0.13384247331803723,0.10900569866605062,0.9168534212147422,0.9551915515903993,0.089508320838591,22.084099531173706,7.273126125335693,21.033537365168243
20,20,0.75,0.75,24,0.4007434799747809,0.4199157043462007,0.05171765498308336,0.1530683661725405,0.129617692672915,0.10075454653699324,0.9545553261221024,0.9736787557750626,0.054749892236411246,22.117978900671005,7.32598352432251,21.083772024658103
20,20,0.75,1.0,24,0.40305092045984936,0.4127900417825058,0.05481864074201182,0.15314703411647093,0.12628861833763871,0.10339332444820541,0.9592488750361697,0.9753273093738997,0.034819295637966166,22.128942549228668,7.3664391040802,21.11352742344573
20,20,1.0,0.0,19,0.20745571618998104,0.2346429490705281,0.16225985498956344,0.35851545058458845,0.2584942823733048,0.2948707862036889,0.7631907929289464,0.782917849216675,0.15960199078560444,22.208637048800785,7.444245934486389,21.227290952649646
20,20,1.0,0.25,24,0.34041825337788206,0.3616404940319664,0.0914937114938464,0.1799082574666098,0.1461689425561739,0.09900370637831009,0.8607447642223739,0.9078201621064697,0.15354820063894295,22.21101646622022,7.438728094100952,21.23497789715579
20,20,1.0,0.5,23,0.3904594268774399,0.4093530490974703,0.06343213531389279,0.15713557453960353,0.1361523039521123,0.09932066927944613,0.9143540023791981,0.9608019150902699,0.12893344482571756,22.213628888130188,7.460232377052307,21.23996100212848
20,20,1.0,0.75,24,0.3920319160290678,0.4060428753855466,0.058700424340195,0.14499964448780178,0.12694722707521988,0.11708795797696571,0.9290634765459376,0.9555867289172474,0.06878163026405477,22.15656723578771,7.4447537660598755,21.16675747255715
20,20,1.0,1.0,24,0.4036610938834691,0.413787961478855,0.053756633890389566,0.13217873366184799,0.1068991591641071,0.09498164662752558,0.9395009214287864,0.9672258417910296,0.05529494518220056,22.146021614472073,7.518356084823608,21.147576047636655
20,50,0.0,0.0,16,0.12968473610130818,0.15945627784961597,0.1254244892220837,0.4661153009012415,0.35018014574822326,0.303449035634344,0.7180202419537984,0.7503269240571576,0.15897117334502298,53.80325819055239,18.133485436439514,52.02780255294703
20,50,0.0,0.25,23,0.3816215850992957,0.3863025448312413,0.05238233047782765,0.17486787439686657,0.1468041374747067,0.09124853208370774,0.9309397510706473,0.9746761294935372,0.0716837747700453,53.8047464688619,18.138365268707275,52.028562947094066
20,50,0.0,0.5,22,0.3924750146900937,0.4123512588462356,0.060044306515729284,0.16711477825324017,0.1382702911671303,0.10360851027743878,0.9206058538048882,0.9712193598804346,0.13228837919694203,53.771268059810005,18.11152696609497,52.02864804787976
20,50,0.0,0.75,23,0.3447707899182827,0.3940532604884804,0.13406877511818627,0.2388385771438136,0.1548823085247875,0.2239294071947863,0.9216143171061967,0.9469769764409619,0.07409294183829983,53.81781214475632,18.11801016330719,52.106650599020995
20,50,0.0,1.0,22,0.38135840939396837,0.41320130639303876,0.11321818946938546,0.1835245615981025,0.12790877932055061,0.18689279972199674,0.9212642547718589,0.9699396326316897,0.10573833903105932,53.73312612374624,18.087670922279358,52.01917668765652
20,50,0.25,0.0,16,0.19165555560313818,0.18876751392119712,0.11921841027750418,0.3505543963336655,0.30529414392195187,0.23360293093707038,0.7029560335218727,0.7647444630745113,0.20464135221738403,53.72030828396479,18.062045216560364,52.01304321775116
20,50,0.25,0.25,22,0.32971134999440754,0.34310202650083604,0.11605062016085353,0.21692643237054623,0.17057351842386384,0.1576364555476747,0.8360208547941244,0.8902905354698742,0.17877308082981685,53.64182044068972,18.076236486434937,52.11545330134782
20,50,0.25,0.5,22,0.3769175368288662,0.41180023132969035,0.08842535682369955,0.17794471191973696,0.13549142044156845,0.15300349513915174,0.9013748725937935,0.9566470543949318,0.13801576137327956,53.687692215045296,18.052157163619995,52.25260103037433
20,50,0.25,0.75,22,0.3943481660835053,0.41616882423965007,0.052614409968485,0.16266356878580937,0.13848833403869432,0.09025353422581774,0.91938175113707,0.974796612318978,0.13067623157219185,53.45580146710078,18.03379499912262,51.91845396343223
20,50,0.25,1.0,24,0.40193580904548704,0.4135437875882422,0.04634524258804655,0.14233873514132095,0.1280934343989346,0.09159271913605084,0.9462103532322952,0.966344438646443,0.048567498616894814,53.50502931078275,17.76124143600464,52.19819850685171
20,50,0.5,0.0,18,0.21564129234018395,0.21661184928983895,0.15490367067809885,0.3386087049316686,0.24712682272035896,0.27405055403904915,0.7614828752769118,0.7995409641551328,0.16349957176824495,53.40803636113802,17.745834469795227,52.05177172237857
20,50,0.5,0.25,22,0.3410720666617468,0.3816789331797509,0.11150954215856324,0.21047542205655365,0.15011913170588553,0.15677931253135927,0.8582557178033592,0.9028298491077815,0.16808360970628802,53.39337560534477,17.74151587486267,52.03300790250414
20,50,0.5,0.5,23,0.3864887606541898,0.4093841680180936,0.06772682358521574,0.16298880190058584,0.1488462434857856,0.09743435417096724,0.9123529016722434,0.9686259664512515,0.14236342153212567,53.47790723045667,17.746004819869995,52.158417578444784
20,50,0.5,0.75,23,0.41069189941383616,0.4180857932704911,0.04940751976175341,0.13001443568772067,0.1162571984520345,0.09160884257036797,0.9270833772250316,0.9644715482680934,0.12653330929982332,53.48525949319204,17.74850070476532,52.17839385314014
20,50,0.5,1.0,22,0.40585506792005605,0.41915696611249376,0.05509252144280512,0.1437049994642549,0.12964641146338066,0.09591183729010411,0.9126732390493072,0.9751196481988462,0.15329817565771028,53.52608833710352,17.767951250076294,52.244616789923455
20,50,0.75,0.0,18,0.2560076059309852,0.2418645786337045,0.14231464928828225,0.265898365625964,0.20676304921343475,0.21232648765654208,0.765081394462968,0.8295117823677364,0.18122775485517043,53.368316700061165,17.76995301246643,52.00671707773273
20,50,0.75,0.25,24,0.3461729672128635,0.3577487045584981,0.09167462208762911,0.17202980598819598,0.1623200452105083,0.11043463913383675,0.864375740413923,0.898020583148919,0.13849211014458876,53.48417560259501,17.683777451515198,52.19112533078669
20,50,0.75,0.5,23,0.38538418388595136,0.4058779904373699,0.05702737441785338,0.13667367813835274,0.1335225344870888,0.09680896938005891,0.8874867586437928,0.8897525530314696,0.118986996574343,53.40503031015396,17.687669277191162,52.057289112420854
20,50,0.75,0.75,23,0.3993702816177448,0.4133089429801538,0.05291987053332962,0.14061527259214898,0.1162571984520345,0.10906145403712626,0.9161791228090665,0.9672258417910296,0.12685425075240642,53.440257559219994,17.692199230194092,52.13349640398754
20,50,0.75,1.0,23,0.40584622497523626,0.4109282426961045,0.04778747765285612,0.12860225742295447,0.1139863287906655,0.10143572299513644,0.9165009364965192,0.970918074689324,0.12995813898066844,53.492195864518486,17.712067008018494,52.205515050386715
20,50,1.0,0.0,17,0.13862290354802495,0.1805092537157795,0.125749415605041,0.42792103678120974,0.345864675973035,0.2936475339532106,0.7094339790554117,0.7562843364062589,0.1602928340937068,53.47091129422188,17.71506893634796,52.17845730852495
20,50,1.0,0.25,24,0.33044235556671475,0.3822134659734089,0.12171071433006378,0.21383390127795102,0.1550412028905098,0.19689472127679875,0.8747186124113807,0.8881388568956643,0.11126173956977484,53.444583773612976,17.701995849609375,52.15388535433796
20,50,1.0,0.5,24,0.3595825734079691,0.3968702367756862,0.09447118543411445,0.16007359897519305,0.12694722707521988,0.1176646025983337,0.8792387457911314,0.9128520465423816,0.13524365937297433,53.4299006263415,17.765743136405945,52.12224022595711
20,50,1.0,0.75,23,0.39208777903452285,0.4090106232133633,0.05947412352542402,0.1403988634757213,0.1335225344870888,0.10442504339290348,0.8994849509981987,0.9325739638762824,0.13939483536703673,53.44029560685158,17.771154642105103,52.148709711260324
20,50,1.0,1.0,24,0.397659133106566,0.41032179743805397,0.05424430688864582,0.1348225311456228,0.11500978938002175,0.1043397673424316,0.9301407973587548,0.9574315206607298,0.07050567959535921,53.40039982398351,17.78614592552185,52.09362100907407
50,5,0.0,0.0,16,0.14015383224551067,0.1682774320482534,0.12623791752547053,0.4438096321017592,0.35237471477174276,0.3031958538329338,0.724184754366327,0.7594093351096323,0.1477611889477546,13.52913940946261,4.515387654304504,13.200562691386365
50,5,0.0,0.25,24,0.4072516178522922,0.4199922946181518,0.044317855812808386,0.14205221887550623,0.12612720042260683,0.08393623460007979,0.9565554545800906,0.9748719633101746,0.044672832593323414,13.570979704459509,4.577158689498901,13.24388009500951
50,5,0.0,0.5,24,0.40274782437693407,0.4192555555660864,0.0958662296779109,0.13810400663433622,0.12329726513324521,0.15222393392555925,0.9435996553882045,0.9696117757762799,0.0667275839496392,13.525564074516296,4.52100145816803,13.173358182862954
50,5,0.0,0.75,24,0.37003752928554356,0.423972285897234,0.1887118669724641,0.19277182923740285,0.11624967603286834,0.25896956162892265,0.93284688780849,0.9717005609886089,0.12435206638471884,13.526470820109049,4.513676404953003,13.16989096554703
50,5,0.0,1.0,23,0.4009250279930105,0.4249124373238792,0.08547638647994084,0.13105943584362176,0.1180828655880192,0.06895269222667974,0.9100013764776539,0.971999806728729,0.1620765263635525,13.557784577210745,4.510072588920593,13.2160705854224
50,5,0.25,0.0,24,0.35753704380469536,0.4090106679227381,0.10429672073303607,0.19222937157613781,0.13884408098335005,0.1667344122177741,0.9073034591855285,0.9318746341137281,0.08966180728434647,13.58784650762876,4.505070805549622,13.250852701662374
50,5,0.25,0.25,24,0.4030557369083549,0.4144799738834708,0.05550084083884571,0.13956809747257531,0.12919155919570974,0.07545220713460855,0.9456795712892853,0.9743763624990334,0.062075868009829414,13.557705918947855,4.499739289283752,13.219475001070554
50,5,0.25,0.5,24,0.42659358737017716,0.42569997654755515,0.02726829734983751,0.10969784890828498,0.10588782732261509,0.04789105389707579,0.9628850236486394,0.9748356563275065,0.03229193851030233,13.54920744895935,4.493149161338806,13.209712327510099
50,5,0.25,0.75,23,0.42321863624192585,0.4264558048322291,0.03980429413068692,0.120727873445054,0.1215987337589604,0.06307185974104298,0.9422517734455197,0.9753345200174022,0.12720686576641185,13.491481065750122,4.497404098510742,13.130841584006793
50,5,0.25,1.0,24,0.42747729235283916,0.43312496170875947,0.04107947039883114,0.11504668908287884,0.11172671818621546,0.06622377551998748,0.9700012737885572,0.981574725210715,0.03188301067937537,13.551339348157247,4.485814809799194,13.214819416059127
50,5,0.5,0.0,24,0.38787527813439265,0.41268844583580433,0.07308848213825739,0.13205074853072074,0.11960359811013721,0.0814982173075425,0.9078013047995063,0.9356173627354889,0.10640442269857261,13.516114721695581,4.48129403591156,13.156425892359852
50,5,0.5,0.25,24,0.4139393529609114,0.41746472841376603,0.04426624639719569,0.12288158035089987,0.11870363696049704,0.08311610857015654,0.9507602862727227,0.9720845053123005,0.04696278461631162,13.557622174421946,4.494231939315796,13.217698259513458
50,5,0.5,0.5,24,0.4162190050046102,0.422127595569075,0.04132724269636821,0.12820849793533368,0.13160219725980143,0.07323457253131103,0.9606465079445541,0.9755458350698648,0.04111860307358319,13.545287867387136,4.498757243156433,13.203291007454093
50,5,0.5,0.75,24,0.422679964408405,0.4304923605175053,0.044617483087887336,0.1184862614447416,0.1125780115074001,0.07484228865044877,0.9638461902615516,0.9748284256869534,0.03608263934745421,13.507939527432123,4.555409789085388,13.158540283879944
50,5,0.5,1.0,24,0.42731350194826767,0.4258236917251766,0.03366981975795133,0.1123462072137676,0.1112506738302258,0.058814828265285,0.966973211110303,0.9755256392502033,0.03142544575852514,13.455824563900629,4.60270893573761,13.110545126985965
50,5,0.75,0.0,24,0.3912374631052351,0.41145092600418304,0.06880614319820977,0.1295655145473943,0.122585870496385,0.09640417898312453,0.9120404407578646,0.9436964097715614,0.09850343127987027,13.399774332841238,4.591103434562683,13.03211104681981
50,5,0.75,0.25,24,0.4113073510091492,0.42063042155778807,0.05208128065585681,0.1291752547505964,0.12166745234444995,0.07466193834178422,0.951789956768895,0.9744669268128653,0.04104772976403769,13.427294552326202,4.556154847145081,13.076591392599786
50,5,0.75,0.5,24,0.4179958798978351,0.42494849151464253,0.04488400794550642,0.12788317157797643,0.11363122081498114,0.08092645901954851,0.9638749313736467,0.9746665569846877,0.032103106444566376,13.429116437832514,4.5614707469940186,13.090315161189382
50,5,0.75,0.75,24,0.4209735725128652,0.4290445036178354,0.04407522983115237,0.12150115879106403,0.11877857619858025,0.07200582462562298,0.9634483038167946,0.9812039056710484,0.042412404974392554,13.404707382122675,4.558021903038025,13.047954792542727
50,5,0.75,1.0,24,0.4234097030167228,0.4270785967438828,0.041882038257230296,0.11831831452542901,0.11107763161849565,0.0648350739474218,0.9651377205588747,0.9751403133996962,0.032627591392082406,13.474558621644974,4.536449432373047,13.149228688077788
50,5,1.0,0.0,24,0.3833939944306455,0.41222780342764476,0.07420185830686575,0.14422479772522614,0.1351855034148575,0.077385109848466,0.9110127865865172,0.9499375329121804,0.10936847357962232,13.43375097711881,4.514348268508911,13.10130863562756
50,5,1.0,0.25,23,0.40991887179885983,0.4201424298460767,0.050772980003873334,0.13541464988452534,0.1334906699863991,0.08802386631217492,0.9306753787706531,0.974855420948838,0.1289222954831165,13.417931199073792,4.528421640396118,13.070344434488769
50,5,1.0,0.5,24,0.4145606355440988,0.42533813583032376,0.04724187222155267,0.12447908985065619,0.11239375560063936,0.08224538852805188,0.9536003609388538,0.9751440037552443,0.05059460113394877,13.391087035338083,4.50862717628479,13.028634910519079
50,5,1.0,0.75,24,0.4221014376597321,0.4242236195066293,0.04161002477381941,0.1216173193595051,0.10868370713680015,0.07494564453854752,0.9658201946789694,0.975153464579404,0.03070124748878863,13.41473556558291,4.504191756248474,13.057104633829212
50,5,1.0,1.0,24,0.41802209170612686,0.4259053973503898,0.041509381040748,0.11548073994408324,0.10976686720030765,0.06645330666373389,0.9515249233563371,0.9686457567414923,0.041364225320597664,13.389367351929346,4.509338021278381,13.025198616459823
50,10,0.0,0.0,15,0.12428089290217638,0.1545819891691935,0.13484799543342071,0.48508333150323774,0.377754437344445,0.3239532206967503,0.7035544867479553,0.7451991778090433,0.1833982915484786,26.33576739827792,8.751464486122131,25.718089953636788
50,10,0.0,0.25,24,0.40591167019477387,0.4184423183714489,0.047910720831113626,0.13905317962266636,0.13342793391021107,0.08587819107037781,0.9508765200122141,0.9742038491719818,0.05618314137794359,26.36657379070918,8.71560263633728,25.760091504574106
50,10,0.0,0.5,24,0.40763118721054076,0.4207753664969074,0.053630755952280576,0.13932104841205625,0.1320741391264378,0.09828878018080035,0.9545834228331379,0.9752113762796453,0.04950996322636812,26.306430766979854,8.703595757484436,25.67798680215671
50,10,0.0,0.75,23,0.42200435152163424,0.4208563981116706,0.03200040317808804,0.11811383549961826,0.125368345970432,0.060788890810125035,0.9539507661035999,0.9753414832600722,0.061176293880956446,26.252673824628193,8.660631537437439,25.60162780776929
50,10,0.0,1.0,23,0.38870301493187326,0.419817114892608,0.11164828223383985,0.17918489715605598,0.1276634578055976,0.17654934320334092,0.9486496383939776,0.9782520779702474,0.07295652006377668,26.285777111848194,8.651823997497559,25.66414426313013
50,10,0.25,0.0,23,0.29394795289323794,0.3307383395188338,0.13964882238882512,0.236203147904308,0.181820506829968,0.21016344184441463,0.8240869899457315,0.8494995322383105,0.15417223507884514,26.299857159455616,8.665801167488098,25.686798314482314
50,10,0.25,0.25,24,0.4153811403374001,0.42532498881825653,0.05029381465462344,0.12074624188281818,0.10199455605893926,0.0878721805782804,0.9515085225576184,0.9755439642788526,0.05677613876819576,26.35621890425682,8.652233004570007,25.76627215343936
50,10,0.25,0.5,24,0.411155529580386,0.4255624100462385,0.0528397998995262,0.14054419795254255,0.12237498929463281,0.08403171013060365,0.9628552571133148,0.9762473528409533,0.037979653876932536,26.288883755604427,8.679187297821045,25.668745575661905
50,10,0.25,0.75,24,0.41479209580292714,0.4190626758472831,0.04830268857511366,0.12599449696410633,0.12224582793537786,0.0662655091909807,0.9555786885699606,0.9747387431792716,0.06256071582204291,26.233473072449367,8.70831286907196,25.583377247413825
50,10,0.25,1.0,24,0.40231244487383216,0.4242173085777588,0.10492159462758707,0.15654186576795673,0.12039096500764085,0.16574515798848208,0.9611667555156211,0.975482305364156,0.05181523368781518,26.33652325471242,8.786389946937561,25.667482249998404
50,10,0.5,0.0,22,0.3222154711944452,0.38001420487411053,0.13443934141973468,0.21309934737740033,0.1461245213939643,0.19588856807824048,0.8256604187650588,0.8712027018237019,0.1795389887920882,26.352801620960236,8.738821268081665,25.69998640528982
50,10,0.5,0.25,24,0.40843704176873136,0.420469478120992,0.04859309476272641,0.13734877845089685,0.13216837526641725,0.08275918445005224,0.9542228619883596,0.9746532850407121,0.056734631157881965,26.382987399895985,8.763828992843628,25.731210403300835
50,10,0.5,0.5,23,0.4248717150971504,0.4242162982356225,0.03915994531995832,0.11322587997774032,0.118920240871275,0.06253745770917693,0.9381723247293192,0.9751683213208551,0.12788031893492355,26.354835778474808,8.746428370475769,25.693444418183812
50,10,0.5,0.75,22,0.4148185753906936,0.41905004353514225,0.044249702059227826,0.13501483681205256,0.12256940149453954,0.08247649125570392,0.9204357018244451,0.9748632215636054,0.1533062524890664,26.402944415807724,8.752446293830872,25.76191452004534
50,10,0.5,1.0,24,0.4155043149448143,0.42688732922022393,0.04730543152599744,0.12870476251907528,0.11421299013311184,0.08705298775244677,0.959713392408704,0.9744337139087379,0.03454126944499282,26.295064340035122,8.695386290550232,25.608925211253215
50,10,0.75,0.0,22,0.3259728936343546,0.3523901915985249,0.10789295515170463,0.1815339541030493,0.15219964373801537,0.10968314805250041,0.8374920116013606,0.8545290862737189,0.14964372128723144,26.340432554483414,8.703292727470398,25.679906096536236
50,10,0.75,0.25,23,0.40067422300930966,0.4108328857543313,0.060060497853682754,0.14126895843937995,0.10187148771709,0.10548846666536905,0.918726854535901,0.95853176485738,0.1268103603023459,26.319672654072445,8.682546973228455,25.646516043372173
50,10,0.75,0.5,22,0.407460411225394,0.41776984107594817,0.054900214145142484,0.1426313535156783,0.12964641146338066,0.09022599934924636,0.9071677688772256,0.9752222165394677,0.17613238009693294,26.314966450134914,8.727622747421265,25.644284689820182
50,10,0.75,0.75,24,0.4082148310446077,0.4207925227604996,0.05081909634937414,0.1329866809242783,0.11001000093466376,0.09655072220468756,0.9494163430134939,0.974836026636857,0.05127379333823011,26.41910007596016,8.701980710029602,25.794742804994396
50,10,0.75,1.0,24,0.41484908712943747,0.42781276598048185,0.050987537918778664,0.12456524278782577,0.11478015745196729,0.08424417900645678,0.9542634170467008,0.9754055532057246,0.0530602111614786,26.340989977121353,8.688916563987732,25.68877386988581
50,10,1.0,0.0,22,0.25131784383104444,0.23010811155646405,0.14126620844321147,0.2905524495279373,0.20224629057437435,0.23696251689750136,0.7998387950696935,0.8475075516775994,0.16269161079431738,26.26860612630844,8.681936621665955,25.59206018212609
50,10,1.0,0.25,22,0.38788579874342854,0.4094044078075425,0.05876288732794762,0.15327931410608253,0.1394832472771386,0.106811168138713,0.8822403459073479,0.9426702239685646,0.16861109954593184,26.307775447765987,8.671494364738464,25.63412074379842
50,10,1.0,0.5,24,0.4035000522102649,0.4168184660498927,0.05125041060278773,0.14418865659186333,0.12576228219187455,0.09443305754557084,0.9511887610123932,0.97508620134768,0.056531266692209356,26.264788379271824,8.649240732192993,25.576297767238255
50,10,1.0,0.75,24,0.4107085612053569,0.41567896833429624,0.046338379471209126,0.12389636011913048,0.1137982957217101,0.08291136733152889,0.9453134825298445,0.9644821735869715,0.051542308352926815,26.334229787190754,8.650315046310425,25.677167714739905
50,10,1.0,1.0,23,0.41204958217321713,0.4264614287410704,0.054096697508361095,0.13532703721962164,0.1162571984520345,0.08921665208110269,0.9347768456485835,0.9744503897161501,0.12695404517036196,26.277213136355083,8.635812401771545,25.596491443434548
50,15,0.0,0.0,16,0.12749695981415426,0.1528795925155052,0.12704375142172766,0.47727315567545375,0.35774002618481016,0.2993030142428511,0.7449273287017867,0.770536688430361,0.159522212564491,39.55737448732058,13.098338723182678,38.588810549791766
50,15,0.0,0.25,24,0.34600175228421176,0.4113306170960155,0.14163058212257423,0.21847343548689702,0.1453208625890918,0.21206401786313142,0.9104769400553206,0.9661192232549936,0.10972429646080044,39.5948735276858,13.118905782699585,38.652810364657675
50,15,0.0,0.5,23,0.39809030708405563,0.4180857932704911,0.08341946248979436,0.12821711210206238,0.123158003829964,0.07729665043945243,0.9177978210089165,0.9705186317509679,0.12372352022309199,39.62359308203061,13.110218405723572,38.688148296376774
50,15,0.0,0.75,23,0.39800271785525887,0.419817114892608,0.10718481091867342,0.15918326140830452,0.1258117135250079,0.17015327411802628,0.9473058347388714,0.974387816280774,0.06315724138390236,39.60227151711782,12.950697541236877,38.71334669399601
50,15,0.0,1.0,23,0.39108623408646553,0.4184518327754262,0.11046058843796616,0.16182718444063382,0.1185298896399602,0.17066871347255475,0.9365830004213332,0.9719848748523846,0.072490209025128,39.87657073140144,12.996116042137146,39.09702025483591
50,15,0.25,0.0,23,0.29755273068208205,0.3075067009485515,0.12412083091935108,0.22058422348849585,0.1856567858768751,0.15977225454132402,0.8197780114758627,0.8547017496723825,0.1603337434589268,39.759563048680626,12.972696781158447,38.93331249086719
50,15,0.25,0.25,24,0.4166005768491951,0.4229921144320069,0.035425737698071266,0.1337135969494783,0.12357400404101526,0.06788168714016946,0.9669147506478685,0.9758738326743011,0.030763880799853826,39.76661338408788,13.04111909866333,38.94631172121695
50,15,0.25,0.5,24,0.40834122299403947,0.41604389311318796,0.053554772681778676,0.11790572715564618,0.11221079150782884,0.0797666234453513,0.934588173143725,0.9716392869645106,0.0742914247713242,39.8135859866937,13.076584696769714,39.01803299743766
50,15,0.25,0.75,24,0.4217916414710153,0.4207925227604996,0.04021480966606846,0.11604192896979314,0.11297694344831145,0.07259650504542793,0.9596252119118239,0.9729831241481857,0.041034219837229616,39.715738554795585,13.09046185016632,38.869580697580425
50,15,0.25,1.0,24,0.41757177286849995,0.41994618595091526,0.04850699387551686,0.12026783392513045,0.11799326484755675,0.06582877001496416,0.9554113796621303,0.9748152741411586,0.055026267755677004,39.79172662893931,13.102463126182556,38.97413909445172
50,15,0.5,0.0,23,0.351000751813446,0.3956085690196458,0.11886246803626754,0.18645316248024715,0.135929296066791,0.17892078634712122,0.8895111185114052,0.9039248853476478,0.11392841460349572,39.785880317290626,13.137532949447632,38.97253567507785
50,15,0.5,0.25,24,0.41158225343699434,0.4203155118578024,0.05090053544135205,0.13117084863953857,0.1259825673883413,0.08526456408943896,0.9543353555135273,0.9743995061497205,0.04588231386566762,39.76925246914228,13.150264263153076,38.9503741179407
50,15,0.5,0.5,24,0.4122949296160037,0.4209067146986861,0.0558876053445738,0.13117651940232491,0.1069811347117949,0.09114146849893558,0.9557663786343324,0.9757496877718943,0.04473876563568368,39.85878813266754,13.17556369304657,39.07629073864021
50,15,0.5,0.75,24,0.4130620048214153,0.41915696611249376,0.04696846935549861,0.1309407796813515,0.1212451433287593,0.08679582069237299,0.9570647893241823,0.9750169715528688,0.03704674832029711,39.701672683159515,13.198153376579286,38.861169986116714
50,15,0.5,1.0,23,0.415311283919702,0.4217679306283913,0.04789509010661148,0.12248352039427933,0.10187148771709,0.07912743379072137,0.9293564480315261,0.9744154026240504,0.12376438060390842,39.71827957034111,13.150293588638306,38.877883021446245
50,15,0.75,0.0,20,0.2536581892475344,0.2843334184933028,0.1642093691184545,0.3136492794816315,0.26203529286284816,0.27159353476837467,0.8059802801561489,0.8384614991565127,0.13974801058495187,39.7775544722875,13.11351752281189,38.95407908418121
50,15,0.75,0.25,24,0.41282021402667546,0.42245072831083386,0.04810873751858837,0.1270807744239586,0.10224979745877219,0.0854579969279906,0.9527212024773096,0.974853652025487,0.0429838086155732,39.78484019637108,13.126834154129028,38.97170733932434
50,15,0.75,0.5,23,0.41229736413399126,0.4242162982356225,0.05595708597959361,0.14449999362570737,0.1257128508587412,0.10427085478463213,0.9441009504117709,0.9755266504364646,0.12539224734692067,39.78045231103897,13.162500739097595,38.98138081481026
50,15,0.75,0.75,24,0.41303610659545226,0.4199157043462007,0.05505156359183563,0.14040648006503584,0.12414282613621466,0.0942690087467279,0.9664786932559405,0.9766969324623718,0.03437395910039381,39.78353804349899,13.172582268714907,38.978245867191134
50,15,0.75,1.0,24,0.4150472926471765,0.42688732922022393,0.047827442250349496,0.12702691510228079,0.11382914766329695,0.08690610893112562,0.9571215003966338,0.9748064840256897,0.03789537935708446,39.709732641776405,13.16048538684845,38.88112674270781
50,15,1.0,0.0,18,0.1992727802688744,0.20482115248699584,0.18352485954797768,0.3574057885982457,0.27277333176632745,0.2978724990872633,0.7661930092064932,0.8235580488067831,0.1708007852707818,39.766448924938835,13.16287088394165,38.960448143462585
50,15,1.0,0.25,24,0.3945747395795575,0.41032179743805397,0.06220266947584965,0.14748672389273534,0.12098502465538785,0.11245371183514768,0.9366362030518505,0.9685040279749566,0.0635013148604716,39.7291539311409,13.149889469146729,38.91149282922607
50,15,1.0,0.5,24,0.409639314715005,0.4178999003025835,0.05075653265473187,0.13817004194586027,0.11941499993286131,0.08901002617403181,0.9574486713758703,0.9748064840256897,0.03818334996425157,39.70792895555496,13.130303025245667,38.88189797072778
50,15,1.0,0.75,23,0.409979633577733,0.4176313993004034,0.04764334519396501,0.13098032842727603,0.1162571984520345,0.08835036697254203,0.9265626949774045,0.9749836588513997,0.1283937374698729,39.62189727028211,13.12830138206482,38.83921179592549
50,15,1.0,1.0,24,0.41240028930474176,0.4207925227604996,0.046123685019743434,0.12756800604478102,0.1186561639431319,0.08654592140771919,0.9523685846542645,0.97488717663281,0.0571823447885253,39.70822071035703,13.137659311294556,38.98131098039379
50,20,0.0,0.0,15,0.12453730373385627,0.1621739036733012,0.1356266221772157,0.49075339263854717,0.3674494486994487,0.3309585666150854,0.7239093140395544,0.7649149915930582,0.1854646636733169,52.01314188043276,17.65074646472931,51.015394297600146
50,20,0.0,0.25,23,0.3993673930451094,0.4138198329995357,0.047906798043294126,0.14734825480247074,0.1477086524279159,0.07777747227348948,0.9385795808554941,0.9743380839472364,0.07689612432166329,52.08743457992872,17.66435408592224,51.134590203438165
50,20,0.0,0.5,22,0.417563491308929,0.42919717892392917,0.04680654217054615,0.13432727241295758,0.11997275881490925,0.08145035383261814,0.9359682423752326,0.9752903976540438,0.13077460538381952,52.069005777438484,17.66866934299469,51.115430578775324
50,20,0.0,0.75,22,0.3963774295536871,0.4189336340545593,0.11328723206887424,0.15539037461754057,0.12224582793537786,0.17416425070552446,0.9170129110554183,0.970016717252467,0.13515229697956024,52.07111115256945,17.729631900787354,51.107464913599784
50,20,0.0,1.0,22,0.37990743459796195,0.41618121548298914,0.11070245545281615,0.1856516702608075,0.13384247331803723,0.17004585697046298,0.9130833065711365,0.9706355883079416,0.1404011471057236,52.05659262339274,17.715627670288086,51.09789259005427
50,20,0.25,0.0,21,0.30733351016251753,0.2947299465374141,0.12885777390200498,0.21053599597947115,0.1451365913891993,0.19427307312338707,0.8235291604304642,0.8670251169775012,0.154273270938931,51.96839056412379,17.6842542886734,50.96231681440964
50,20,0.25,0.25,24,0.4013896870692333,0.41899432278267046,0.058735348077324646,0.14332079145936796,0.12605531308735946,0.09871663173553985,0.9461001655978345,0.974851139189326,0.06862970237674282,52.01695175965627,17.658472299575806,51.02755867652977
50,20,0.25,0.5,24,0.41357206636673277,0.4200131356390139,0.043002982123699664,0.13729065620708877,0.13546197677345578,0.0743995014265213,0.9644347889405545,0.9741901503174336,0.029361520593855196,51.96194690465927,17.638192057609558,50.96167896731871
50,20,0.25,0.75,23,0.3921758116037351,0.421643693995004,0.10806264806039365,0.15486823414045853,0.1162571984520345,0.16900122801759487,0.91547087188875,0.9570484007240172,0.12934848173306124,52.030388206243515,17.617027521133423,51.07990273378402
50,20,0.25,1.0,24,0.40339497504970256,0.4192141130018595,0.09542937852734212,0.1499244498417877,0.12338399014648525,0.1506619826677175,0.9567143999411929,0.9753869710426167,0.0509639271801494,51.98527048031489,17.596861600875854,51.01223587271341
50,20,0.5,0.0,18,0.2782855226617377,0.28076708854484067,0.1498986348489948,0.2570457377638659,0.16865955868614213,0.22871119944542975,0.7758970700396501,0.8482911656244989,0.19678521689252607,51.92063213388125,17.583688974380493,50.93207967581902
50,20,0.5,0.25,24,0.39523197626170625,0.412122326015701,0.054124983727662224,0.15534813139982198,0.1298081221162679,0.09618966885747408,0.9458120839232346,0.9685421886465463,0.04665719237685962,51.80047313372294,17.573421001434326,50.76212175980467
50,20,0.5,0.5,24,0.4100896603952611,0.42214577762242256,0.048319709187130654,0.13838794551071218,0.11993688917363296,0.08968000502824605,0.9585672663012347,0.9751867990019121,0.035057390272702424,51.714958161115646,17.572571277618408,50.64535366660849
50,20,0.5,0.75,24,0.41537576591513736,0.4207925227604996,0.05011652420849933,0.1348928044946249,0.11816759086084855,0.08856402233823045,0.9656443363248997,0.9782520779702474,0.037108653002972385,51.911919087171555,17.597131609916687,50.96273717430467
50,20,0.5,1.0,24,0.4215439722428171,0.42719532155833245,0.04630736677222344,0.12646403551148203,0.11979250953709475,0.07328232266288916,0.9695519799971163,0.9805939007076038,0.0351211167968726,51.103393445412316,17.793370366096497,50.14745884912678
50,20,0.75,0.0,19,0.2295728188585527,0.2355093975127693,0.15447883428804776,0.32402733824230895,0.2721512666278665,0.2705586470874833,0.7590781460112379,0.780131409461669,0.16576977956588715,51.09136554598808,17.789260387420654,50.142579075532964
50,20,0.75,0.25,24,0.39820589632668635,0.4094046879663015,0.05150092316744248,0.141265936872602,0.1368947798252588,0.0873102033902741,0.9376777295259747,0.9497143433333848,0.051438581201217005,50.97547756632169,17.79807150363922,49.953898026621324
50,20,0.75,0.5,24,0.40584380302895945,0.418935123109648,0.05223497934081003,0.14073524123132797,0.129617692672915,0.08917347264485717,0.952422847289247,0.9755290913374974,0.05755151285792865,50.916374415159225,17.863062500953674,50.022276647765636
50,20,0.75,0.75,24,0.4096081163434669,0.41915696611249376,0.051158695856331836,0.134144087861903,0.12098502465538785,0.0945772019107482,0.9533603205488368,0.974843051161292,0.0571062986887636,50.90910277764002,17.89912986755371,50.02478697440728
50,20,0.75,1.0,24,0.4121300555639016,0.4200330410582885,0.04977569013506201,0.12646618126480133,0.12231654586500809,0.07957449606248969,0.9507262923926046,0.9746121501442444,0.05423559170885394,50.818587650855385,17.915492296218872,49.87397758501414
50,20,1.0,0.0,17,0.2541992684780067,0.2387811143205301,0.15400725382728878,0.2963890254090564,0.1868594317602029,0.25947477665786145,0.7893154624953637,0.8359753017452041,0.16153197393803392,50.64172353347143,18.038087248802185,49.72519386308339
50,20,1.0,0.25,23,0.3994568288493456,0.4108328857543313,0.05152383614671412,0.1463660252562337,0.1179939643964114,0.10626110826372616,0.9212197653129163,0.9600167718106507,0.12859700186110395,50.659899950027466,18.04268229007721,49.79638052306497
50,20,1.0,0.5,24,0.3999826033300247,0.4120973220659627,0.05101756096312472,0.14039773077611478,0.1347259152769399,0.10231935486381116,0.9403629374361643,0.9746444559307924,0.06441055794012135,50.698086669047676,18.048145532608032,49.85722776480694
50,20,1.0,0.75,24,0.4044028760146186,0.4161121197646333,0.05162842303275487,0.1293820965790841,0.12098502465538785,0.0985259254723716,0.9381878486083214,0.9651640554210168,0.06597873874074214,50.67960338791212,18.053544521331787,49.80189886016815
50,20,1.0,1.0,22,0.40531615795815495,0.41567896833429624,0.05446621430412248,0.1388864111890252,0.11500978938002175,0.10133024925822515,0.899211805461339,0.9706615579118566,0.17771296951401838,50.66968130071958,18.060465216636658,49.829255073392304
50,50,0.0,0.0,15,0.12345769805410563,0.1545819891691935,0.1316216396738011,0.4914904554862508,0.377754437344445,0.319065146641018,0.6993369031259546,0.7558863781176721,0.1824796984168206,131.77311407327653,46.39819824695587,118.7546223588211
50,50,0.0,0.25,19,0.4120143636794905,0.4194918282329614,0.044638751438162066,0.14318536056546574,0.124074074074074,0.08350150392621136,0.9571533835282245,0.9749304922862168,0.054009812965251966,131.76737691164016,46.36743724346161,118.811420715392
50,50,0.0,0.5,19,0.4046583994831739,0.4151401147674059,0.05657288056484121,0.14004883394921658,0.1257128508587412,0.093864638758088,0.9401973512697861,0.9726862988290189,0.06145685020805598,131.5462787747383,46.37049746513367,118.43129623324823
50,50,0.0,0.75,18,0.39456969991523055,0.42348689276723184,0.11682690680931487,0.1649594471333687,0.11188676170321024,0.18831396244784565,0.9154511725838287,0.9729844464358506,0.14354400042512566,131.45200362205506,46.35028600692749,118.28263663163222
50,50,0.0,1.0,18,0.37140495550590286,0.4104142431155928,0.11969569497178659,0.18997661317117032,0.1332139588569773,0.18933980502043543,0.9041594590662658,0.9669592523063923,0.1164679539611561,131.66104878187178,46.344501972198486,118.67592131482668
50,50,0.25,0.0,17,0.2287272235869774,0.2510478421184552,0.17090603610962585,0.32599256617547934,0.2427543902630336,0.28800040074471167,0.7493597902866844,0.8001646426562226,0.18682413738930906,131.32513071298598,46.36356234550476,118.25622728856165
50,50,0.25,0.25,19,0.3932279535132833,0.4099697510287761,0.05883301218682034,0.14275522937987656,0.1136096797011202,0.10450432059984491,0.901142662563457,0.9545119568148737,0.1429180434571876,131.28445689678193,46.354697585105896,118.19859676815123
50,50,0.25,0.5,20,0.4045596700623496,0.41287323611135535,0.05619811454043666,0.13794567585366452,0.10500136179684495,0.10487962202754748,0.9470650159783636,0.9741683043801741,0.059524630251272484,131.30437649488448,46.33219909667969,118.2946923904102
50,50,0.25,0.75,20,0.407328215685293,0.41661886954908395,0.045336574026543563,0.13069244138317518,0.12577369820303563,0.08404846219344284,0.9453488727537612,0.974386234205745,0.060803316932976754,131.14883729219437,46.266963839530945,118.01511304747996
50,50,0.25,1.0,20,0.38387720356743793,0.4104728929099586,0.09705217169751186,0.13774671168440397,0.11979250953709475,0.09830658600109037,0.9055011188192801,0.962998515706048,0.1314310107767362,131.17949652671814,46.24436438083649,118.15418648130694
50,50,0.5,0.0,17,0.268998030036626,0.2943415126252878,0.11739190257859781,0.2508148638970447,0.1996167183622159,0.1755743344490689,0.7315469861981118,0.8104718283609713,0.2008620995203031,131.2803726196289,46.27133297920227,118.34670974868763
50,50,0.5,0.25,19,0.38747050571294545,0.4099956004768543,0.08802118472505924,0.15827433624070603,0.1257128508587412,0.12637048857968292,0.9079279569066436,0.9732340803201602,0.14325335611775794,131.12880202531815,46.055949449539185,118.05558979558768
50,50,0.5,0.5,20,0.40206977761122387,0.41295387058232413,0.05825310672889,0.1411675574610774,0.11924531431825945,0.11377004442937225,0.9453071126835251,0.9745599497252311,0.06334351903823805,130.99397040605544,46.01766538619995,117.89131382599318
50,50,0.5,0.75,19,0.41584604127939206,0.419817114892608,0.05389098407124679,0.13864147460160328,0.1162571984520345,0.10432371646033638,0.9409726154714635,0.9759387822580776,0.134014379352376,131.08032987117767,45.995108127593994,118.03377576479029
50,50,0.5,1.0,20,0.4068657043370042,0.41971864175941287,0.05405835157846693,0.13468800306757175,0.1068991591641071,0.10029770091469993,0.9484194117415802,0.9751512872937877,0.06002481015347816,130.2759830236435,46.08054757118225,117.54930078515454
50,50,0.75,0.0,16,0.19870915621326113,0.1792162409674321,0.1430144075155947,0.35689970880238464,0.2506243363181692,0.2727795847599016,0.7121286229641938,0.7772075657063151,0.190580447822218,129.84142278432847,46.07221794128418,117.18502455157387
50,50,0.75,0.25,20,0.3926588403495627,0.40451623594916775,0.05480654983445636,0.12508350189573547,0.0837085593102054,0.10540702144121475,0.910401182594861,0.9081544987486112,0.07031424175370712,129.85051310062408,46.101856112480164,117.23459234854133
50,50,0.75,0.5,18,0.4092087932910626,0.41958997751707605,0.05731198653219824,0.1430785453819644,0.12338399014648525,0.10229183669849103,0.9059280125125335,0.9748064840256897,0.1745404100213967,128.14143853187562,46.09809637069702,116.05184167314818
50,50,0.75,0.75,20,0.3979173826096483,0.41032179743805397,0.0555927064885525,0.1274974373377612,0.1068991591641071,0.10428840302756827,0.923332202557058,0.954737080276152,0.07319654317551748,128.22807823419572,46.124587416648865,116.30894088612258
50,50,0.75,1.0,20,0.40149366334242653,0.4079426707156369,0.051297768587877,0.11878123016263438,0.08257380944088405,0.11392479854609956,0.9217685568474876,0.9648720252384688,0.07606331189387112,128.08557684421538,46.11592733860016,116.02182727883361
50,50,1.0,0.0,17,0.19612648249416353,0.2276769223174625,0.17172959942830082,0.3872209073892201,0.2841802484048931,0.31999847432952555,0.7469487404337299,0.7789636579278083,0.1500638316168796,128.13568756580352,46.02874779701233,116.10646070417712
50,50,1.0,0.25,20,0.39115606703941774,0.41032179743805397,0.06745877631662878,0.14114587562628342,0.12488986646956166,0.10659225128328621,0.9234580097051189,0.950598755248345,0.06773827310713089,128.02142267227174,46.0431193113327,115.89372704825156
50,50,1.0,0.5,20,0.3975784506205272,0.4108848061840797,0.05978216504598256,0.13809010666051283,0.12098502465538785,0.12117621314166335,0.9332470079015673,0.9747970891303478,0.07411831209110074,128.15211515426637,46.024866223335266,116.17795639688508
50,50,1.0,0.75,20,0.40179658847114563,0.41032179743805397,0.05109514491143598,0.11773328122142057,0.1068991591641071,0.09448050218186632,0.921326458163712,0.9548747200326869,0.0738872223554931,127.92926157712937,46.052117466926575,115.83197310697973
50,50,1.0,1.0,19,0.39730450432529735,0.4098107091217766,0.057666150008104065,0.13963624979347197,0.0975411198761797,0.11682327794299022,0.9059250784991992,0.970918074689324,0.14039245129744302,127.85038669109345,46.00767540931702,115.913465369243
