population_size,generations,alpha,beta,n_runs,fitness_mean,fitness_median,fitness_std,fairness_mean,fairness_median,fairness_std,perf_mean,perf_median,perf_std,time_mean,time_median,time_std
5,5,0.0,0.0,19,0.18111241063222105,0.1989388831576,0.14509578893471156,0.41364240948576575,0.34066443790128,0.27797523971351595,0.7493934780716683,0.7783960576054301,0.16121646261347045,1.2327504456043243,0.41912984848022455,1.1750920395350275
5,5,0.0,0.25,23,0.26315393028182393,0.2662851559769599,0.1354043718426951,0.291173358681235,0.2366501630107007,0.21988388236193385,0.8153361684430128,0.8641467479943691,0.13880983991885792,1.288785954316457,0.4114303588867187,1.2672992113356327
5,5,0.0,0.5,21,0.2435543367739442,0.2890079365079365,0.17698402090374335,0.32849039060257434,0.2788888888888888,0.2546694740748699,0.7963908838733578,0.8628099210884873,0.19465023209816232,1.272991458574931,0.43774437904357905,1.2461769258200415
5,5,0.0,0.75,23,0.3250409535840013,0.371963807470263,0.13170833313065058,0.24377225837234703,0.1795571943245404,0.2128046091167466,0.8744650399559665,0.9035704840168715,0.1281469891194244,1.278211345275243,0.48229968547821045,1.2165361615475234
5,5,0.0,1.0,24,0.35164715171167754,0.37834867005504147,0.0966801713689977,0.19427900970463144,0.14465272886721475,0.165047895586091,0.8975733131279867,0.9077811133927833,0.08417163032794325,1.2788822948932648,0.41758012771606445,1.2584959763388581
5,5,0.25,0.0,18,0.19676378241043974,0.2144043902170803,0.15067486614159592,0.37500478875897464,0.226944940797068,0.2782107289844172,0.7511889868059404,0.7841652811819646,0.1780967847582636,1.2315556506315868,0.4354060888290405,1.1854880381309751
5,5,0.25,0.25,21,0.24791867262800113,0.2879224245341577,0.15776576967912437,0.3456646996938083,0.2807400252938011,0.27142142071545505,0.8076591366134315,0.831635617368294,0.13665723890707715,1.2782814502716064,0.4260600805282593,1.2440149227585324
5,5,0.25,0.5,22,0.2861744856927846,0.28741615069243814,0.13222939122710947,0.23638059191519104,0.21289311394664612,0.1778037617063595,0.8108761076288715,0.8527173809785604,0.17320083002417946,1.276968111594518,0.4332379102706909,1.2390250471155606
5,5,0.25,0.75,23,0.29965893705847146,0.3220691238975731,0.12199064012994786,0.23083537106119223,0.1981509905890405,0.16750019369131489,0.8301706694861891,0.8483817810595611,0.13633707686817995,1.2843502064545949,0.44420182704925537,1.2757892397445996
5,5,0.25,1.0,22,0.3296043951552003,0.39483091475406307,0.1341102166875175,0.2404569659191358,0.1466783599517028,0.20789937181495696,0.8746575951775725,0.898668350747073,0.14266342631123544,1.2527755896250408,0.4272691011428833,1.1781123680526187
5,5,0.5,0.0,21,0.19217026823187522,0.2010236611513714,0.138631218354459,0.3885878316952476,0.2890198214504088,0.26726391606080246,0.7702921501814514,0.8003518094592272,0.13922686386683214,1.2840581337610881,0.4721742868423462,1.2418710422849164
5,5,0.5,0.25,19,0.21124683014828746,0.2032790432524134,0.16517277522243515,0.3630249944427081,0.2861143149587085,0.2651208650986074,0.7410834763663128,0.795090031078221,0.2112816530266754,1.2691075404485066,0.4685025215148926,1.209065834810075
5,5,0.5,0.5,23,0.22125996159329042,0.2552777777777777,0.11786329359322756,0.32181081071517553,0.2833897509782861,0.21326137642695508,0.7520843144336277,0.8158165646192996,0.16327776705138272,1.2620732684930165,0.4281585216522217,1.2015442994682008
5,5,0.5,0.75,24,0.33374266120103524,0.3491208665083869,0.12152993735460488,0.23418733225386887,0.1887316868914016,0.2076502178567968,0.9016726546559394,0.9154413532782482,0.08680126360955476,1.2691411674022675,0.4796396493911743,1.2137909541709389
5,5,0.5,1.0,24,0.3623351466016609,0.40799888436440623,0.10774960961252368,0.19584721337851127,0.13695618971203846,0.16037119965880808,0.9205175065818331,0.9685877533126767,0.0797845990396551,1.2427631219228108,0.42434787750244135,1.1994358386334532
5,5,0.75,0.0,19,0.2121981740463153,0.2393581703733314,0.16510336490375285,0.3414598487405734,0.2027545140475275,0.29875416380245584,0.772514763329894,0.7924005745060066,0.1279467281539625,1.2277672390143077,0.43639075756073,1.169630493149786
5,5,0.75,0.25,22,0.2877760105511873,0.3210495395934956,0.14305836813483572,0.2601325094324109,0.18350096600729376,0.20557441127541262,0.8016764443602221,0.9013167408081695,0.21612645200658884,1.2880148390928905,0.4552887678146362,1.265890086806352
5,5,0.75,0.5,24,0.333677087844038,0.3722172522084207,0.11523610342992699,0.188714004588041,0.15300309743530485,0.11282378326244216,0.8560681802761171,0.8881336133668822,0.15301990201147014,1.2740846673647563,0.4417283535003662,1.217399843031328
5,5,0.75,0.75,24,0.33310072139182667,0.3405143034890188,0.11667810775204662,0.22017441272691687,0.17224521390200231,0.16367491090681446,0.8863758555105704,0.928119285058846,0.11294073490711687,1.2792002360026042,0.44195473194122314,1.2533407666063483
5,5,0.75,1.0,24,0.3663105915396385,0.40442034659835374,0.08327342799253898,0.1681617833079805,0.1499106310398746,0.10396334247323269,0.9007829663872576,0.9700694466143063,0.1167328292454719,1.2381747364997864,0.4212895631790161,1.174451421155439
5,5,1.0,0.0,19,0.2578742546640993,0.2568752698174001,0.14291961847125906,0.2998917553935333,0.2427543902630336,0.23021839452800802,0.7852583593228543,0.8297261586824337,0.16120951835483446,1.3035173614819844,0.42374384403228754,1.2578565648190023
5,5,1.0,0.25,24,0.2731098605822637,0.2751491345863396,0.1368286068208288,0.23788157221863396,0.2078869286639457,0.1744576963948551,0.7841012933831615,0.8583120694017996,0.18785235116707194,1.2877344191074371,0.46498751640319824,1.2507116118060062
5,5,1.0,0.5,23,0.30328891746556685,0.3442568223745999,0.15646587349138996,0.2636486640698593,0.1543174108866279,0.2609624865634908,0.8685742043997612,0.8821647316121982,0.09489524743929872,1.2787187298138936,0.44388914108276367,1.2393500298542837
5,5,1.0,0.75,24,0.3165355345938842,0.3541922940317319,0.12793009614713938,0.23004879457778218,0.18477060931732853,0.2043251619211289,0.8631198637655507,0.8872265648440447,0.13037064023548084,1.2718710998694103,0.44334185123443604,1.2349218235160313
5,5,1.0,1.0,22,0.3387282052580568,0.40017293400324205,0.13522478598713514,0.19976583356258448,0.1369307144729658,0.1887594885926935,0.8515797132937776,0.8931008102281804,0.16292880832846543,1.29034490386645,0.4093396663665771,1.27528284053545
5,10,0.0,0.0,20,0.1630919242681385,0.20755212074466836,0.12017902591055234,0.44040648067031374,0.3888772186722226,0.26191378423407147,0.7295068081330701,0.7776594186204815,0.1645424293860209,2.6849869787693024,0.911325216293335,2.7490767834340337
5,10,0.0,0.25,21,0.23215648733388644,0.2571678050947553,0.16377747085245753,0.3790474268621497,0.2525872164201351,0.2795428603963454,0.8205517630750941,0.8542372797913645,0.14042439006717305,2.7141001323858895,0.9273767471313477,2.7591955052014856
5,10,0.0,0.5,23,0.2910345068388786,0.3445577894495013,0.1634109834696062,0.2838084635999578,0.1785592470376675,0.2659335609753926,0.8675869474705088,0.8907071797245092,0.11607752468383431,2.671628415584564,0.8549413681030273,2.7365362564595204
5,10,0.0,0.75,24,0.32382230434136783,0.38412131063750243,0.14058735930705407,0.24564306785811663,0.15620254507739384,0.22793579798830893,0.8932876765408525,0.9012721610587668,0.09727612023575057,2.6523702144622803,0.853785514831543,2.6789151719191366
5,10,0.0,1.0,23,0.2996094579036475,0.3296400148280297,0.14144437770875887,0.28941390861256017,0.2243958909774641,0.23767461108737412,0.8835231234023614,0.8924606462745738,0.10084738371272411,2.617923160394033,0.9147263765335083,2.6567054277773994
5,10,0.25,0.0,17,0.17516450363160208,0.1975898491840813,0.15502988737043114,0.4238036652395161,0.3299999999999999,0.3080781761321043,0.7292459271455357,0.7804433886014119,0.16244492727149432,2.61226495107015,0.8946504592895508,2.6666861922297707
5,10,0.25,0.25,21,0.23528244464650194,0.2571678050947553,0.15428358390769173,0.3124792528022139,0.2567216007208504,0.2656496897025401,0.7700040556008484,0.801679296897863,0.16365827294328503,2.6536359786987305,0.9061616659164429,2.7089631155990266
5,10,0.25,0.5,22,0.3248773267806799,0.3872493457173885,0.16857864038051243,0.2538204530041996,0.1490463685735997,0.28120983290375556,0.8976938476850962,0.9016564541300559,0.08036734441679448,2.656482537587484,0.9174106121063232,2.6958923419686682
5,10,0.25,0.75,24,0.31983091831561794,0.3647475336216691,0.13316911687305497,0.2163825359113498,0.15745062659445055,0.17591624919351773,0.8560443725425858,0.8865939536443533,0.13768044721851283,2.6705238421758017,0.8998798131942749,2.7272533517462887
5,10,0.25,1.0,23,0.3583444347997441,0.4093841680180936,0.11060202245819922,0.1883751393396045,0.1542876050875248,0.1554244776924902,0.8826797443810771,0.9270739601051825,0.1434723523287323,2.642730633417765,0.83856201171875,2.681644525630039
5,10,0.5,0.0,19,0.21534150687315395,0.2346429490705281,0.13952926500168916,0.3471749406453723,0.2652054238374878,0.26494097195105926,0.7559090118732116,0.8055561858624347,0.1587792983871652,2.5886083940664926,0.9015504121780396,2.6268602903035365
5,10,0.5,0.25,18,0.3193919887650959,0.34552125717567594,0.1262209438591141,0.2624401903577721,0.198386368993473,0.20686889292148447,0.8439544192950104,0.9134906886855079,0.16983166816208647,2.5973271131515503,0.940280795097351,2.6413795194711276
5,10,0.5,0.5,21,0.3387093792925629,0.3657837614630346,0.0984944268135574,0.19213551231716106,0.1548823085247875,0.11826338416782647,0.8494733369063273,0.8903975282776013,0.15680826698936845,2.670625537633896,0.9104664325714111,2.687195833919408
5,10,0.5,0.75,23,0.3714024894191436,0.4093530490974703,0.0799595405065973,0.16437736507750736,0.1512939904942755,0.11437178500743779,0.8847107592407876,0.917756394892029,0.14287248577338152,2.717302610476812,0.9379751682281494,2.726014995955715
5,10,0.5,1.0,24,0.34966420305298657,0.4056004089084253,0.1355518162016739,0.20971314675985595,0.13912854194748264,0.20613716880927174,0.909041552865829,0.9499585779303891,0.10500995610472853,2.6171728670597076,0.9010628461837769,2.671429759429373
5,10,0.75,0.0,20,0.18171119545115785,0.19038983394792236,0.1300215063908293,0.38852187123383114,0.27821259887792466,0.2666782398148453,0.7287979628870249,0.7737397204839426,0.1661103019370524,2.6796199679374695,0.925045371055603,2.7139392135348936
5,10,0.75,0.25,22,0.24936419253845987,0.2877073506989325,0.16843776130572807,0.32066760342734474,0.2487268005983303,0.2701225991813033,0.7989845894553408,0.8395005495994656,0.1557447776730382,2.6694133083025613,0.929067850112915,2.745954804744997
5,10,0.75,0.5,24,0.33076377414367114,0.38888791602329975,0.13074630430054177,0.22949149734378796,0.15323819322598237,0.1988099327902982,0.8910190456311303,0.9277113382858332,0.11390333884770756,2.675181041161219,0.941709041595459,2.697742096148206
5,10,0.75,0.75,24,0.3390703531020713,0.3906324524320227,0.11597367405803015,0.2182652813286675,0.1602786575112414,0.16347171373558775,0.8964059875328102,0.9479609071889915,0.13036758897457099,2.7135746677716575,0.942379355430603,2.71545537887983
5,10,0.75,1.0,24,0.3796361325007893,0.40743490037032315,0.09612137110644053,0.1703967772652977,0.12273901398988335,0.16723582732718495,0.9296690422668764,0.9621213239866632,0.06463653427846035,2.6365809043248496,0.9951611757278442,2.6474546296610426
5,10,1.0,0.0,20,0.16574032716265868,0.1837115955731384,0.14339307646172125,0.4023238273120195,0.31354829372106086,0.27978131734157285,0.7267060483937217,0.7412814831214432,0.1531993270692163,2.6927583813667297,0.989874839782715,2.707694241705732
5,10,1.0,0.25,20,0.323956192033669,0.34890298286588384,0.1292350510094029,0.24110480061661338,0.15263777568806336,0.21374874615055497,0.8400769848608584,0.886031786856105,0.17921131296781226,2.70457860827446,0.9951900243759155,2.72290626565631
5,10,1.0,0.5,24,0.2676806727218258,0.2894296332540701,0.13979908541044342,0.2794547954307234,0.22308358073461076,0.2289727198406997,0.8148161408743749,0.865165494414456,0.1348942608166947,2.6398507356643677,0.9682462215423584,2.636174936416394
5,10,1.0,0.75,24,0.3154897162593025,0.34778072617851125,0.1303462738658694,0.2123006531810329,0.18982087615538312,0.18130668989288426,0.843280085699638,0.8651446636039071,0.13976559119277238,2.69795631368955,0.9459766149520874,2.7291065296471455
5,10,1.0,1.0,24,0.3507801154096672,0.3693006881696682,0.10161301378954181,0.17119828123767,0.15361485206026304,0.12010784367395776,0.8727585120570045,0.9185083666350131,0.14192939030130602,2.7118369241555533,0.93021559715271,2.742308948136493
5,15,0.0,0.0,18,0.156143724467292,0.179548374120917,0.12774132454337536,0.43650886086453977,0.36732981321530433,0.2683802280046762,0.7179145434723756,0.7540238430840372,0.16953400295097212,4.1772627631823225,1.3735867738723755,4.262921272795677
5,15,0.0,0.25,23,0.26395916047335133,0.2806377551020407,0.13581051530548496,0.27875344315308076,0.1987898302366046,0.2222020385097925,0.7938659360261212,0.8202651432696051,0.1665430217604577,4.139873007933299,1.3704440593719482,4.215921012834333
5,15,0.0,0.5,22,0.3148095568107609,0.3745365508791608,0.14548480192286678,0.25227921060826547,0.15622460373649916,0.22403940008953818,0.8730499850413262,0.8998142453220785,0.111244102612461,4.171039332946141,1.37290620803833,4.2627103816481
5,15,0.0,0.75,22,0.3226385621639291,0.3554588544171877,0.12394070617918296,0.23040302439616536,0.17020067334464073,0.17945851588474288,0.8433458423971937,0.8879774490917727,0.17305552621053397,4.190373281637827,1.3777005672454834,4.269995851667338
5,15,0.0,1.0,23,0.288107832202467,0.3199689832567076,0.15539388921015912,0.2894990923585501,0.1875163928909798,0.2611482597111368,0.8681948958665929,0.9201717622776269,0.1138725732859951,4.152725885311763,1.37230384349823,4.231913877000139
5,15,0.25,0.0,19,0.1836911560275513,0.1960394515049752,0.1112023500407723,0.37217772698795776,0.3344875984206613,0.23859888995965828,0.7032931718422305,0.7305762047822062,0.1805524554532833,4.160248617331187,1.37227201461792,4.2362622304654
5,15,0.25,0.25,22,0.2309871969525598,0.26733364300248946,0.15734559315622396,0.350587395173365,0.2880299153584791,0.2698837817711594,0.7889678971357289,0.8403756705470696,0.16860089383494586,4.123954733212789,1.3843942880630493,4.199900082308667
5,15,0.25,0.5,24,0.33053720275261167,0.37482290285437125,0.12720773442311528,0.21512019220415993,0.15353134229589765,0.18824538847187963,0.8761945977093833,0.9107106638195879,0.1303869669437586,4.137105892101924,1.383805751800537,4.193367518801792
5,15,0.25,0.75,24,0.28960499882958524,0.3189736885943322,0.1438305446900953,0.2553906244772332,0.2069738828128123,0.19995980755848897,0.8346006221364037,0.908829365079365,0.16595204219737644,4.136836677789688,1.3774621486663818,4.195816016135661
5,15,0.25,1.0,24,0.36227196135647094,0.40062418164313907,0.1072305585149939,0.20334702785984293,0.14333304697820176,0.17060601125134642,0.9278909505727849,0.9569940013492721,0.08520343852078777,4.144652406374614,1.3979641199111938,4.201961644436111
5,15,0.5,0.0,18,0.1820538100036029,0.214894577297372,0.15251561356557877,0.4077081261604197,0.32971117417996526,0.30778186660895057,0.7670165715304811,0.7904264928303317,0.144192765069815,4.13626445333163,1.3903998136520386,4.18318014897978
5,15,0.5,0.25,22,0.22924136847457796,0.2840960263853276,0.17769386756917205,0.34230715731133726,0.2865508434037518,0.26935887919387147,0.7877280379927537,0.8296464080080934,0.147425116605627,4.11947579185168,1.4003794193267822,4.171277505342229
5,15,0.5,0.5,22,0.29817031323904625,0.3295266102903235,0.1320255679473003,0.25736242545293936,0.2221773534355437,0.21763901540943742,0.8521891071272555,0.8771662217174008,0.11175531096035507,4.161834855874379,1.419249176979065,4.239052324260266
5,15,0.5,0.75,24,0.3486368847078934,0.3921767185565111,0.10362108508148836,0.20002945783397375,0.14828104590215396,0.16007828617153197,0.8973032272497606,0.9008662472641897,0.0881753146428399,4.155005703369777,1.408872127532959,4.219776870214633
5,15,0.5,1.0,22,0.36443534075932527,0.4006911001954544,0.07926720578528328,0.1698701989970564,0.15070876162027963,0.09106241085835962,0.8584660341942287,0.8932483170947687,0.1692560607194872,4.205614467461904,1.4054450988769531,4.264336453478904
5,15,0.75,0.0,20,0.17040229572166044,0.17816009986709605,0.1465719689920702,0.3978831498821281,0.31132966580280425,0.2876875410576079,0.7361898505754403,0.7494767347886344,0.1392297166006729,4.188177466392517,1.4074605703353882,4.247577958058928
5,15,0.75,0.25,24,0.2920947175163383,0.2982652113114647,0.13627565315739681,0.2317256258707995,0.1989211868652329,0.19054976187592126,0.8159150609034763,0.8627699570654571,0.1621310184663073,4.189689755439758,1.4083300828933716,4.242034498500235
5,15,0.75,0.5,22,0.3450400480096088,0.3808471330549721,0.08912251269152234,0.17827978694979793,0.1526213895583918,0.10208600573999811,0.8456734936154092,0.8843362746403196,0.1710052647172101,4.198391834894816,1.4037798643112183,4.259212652174744
5,15,0.75,0.75,22,0.3508182404758393,0.4055030125976269,0.12878165208403672,0.21951364008815782,0.14409282793238445,0.1917276180844493,0.8732091444747083,0.9367384457758752,0.1967525449956043,4.186571508646011,1.405624508857727,4.249293439207108
5,15,0.75,1.0,23,0.35881433345947045,0.3931125867883089,0.09408671612802248,0.17181833179592432,0.1351724256638014,0.12268328875201201,0.8677718823653975,0.9325030799643679,0.1641571685832125,4.182667066653569,1.390757441520691,4.239616445999166
5,15,1.0,0.0,18,0.17729860320430102,0.21213549014227906,0.15310181045902416,0.37968534644115315,0.28602256447129965,0.275731151072188,0.7374681657207054,0.7828651208574617,0.1808138695626712,4.200331211090088,1.388627290725708,4.265679376272251
5,15,1.0,0.25,24,0.2403533510333599,0.27161815409264384,0.17968514146402723,0.32744572945999867,0.23355749534095674,0.2710916358976055,0.8081524315267186,0.8645404703221262,0.17237167470794235,4.221869677305222,1.3956999778747559,4.314096895139045
5,15,1.0,0.5,24,0.32904775104255957,0.38399933685918763,0.12445946653033002,0.18925218271719005,0.1426525545041769,0.16279535814258897,0.8473476848023093,0.8945117601629119,0.16445846531970112,4.144279052813848,1.3895809650421143,4.1818926988219385
5,15,1.0,0.75,24,0.34290890012345354,0.37441683649497554,0.09122516116295377,0.18161577827254785,0.15247764572305517,0.12489292815330572,0.8674335785194551,0.9137940408943643,0.12991412302741615,4.139780223369598,1.379837155342102,4.192241362087304
5,15,1.0,1.0,24,0.36584525415167796,0.40600556573602153,0.12019095515651479,0.17380493711812264,0.12784999622242796,0.18020481221156462,0.9054954454214786,0.9387967886259889,0.10037857654262689,4.165586640437444,1.3806283473968506,4.229518327839463
5,20,0.0,0.0,20,0.15182521758648873,0.18221994605923175,0.12600654601346303,0.4285721693651989,0.33171707185834054,0.2754389427334887,0.7400019720357819,0.7679573007975253,0.1574490087789195,5.524966329336166,1.7970508337020874,5.578486368109921
5,20,0.0,0.25,18,0.24757172785804846,0.2620297014563159,0.14907477169987546,0.34065580713349325,0.270683207563881,0.23449521992621675,0.7989183737806433,0.8704218795139966,0.19236287431856006,5.54003565510114,1.7807821035385132,5.599666082394721
5,20,0.0,0.5,23,0.3064571535304877,0.3678737692814885,0.14432817704160084,0.2620148363841208,0.1482065463854386,0.223490806738656,0.8562849096543644,0.8726399830437712,0.14158002822356186,5.471603324015935,1.7907887697219849,5.496313311884978
5,20,0.0,0.75,23,0.3402101790546254,0.3789499587713873,0.1271832059445584,0.21627762726998903,0.1446852808117938,0.21124696079622082,0.8978276328138352,0.9381672911002088,0.1025009460253344,5.50647555788358,1.8013441562652588,5.55558507590184
5,20,0.0,1.0,24,0.30507715372989824,0.3166189044575583,0.11877155051850365,0.23911731541778378,0.20520635778939983,0.17345327148814849,0.8492716228775802,0.8851135089093842,0.14291614893994173,5.520453830560048,1.7979986667633057,5.570807402546613
5,20,0.25,0.0,16,0.15420883072161118,0.17252813748120172,0.1386306618558624,0.4301717109675319,0.3226661200197253,0.3055223809031692,0.7174819498120396,0.76247921291032,0.1592756912811544,5.52457457780838,1.8261789083480835,5.558082695237757
5,20,0.25,0.25,23,0.266839150005766,0.26065988877333,0.1368772488318395,0.2810778827349915,0.2611411622452624,0.2045457531408636,0.8195778497352597,0.8863644712501089,0.15731997206923312,5.507270981868108,1.8225984573364258,5.536424334197692
5,20,0.25,0.5,24,0.30703311279288237,0.32048455775825585,0.13817893778112023,0.2632239517494386,0.18085797138455484,0.2305823513139129,0.8772901773352033,0.9183163899893818,0.11246076631997926,5.517665416002274,1.8191057443618774,5.564218806398644
5,20,0.25,0.75,24,0.3359537120757074,0.3457374925454465,0.1091130406006699,0.22576320891783994,0.15597513519854375,0.17437653355047936,0.8976706330692547,0.8950292099673028,0.08869750148198711,5.502305060625076,1.795620322227478,5.534573333430104
5,20,0.25,1.0,24,0.34037326512873795,0.4055030125976269,0.135140327367746,0.19508684594395784,0.1387632718781812,0.1775565524314487,0.8758333762014338,0.9089122324061787,0.1359520022128302,5.492627580960591,1.7587540149688723,5.520100958090383
5,20,0.5,0.0,19,0.1660774439777947,0.1734043236599089,0.14079493170533866,0.42567758902850994,0.3157805966157684,0.27914242302343667,0.7389572645772989,0.7573972819538937,0.15811859149378535,5.521819204092026,1.7496018409729004,5.564009033577238
5,20,0.5,0.25,21,0.2414728661153316,0.2700159756260037,0.15317408154607481,0.342132638288777,0.2953903567079064,0.2554095910643999,0.8076855191823161,0.8385249894739346,0.148324854986767,5.465080678462982,1.7395561933517456,5.491689842218065
5,20,0.5,0.5,24,0.2679686323776087,0.2909889593036983,0.15696663841290934,0.2926412972483957,0.23808895608918323,0.24275729751478767,0.8285785620036131,0.8866909363157605,0.1602004080297683,5.483463297287623,1.7516846656799316,5.5250475027388495
5,20,0.5,0.75,23,0.3614854468050049,0.3940532604884804,0.07169920865995265,0.1646315361075902,0.1462962962962962,0.09385811915686328,0.8660041704096849,0.8919321811933164,0.13879572595049644,5.4978788296381635,1.7388949394226074,5.544207839479805
5,20,0.5,1.0,24,0.3661581528862245,0.4095285900874423,0.08107673917883719,0.17122162146373723,0.14592148837665644,0.10749009289957831,0.9035379272361862,0.9562244729042936,0.10672930136695523,5.51547509431839,1.781349539756775,5.570375744135146
5,20,0.75,0.0,20,0.17474435659626825,0.16943352752133212,0.13363647891905472,0.3950131672864178,0.3401149952888206,0.2667615783627629,0.7338361930879214,0.7824545575900625,0.15765475251417627,5.519498338301976,1.7725852727890015,5.579872755349615
5,20,0.75,0.25,24,0.24585819879854684,0.26018157822629934,0.13704667420241792,0.2741564411961271,0.25081650257910865,0.18011762925961552,0.7658728387932209,0.7939591836734694,0.17271971774052436,5.519254793723424,1.8042917251586914,5.603605772286926
5,20,0.75,0.5,23,0.3158137323239388,0.3138342365768087,0.11825869626274671,0.22225904306047073,0.2111354913311024,0.1812814847031365,0.8361627012002985,0.8719429621051484,0.15066942784685328,5.468663722276688,1.7960377931594849,5.511964969675339
5,20,0.75,0.75,24,0.3463141992383148,0.3725607558896274,0.07787385747781786,0.17811439422026165,0.15877077405125664,0.1080133743783279,0.8707427926968913,0.886983303843887,0.09218045062385252,5.472241401672363,1.79957115650177,5.509245409986886
5,20,0.75,1.0,23,0.2929518124598869,0.2994584928071779,0.13340458301665414,0.26512148401954816,0.166431158646677,0.23121102832090829,0.8333768765863306,0.8853870019063322,0.15341073060069477,5.533063471317291,1.7856065034866333,5.609111342330544
5,20,1.0,0.0,18,0.18945151617893644,0.21684328362478889,0.14118833436436676,0.36112835248274666,0.2981771578961583,0.25732942033899936,0.7396868311623844,0.7938365576198352,0.15928803307841044,5.532486607631047,1.7561756372451782,5.6051667944663714
5,20,1.0,0.25,21,0.27558863854436094,0.2639880952380952,0.13858384111055522,0.2738514238423707,0.199763833278345,0.2239579238789136,0.8045568896204945,0.8484864483376685,0.1726809826344387,5.536212692658107,1.7502208948135376,5.623751964379408
5,20,1.0,0.5,24,0.27174446707044947,0.2919597577469806,0.13954956780504996,0.27417630640543444,0.2312258650432045,0.21634623957238305,0.8176652405463334,0.849152125937169,0.1298483699675424,5.502252419789632,1.7712632417678833,5.56177939391951
5,20,1.0,0.75,23,0.36450567593016875,0.405475353058422,0.09532827990705632,0.16176488921259016,0.1482797973232349,0.12695211529949163,0.871471711547703,0.901596966531546,0.14963710067769362,5.5158023337523145,1.7749093770980835,5.58301499024374
5,20,1.0,1.0,23,0.3557602634549727,0.3745799177673715,0.08327458044628323,0.17889320604240588,0.1542876050875248,0.13813431655879344,0.8686398965604498,0.9145000354340966,0.14996215560367362,5.497034798065822,1.7334891557693481,5.58096107941977
5,50,0.0,0.0,20,0.15549341085523516,0.19020881758572222,0.12602262737440822,0.43507224045530624,0.3423767824309619,0.28692477632800506,0.7436176407899028,0.7695996672548564,0.14663531819080483,13.370013068119684,4.25684916973114,13.498837299089008
5,50,0.0,0.25,21,0.27531693137610663,0.3129166666666666,0.151414039919744,0.31651397774547574,0.2566666666666666,0.2608947142109615,0.8642464239275415,0.8807018167850396,0.10554834872471908,13.353362600008646,4.20258629322052,13.51946196909926
5,50,0.0,0.5,23,0.21182059640437037,0.2532397699503474,0.1462727424462371,0.3750909992835053,0.3433333333333332,0.24980655894423662,0.7891699380566565,0.8254922187321045,0.16102923171932376,13.271845986445745,4.202557682991028,13.394152573136726
5,50,0.0,0.75,20,0.29870941781739224,0.32629797843070035,0.15650923784571666,0.27779021437401863,0.17931152401594458,0.2698569712075184,0.8490236693186066,0.8738158931121982,0.1291078259048683,13.324961056311926,4.20337986946106,13.466927936525387
5,50,0.0,1.0,24,0.28192483772728155,0.3109003093216013,0.16195843249027234,0.30307111720743896,0.2205466950648968,0.27261373146822215,0.8669207926620022,0.8930124822814747,0.12029131238981994,13.392127126455307,4.180055141448975,13.543136058597696
5,50,0.25,0.0,17,0.2316771865121892,0.2061745645247778,0.13822374676860927,0.33211461697401806,0.2334235219153329,0.2545027370797388,0.7668669234710864,0.8274888086247747,0.17947797649295918,13.403799295425415,4.255352973937988,13.564843107722334
5,50,0.25,0.25,22,0.2847169147240682,0.29824985884161365,0.12212092768395248,0.2683046382901324,0.17560311171454623,0.2121667513023667,0.8273465716172225,0.8651446636039071,0.14574842798466323,13.300662378470102,4.218799352645874,13.43485226957139
5,50,0.25,0.5,23,0.30559591589682,0.3075067009485515,0.1417623774631314,0.23036167572611602,0.1950849783824396,0.17660030472607707,0.8218155138542128,0.8914255666868403,0.18824922754000667,13.332639972368876,4.195789456367493,13.49101524305465
5,50,0.25,0.75,23,0.3307000715657698,0.3869846536602518,0.11743814910742195,0.20107434899759105,0.1471576959415191,0.1282592927635696,0.8418647907715302,0.9023341997255176,0.1803189581104966,13.322466323773066,4.201320290565491,13.480798683746333
5,50,0.25,1.0,24,0.38901008219061467,0.4058015399584429,0.05545926135026434,0.1397189851876293,0.12818673152142357,0.09998692381777959,0.9177391495688587,0.9488874024546874,0.07407937999534087,13.40287912885348,4.188511848449707,13.6128142292168
5,50,0.5,0.0,16,0.2197649397379901,0.22357932145611986,0.12640353707127336,0.3136510915729364,0.22777538103316194,0.26604145047057143,0.7116966368337727,0.7965666246842971,0.18577282430505931,13.27769660949707,4.186023116111755,13.415874369082827
5,50,0.5,0.25,19,0.2719344306065146,0.272757463772284,0.1479544844669787,0.27535148825779254,0.2266666666666666,0.2416087621719234,0.7893284837351077,0.8694136089816864,0.18710629035489243,13.339970449606577,4.163148641586304,13.524703036376069
5,50,0.5,0.5,20,0.33280478681778536,0.3562078629761956,0.10316239845287668,0.2350682659708984,0.1759398598010482,0.19708014378282146,0.8424109302507645,0.8889174881402939,0.16623531989015844,13.256379822889963,4.125957727432251,13.408456503449063
5,50,0.5,0.75,24,0.29567815775068773,0.31115805703379923,0.12228509416415538,0.23996475255202557,0.2135752025124958,0.1831014542526446,0.8313210680534011,0.8754038834574809,0.14656421090037056,13.3389999071757,4.14816427230835,13.499731843578852
5,50,0.5,1.0,23,0.34184259760673374,0.3825283985838527,0.10848833521589574,0.20013825318986633,0.1361523039521123,0.17973810308425078,0.8604319350709919,0.8907818716703213,0.14599370505906092,13.313762217760086,4.1248228549957275,13.473590736024466
5,50,0.75,0.0,21,0.20205265993558494,0.2083017104330763,0.11889191542544486,0.30967335172159594,0.251200539226855,0.20675832414256673,0.7098347742885881,0.7683113347948156,0.18545755967861205,13.419881900151571,4.165890216827393,13.633025886781876
5,50,0.75,0.25,19,0.18870812240871834,0.190761927087165,0.16638044647192438,0.3726125426210509,0.2721512666278665,0.2580572132730848,0.7092078691190248,0.7761858083602575,0.22837113950566557,13.304327060778936,4.137309670448303,13.46731734050601
5,50,0.75,0.5,23,0.2763122998975634,0.2879224245341577,0.1435154560554628,0.2589233364310407,0.2845757923531856,0.18219162464201744,0.793289394270694,0.8716298723316558,0.19321662096707212,13.27815991640091,4.141775965690613,13.431249736481837
5,50,0.75,0.75,23,0.2857316397981101,0.3088701670873156,0.14770306391568522,0.2536395578252537,0.2001060713202794,0.22039734514720266,0.8085346997150599,0.857617020018113,0.17358554640233775,13.273780137300491,4.140018820762634,13.417462870815092
5,50,0.75,1.0,23,0.3613738940090826,0.4006278867630635,0.11607123701659408,0.17894074088672351,0.1380287835317946,0.1935502802503115,0.8795033487975034,0.8971033143373852,0.1383158674190806,13.379034320513407,4.123023748397827,13.603975002219533
5,50,1.0,0.0,23,0.25871544824763937,0.2985045216057255,0.1461054587011091,0.3076622340633755,0.205018700844191,0.2560239720491696,0.8296825040869643,0.8608516922638785,0.10563297909243646,13.316181470950445,4.140111088752747,13.490474665329502
5,50,1.0,0.25,21,0.2786069228181584,0.3021825396825396,0.1558096233041238,0.27580673229411184,0.2027545140475275,0.24420923402054506,0.8218714007508535,0.8717643493329756,0.16253365861002492,13.405086090167364,4.188790202140808,13.622542966779022
5,50,1.0,0.5,24,0.3304803473663278,0.3584734125899851,0.09911963158633669,0.18373749720407473,0.1689923420415011,0.10392942134014284,0.8446981919367303,0.8877650558187644,0.14653529417384523,13.251206119855246,4.128559112548828,13.40217549357027
5,50,1.0,0.75,24,0.3585279085746124,0.39358292363839464,0.09780121921980522,0.14867856142547806,0.107300354481162,0.11794919512702638,0.8657343785747029,0.8870253492755859,0.1256325653412258,13.364188502232233,4.141067862510681,13.564968250086443
5,50,1.0,1.0,23,0.34180650718496397,0.380782637069123,0.10465116649111268,0.19595430902535552,0.1575668989482108,0.1721794161809581,0.8583038601841316,0.8896853218347649,0.14809740468304727,13.321453213691711,4.113111138343811,13.522068496515084
5,100,0.0,0.0,18,0.1676349366596711,0.20552994488806905,0.14089563876588618,0.43994157141676077,0.32353212489729155,0.28583874367280226,0.7639632522629961,0.7692403495946043,0.11951739876294752,26.157830774784088,7.953115940093994,26.588974466524753
5,100,0.0,0.25,19,0.19828867507094036,0.2481503572757104,0.14447732049242556,0.3973216414964787,0.3341991040370685,0.27135343888538765,0.7921469319926815,0.8261904761904761,0.1125614612682416,26.24873200058937,8.024054288864136,26.708466593264937
5,100,0.0,0.5,17,0.23432995271229337,0.2900605299592294,0.1514683719812502,0.32016166538391183,0.2147350797350797,0.24172876732690435,0.7685467129027529,0.7911032305213345,0.1890055089351287,26.184160967667896,7.985260367393494,26.623171934110946
5,100,0.0,0.75,23,0.2779825410481822,0.2892345192625669,0.16429346256557495,0.3103052852004751,0.2100714045297298,0.2715522611495876,0.862092435326138,0.8791810823286382,0.09852228161994327,26.21065565943718,7.969351530075073,26.691927161066452
5,100,0.0,1.0,24,0.29475670721523567,0.3335167464223558,0.15220030994817244,0.2811769129276173,0.25683523954301146,0.23786526193761334,0.8706903273580888,0.8944458895087932,0.12672847003410329,26.18107658624649,7.9705890417099,26.64477821291765
5,100,0.25,0.0,18,0.2040114772138603,0.19336722373547,0.14645260301766094,0.3328716977257196,0.2559280274735217,0.2629897583329246,0.7402562464503375,0.7895021341302904,0.18297453535120317,26.220315893491108,8.024306416511536,26.695578101929456
5,100,0.25,0.25,18,0.28268784270563807,0.2876282330029506,0.1377197141342237,0.2515320668451952,0.17839106990572995,0.1873181824985231,0.7858256406295627,0.8759591591516966,0.20639069906424323,26.226361443599064,8.050457000732422,26.713292594929253
5,100,0.25,0.5,22,0.2874431824036223,0.3215429809041563,0.14581111630819107,0.24953732170958912,0.23185700304750476,0.21119059573450538,0.809184179302889,0.8612746657061547,0.16525069736349365,26.28375329573949,8.015434980392456,26.802785391198114
5,100,0.25,0.75,24,0.3061462263144904,0.3345473495477268,0.13326937103407635,0.22585892970638358,0.1839670890128856,0.18169013840544956,0.8381513823353645,0.8895800712445334,0.15281388942771557,26.20043385028839,7.981649875640869,26.69178019145592
5,100,0.25,1.0,24,0.31827008267465684,0.37782386405397744,0.13679375446996767,0.21523468717752833,0.13709054374195345,0.22034732823466854,0.8517748525268422,0.8838800189893001,0.12467764223269426,26.212269812822342,8.032270193099976,26.675426142664058
5,100,0.5,0.0,18,0.17712814893261208,0.217984017053194,0.1723680722149283,0.39797410433191954,0.26717082332121045,0.29256092648960313,0.7544002458476902,0.8155204437129921,0.1756776370515978,26.167858093976974,8.01880145072937,26.616822602287698
5,100,0.5,0.25,19,0.25563243900798316,0.2578341786540962,0.15137473343067018,0.30867765234413447,0.1931491820418814,0.24877880894046026,0.7928260353630909,0.871988904771747,0.17802453601868318,26.24783766269684,8.02296769618988,26.75116661074573
5,100,0.5,0.5,22,0.28871908789686795,0.3084021136514943,0.1075624720368723,0.25043653915535447,0.22418527010135975,0.18031414809141708,0.8157921719645161,0.8321326054194021,0.12203418031516929,26.17947546641032,7.994933843612671,26.665167508244906
5,100,0.5,0.75,24,0.32200158072568913,0.32082120626694155,0.11964266916317996,0.22062677794244676,0.16880808752532694,0.19507147407826458,0.8646299393938252,0.9008200755765057,0.11815415818309571,26.30858091513316,8.040295958518982,26.82657544571042
5,100,0.5,1.0,23,0.3628379185823588,0.4050695260327079,0.09157568599489394,0.15771074978584912,0.1138342111354112,0.11807583774352041,0.8619055483087398,0.8882405271997306,0.15549372788202762,26.49964268008868,8.056671857833862,27.010304137874996
5,100,0.75,0.0,19,0.17243120965861633,0.1777460317460317,0.12780984980810692,0.3853732705726427,0.2989417110326798,0.28176244370128195,0.7251838822017791,0.7694252883717465,0.15017264188116378,26.461068640152615,8.011460542678833,26.951938420145332
5,100,0.75,0.25,21,0.21640947254330883,0.2495295369719444,0.1796366682060125,0.33461888146732044,0.2613664151277619,0.2591085975648989,0.761493217282315,0.7932102805338487,0.1813310570981657,26.48601597547531,8.013710260391235,26.985045677740715
5,100,0.75,0.5,22,0.3137030824658346,0.3187031493988888,0.12050501321732605,0.21718242736929796,0.16686295653476613,0.16892762341560114,0.8073440926098137,0.8828848505339801,0.18902494785189833,26.62196824947993,8.060938835144043,27.11696964841569
5,100,0.75,0.75,23,0.31755751510950436,0.3296400148280297,0.10467225731448167,0.2109501934536042,0.2243958909774641,0.1701345423678142,0.8261976812832389,0.8645771518460292,0.1506829284639932,26.58471590280533,8.024266004562378,27.084317198403713
5,100,0.75,1.0,24,0.3410417947115241,0.3800284454714009,0.09995123223707833,0.16674907889742915,0.14116126825509956,0.1133178213837365,0.8488326683204775,0.8891314108188957,0.1405061586498967,26.714188863833744,7.999019265174866,27.27111327214821
5,100,1.0,0.0,17,0.1567689007032524,0.1792017435370274,0.11387962100453008,0.38201974876530437,0.3306233316127039,0.24449711482179393,0.7022162697555366,0.7496575599615499,0.17451092940263652,26.688939154148102,8.02085530757904,27.21227240837348
5,100,1.0,0.25,20,0.18606771817109857,0.22744922871286188,0.18955709008475366,0.36283541064135305,0.2743817672693163,0.2929543578251541,0.7266621698688001,0.7706660973194481,0.19375436907701832,26.709333141644795,8.010812044143677,27.240290390127516
5,100,1.0,0.5,22,0.3151024237976073,0.31115805703379923,0.08569905795223923,0.19851499721419083,0.207646693255283,0.12466144225605934,0.8005794916964772,0.8441214820717132,0.15689307609984374,26.715961118539173,8.001644730567932,27.266496848242067
5,100,1.0,0.75,24,0.30121098706804567,0.31505767510424376,0.12915908419262762,0.22320424334519876,0.2092691892455218,0.18511795739214396,0.8256262174812902,0.8542366342495782,0.14745375592998944,26.563239405552547,7.969624757766724,27.047944511134276
5,100,1.0,1.0,23,0.35164176952765247,0.391168987287828,0.10227272382918699,0.1715175278074582,0.1376372556984053,0.17134485978633252,0.8561621695962954,0.8816696154212953,0.13831917675868172,26.60847012201945,7.962303996086121,27.10055148598616
10,5,0.0,0.0,19,0.1544921934350393,0.186407107627864,0.12469802260553957,0.45473954776202963,0.3516862743750673,0.27707838340971447,0.7409629658069367,0.7666198752964504,0.15200281527744147,2.6347391406695047,0.7838320732116699,2.6940294083438547
10,5,0.0,0.25,24,0.2964031321708424,0.3374975809467169,0.15073198291068646,0.28814552380562963,0.19548266833441152,0.25000523928512036,0.8809517881473145,0.9003398542180989,0.09613752057201165,2.644202987353007,0.7863978147506714,2.7114006345684962
10,5,0.0,0.5,24,0.38676627271077774,0.410119550496978,0.0755510154388244,0.15586791855776963,0.13180835247084371,0.10022647858221659,0.9294004639793253,0.9672227369109643,0.08718297407623096,2.631662925084432,0.7946639060974121,2.696386102683119
10,5,0.0,0.75,23,0.35265987926936865,0.40915380187118,0.11022748700402545,0.1948715884995526,0.1527777777777778,0.16322286200949448,0.8946000409116946,0.9087640510380122,0.10392399784135985,2.608198881149292,0.7883309125900269,2.662740396887739
10,5,0.0,1.0,23,0.3760086647142807,0.4194918282329614,0.10373381569294925,0.19226831871257066,0.1398803839237851,0.15947299897905004,0.936857079468585,0.9747473681469887,0.07347396719295082,2.5980694393316903,0.7918341159820557,2.645978966495066
10,5,0.25,0.0,20,0.2466486412596134,0.270534375995065,0.14878600558485303,0.3340105738493554,0.21783019199186393,0.26228367822402887,0.7934140017070791,0.8397686906162001,0.15582551057664956,2.6281012495358786,0.7942631244659424,2.6911877769740866
10,5,0.25,0.25,23,0.3603093025029496,0.3854702751345226,0.0964638531643982,0.1965992728214891,0.1522508098917604,0.16069454623054355,0.9128182572565383,0.9317030097647296,0.0864455815340746,2.60429185628891,0.7965511083602905,2.6503329701635496
10,5,0.25,0.5,23,0.34430494324362276,0.3893210696037149,0.12493670558894464,0.22145080513919385,0.1793907299787359,0.21119173891479784,0.9040581628086711,0.9172862143762881,0.08277892136157904,2.6054605543613434,0.7920190095901489,2.6563728603020778
10,5,0.25,0.75,23,0.38933149882373674,0.4176313993004034,0.06795685724675282,0.15460044219058483,0.1486373104246089,0.06960584888051732,0.9103514820261521,0.9699372326635705,0.13835468701589537,2.5794807275136313,0.7969075441360474,2.6209496706845705
10,5,0.25,1.0,24,0.3713082023534096,0.39553106614915634,0.07317248811843978,0.1724743127412659,0.1354294017446519,0.10141814479252824,0.9150907174480851,0.9658124576171999,0.08219901534026719,2.667354832092921,0.7893862724304199,2.7591987127752047
10,5,0.5,0.0,20,0.24623198184497713,0.26858602745135945,0.14856061051774774,0.3248727786814173,0.20907657206309638,0.26993219203149976,0.7988847162817955,0.8570204294871335,0.16909229469176526,2.6367326378822327,0.7877743244171143,2.710809836033242
10,5,0.5,0.25,24,0.32616220261997275,0.38660663662098427,0.1491193660856666,0.208233277584202,0.1309626635784284,0.1927181027552049,0.8605576828241476,0.8988772691840854,0.15541235851502194,2.6653156081835427,0.788542628288269,2.7561387623214664
10,5,0.5,0.5,24,0.3672010962903622,0.3884709494281427,0.07581517381062083,0.17345452194528002,0.15160079368882673,0.09068968652059382,0.9078567145260045,0.9291846863434805,0.10378868905904771,2.6366722881793976,0.7894738912582397,2.6872955009698236
10,5,0.5,0.75,24,0.36388270355805014,0.4021641985902637,0.11117623738748769,0.19181776209732226,0.12291407874488444,0.16598079915413544,0.9195831692134226,0.9448401639478434,0.10837224252830914,2.641744871934255,0.7956351041793823,2.6864720065895002
10,5,0.5,1.0,24,0.4061013226463715,0.4098450849544017,0.043189920071531766,0.12807333305261706,0.12492452477329105,0.09240140017034706,0.9402759783453601,0.9719278019736008,0.06134001879766608,2.670868843793869,0.814637303352356,2.7292651391083473
10,5,0.75,0.0,22,0.22053919159797084,0.23437998841570679,0.13003273593263742,0.3042548460238285,0.26751882300214835,0.20266158556968633,0.7536933569435197,0.8106467615972764,0.1676350305243513,2.649424026409785,0.7998112440109253,2.7197464592075304
10,5,0.75,0.25,24,0.3577695628445685,0.38958009643036773,0.09449085439661058,0.17334230050952515,0.14731015150002752,0.16218513454910666,0.8888814261986622,0.8964423667890113,0.09097204755521933,2.646230240662893,0.797675371170044,2.7078165421954377
10,5,0.75,0.5,24,0.3873604564670059,0.3966418380292954,0.0513193396964084,0.14532391445816126,0.12609324725941273,0.09575581440056453,0.9200448273921732,0.9368173429446739,0.0690059256193603,2.621328721443812,0.8292518854141235,2.6306560833480406
10,5,0.75,0.75,23,0.3595946067776694,0.4090106232133633,0.1134668936263107,0.20645581704337843,0.1512939904942755,0.15843457481709897,0.9024616629207557,0.9583670515539537,0.14791179150460837,2.627915143966675,0.8347352743148804,2.6418403687277343
10,5,0.75,1.0,24,0.38837993186295344,0.40785465141699573,0.0675946947232607,0.14523028045678246,0.12698232996322006,0.09835510858576156,0.9219901441826894,0.9432929049588406,0.08752858478292158,2.633684774239858,0.8602727651596069,2.6421074659739117
10,5,1.0,0.0,21,0.2697399943555122,0.2907905655884871,0.12997365034466152,0.2578172299996256,0.2027545140475275,0.17755247933385107,0.7878874285124867,0.8594494548661215,0.18457981900330164,2.624271810054779,0.8549522161483765,2.6361913563323474
10,5,1.0,0.25,24,0.29797740731867794,0.3158578361100117,0.13994825302301608,0.2523180585251477,0.2088427200634963,0.18473668552060166,0.8482728731625037,0.8906150438537443,0.1656344019110392,2.6048272252082825,0.8078722953796387,2.6226185374003093
10,5,1.0,0.5,23,0.3433406466987029,0.4059364991625458,0.12750606549006768,0.2089628471160245,0.147652604300554,0.20874689811851893,0.8731870916075,0.8991085000115151,0.12961393671495033,2.6131426990032196,0.8191616535186768,2.6227637942466457
10,5,1.0,0.75,22,0.3775068123304203,0.4011330759778954,0.09947116925840763,0.17877685498431134,0.13322282608766664,0.15721081891681693,0.8832672898548976,0.9644821735869715,0.18380004706811395,2.6337269842624664,0.8060575723648071,2.6509975740181972
10,5,1.0,1.0,24,0.37283400682630724,0.40364460645030253,0.09005547384271455,0.17137744839930866,0.14411706058824075,0.09286593624887758,0.9170454620519233,0.9662729142985045,0.1229289379289317,2.577762762705485,0.8252211809158325,2.5740197157058238
10,10,0.0,0.0,16,0.14271617898891986,0.16684199874106037,0.13631659363142254,0.4407496911289946,0.32105848402587533,0.30646598047467877,0.7180374186880814,0.7717499999999999,0.16757960763637916,5.347961316506068,1.614321231842041,5.472646106211394
10,10,0.0,0.25,22,0.25731390690331835,0.2993804453229272,0.15507851040079149,0.3050683137461097,0.2368448494147481,0.25366757677849605,0.8137660931138271,0.84270124530199,0.1542047430464984,5.303939928611119,1.594103217124939,5.409802036093061
10,10,0.0,0.5,23,0.3477176064656792,0.3955900723006185,0.12106658468697445,0.21923558862193437,0.1575668989482108,0.18506902607212913,0.9084761848219056,0.9492051230458816,0.10083766711327453,5.297364314397176,1.6253529787063599,5.387641370103423
10,10,0.0,0.75,23,0.3441179713149273,0.3955900723006185,0.1316742704122931,0.22384471632479763,0.1556527505260173,0.21469765328617063,0.9059939648315418,0.9238226433665897,0.0966593792421712,5.403842320044835,1.7109829187393188,5.493951291370048
10,10,0.0,1.0,23,0.35236985636885704,0.3996330156584113,0.11019510797940493,0.22220151214064712,0.1575668989482108,0.17761440895035419,0.9202353405084295,0.954288999562455,0.07393525433549716,5.419971575339635,1.7194851636886597,5.512261768030116
10,10,0.25,0.0,19,0.18612053603769524,0.2399220360437692,0.14434493494368456,0.39496393589202333,0.2613664151277619,0.2890149520101067,0.7474825806856025,0.7644379843368496,0.1481897185900731,5.366229772567749,1.7294906377792358,5.434544268541181
10,10,0.25,0.25,22,0.3270922494843788,0.36825157237306283,0.1274284376179758,0.24114568304357073,0.15607622725132891,0.19882531235021092,0.8902600081144757,0.9033027855081426,0.11556429145968702,5.412279864152272,1.6811842918395996,5.516272493055729
10,10,0.25,0.5,23,0.37874289225355684,0.4073289399024284,0.09619765613273196,0.16898613403579532,0.14061982819656,0.1622993007385748,0.9035301405476973,0.9462887760417511,0.12856539054269553,5.426821023225784,1.6606827974319458,5.532893396710931
10,10,0.25,0.75,24,0.3443981513158803,0.360051677308346,0.08856462103569811,0.17886467586433785,0.1547118476416391,0.12270302793858388,0.8676609784960986,0.8961204833069719,0.12550346119172187,5.43255830804507,1.694840669631958,5.523448007481049
10,10,0.25,1.0,24,0.38011481020585086,0.41356190630212764,0.087292236392858,0.1651692575669813,0.1429425090144698,0.09467033707242925,0.925398877978683,0.9580757611144977,0.11516191653443929,5.411854137976964,1.6764580011367798,5.495668171578113
10,10,0.5,0.0,22,0.21989605590840855,0.25229253547664116,0.1161425435000223,0.2977023186818237,0.2729112487522007,0.19089637751178481,0.7357290216078812,0.8108197111660276,0.16713691877667952,5.360109716653824,1.6819936037063599,5.417213414004239
10,10,0.5,0.25,21,0.3007494541591582,0.3260426700281611,0.1751516719246639,0.25599291737060603,0.1656062525672491,0.2488927401932935,0.8257281909413852,0.8816118373260841,0.18508571634543167,5.376771608988444,1.6905133724212646,5.449307001497421
10,10,0.5,0.5,23,0.3378783975096328,0.379684370083468,0.1351316005784128,0.2056616887892161,0.1575668989482108,0.20041851110283937,0.8582035662231475,0.9087548436312245,0.16600117209309168,5.386716922124227,1.703555703163147,5.467574474226384
10,10,0.5,0.75,23,0.37437985918030114,0.4060746323094972,0.08845327479815743,0.15386464023278865,0.1385578882586023,0.10337874867699412,0.8803601421420325,0.9279403902452157,0.1585647454870875,5.437766820192337,1.6869676113128662,5.5421204398563155
10,10,0.5,1.0,24,0.40558041334865624,0.4161583251659576,0.04749995428519244,0.14087970987730267,0.12964641146338066,0.09166998936634589,0.9520405365746153,0.9706582969600346,0.0479099139573167,5.388313303391139,1.7076919078826904,5.462363512569665
10,10,0.75,0.0,17,0.2152761611775377,0.2201590089626253,0.17782927028260162,0.3327648538773032,0.2427543902630336,0.2946706698926576,0.7462448908946088,0.784037646910495,0.1940508022660986,5.361060877641042,1.7045435905456543,5.429679722622866
10,10,0.75,0.25,23,0.30408156960903904,0.3232526402497485,0.13331348292214532,0.23892393976483697,0.2407320004758102,0.18917516758634384,0.8277768644233979,0.8928207930065626,0.1745941313439664,5.3852454125881195,1.709610939025879,5.460138298912792
10,10,0.75,0.5,24,0.3637091136710839,0.3915873422694,0.06878048312461983,0.1734333212279767,0.1535669832399148,0.10083363646612059,0.9008515485701446,0.9181587942676528,0.10211095655495399,5.379576861858368,1.7159833908081055,5.4518350898751535
10,10,0.75,0.75,23,0.393040348048972,0.4108328898481234,0.06057221838214318,0.15073842815762994,0.1326050046756785,0.1116834533001547,0.9137590129262714,0.9445283731859364,0.12397825796647766,5.397561430931091,1.7176624536514282,5.484983133728607
10,10,0.75,1.0,22,0.39424254187739466,0.4152673989544763,0.06159977718300042,0.16535793815841052,0.1341322258004379,0.10393095287293645,0.9088367377555556,0.9735284543590503,0.15859614805913536,5.42590809861819,1.7119141817092896,5.527497035605911
10,10,1.0,0.0,20,0.23052937936131315,0.20728741461268735,0.1574583808142882,0.30174125610353586,0.23528845701529474,0.27389817232055064,0.7746498139424367,0.8267835877171387,0.1604522455208931,5.3620918691158295,1.682509422302246,5.419714167218923
10,10,1.0,0.25,23,0.3403243542685957,0.3863025448312413,0.09650694760350907,0.18295812084556284,0.1438100613735355,0.12654684137092992,0.8617997987933936,0.8809767926881775,0.10136304202255646,5.4034789899985,1.6919504404067993,5.483567689901885
10,10,1.0,0.5,24,0.36564650524744174,0.40153194185092184,0.09222204057119879,0.1812489237477842,0.14240394095549763,0.14853735971900503,0.9125419342426677,0.9143664729694588,0.06335021361298031,5.372637649377187,1.671357274055481,5.466776837402891
10,10,1.0,0.75,23,0.3670973525400652,0.4073289399024284,0.09465814865768139,0.1628702732706399,0.1199532825966031,0.16039256912074482,0.8750149505743058,0.8906555188469472,0.13824461392424833,5.34567865729332,1.6597275733947754,5.4357324671216
10,10,1.0,1.0,23,0.3894481520976036,0.410888060926548,0.06321916143603516,0.1550673337289691,0.135929296066791,0.0848372979752437,0.9084829500284659,0.9679937900340558,0.1467171428104269,5.296627581119537,1.63493013381958,5.373435272250262
10,15,0.0,0.0,16,0.14517755191426274,0.18105792651191685,0.1338987288496885,0.45059879306373063,0.38636829909856224,0.2901814368665663,0.7188904377000087,0.7574578534286007,0.15814680204666207,7.922105769316356,2.429227828979492,8.059215931518972
10,15,0.0,0.25,20,0.2838977588279038,0.29639614594242447,0.1494839277572478,0.2939474824828588,0.25722052452089017,0.24987923403460705,0.8375959585090137,0.8853711872053529,0.14479753655402092,7.93707071741422,2.4172345399856567,8.079228905888094
10,15,0.0,0.5,24,0.34093332238459645,0.3944015024130604,0.12725014310694246,0.2161263931591458,0.1429560803398286,0.1814369897718319,0.8979930379283387,0.9648453062538135,0.1315608206045749,7.889072110255559,2.4236994981765747,8.01527478634093
10,15,0.0,0.75,23,0.3493765829420948,0.4041075977519977,0.12946986088958978,0.23850433079033972,0.1537407127133587,0.22345023480337445,0.930121767646424,0.9738279797203007,0.07568542030905952,7.887623051802318,2.41263210773468,7.999701196897285
10,15,0.0,1.0,23,0.3336665831546463,0.3935437815475061,0.1463852651491167,0.23808018994379546,0.1389443467345659,0.23762500854233926,0.8996044664092095,0.9063269046434936,0.08698742409293789,7.937379399935405,2.3999156951904297,8.072620571091598
10,15,0.25,0.0,19,0.17989958042660414,0.1779701065123814,0.13553798144254425,0.39675981308519864,0.345864675973035,0.27495173377990423,0.7489160660081171,0.7830585082932336,0.16141935177026429,7.910636305809021,2.406130313873291,8.031739011957505
10,15,0.25,0.25,22,0.2939815907204029,0.324147726962876,0.1276637938144757,0.25973461599621606,0.18209263069085463,0.2024018052596339,0.8273805315779814,0.877182520075976,0.1595343289064578,7.895399113496144,2.4062235355377197,8.04506547375199
10,15,0.25,0.5,24,0.38009978831612257,0.40505935810679683,0.055185434980204666,0.1607283145641162,0.14709141031461956,0.089769705562856,0.9209278911963614,0.9183388966909466,0.059972460174202116,7.8846615850925446,2.3950531482696533,8.025784615677656
10,15,0.25,0.75,23,0.3544154534993797,0.3854769731754304,0.12946146968353192,0.21005182956126167,0.1377074614744056,0.2150472190596226,0.912512622536687,0.9719653438151353,0.10065991418550882,7.933468083540599,2.3938757181167603,8.09349018891154
10,15,0.25,1.0,24,0.3610705334896251,0.4104091080815717,0.11646060204022936,0.18842723878287157,0.11504570479372285,0.16448498741942394,0.9105683057621218,0.9587030905264005,0.12894484691573782,7.879261354605357,2.4129573106765747,8.018495136479995
10,15,0.5,0.0,20,0.2022173998050522,0.21589444681969766,0.15835427329575863,0.38941237794136774,0.2642913986264305,0.281923159597264,0.7750441211471504,0.814450592171611,0.16847893174596723,7.880520850419998,2.4236825704574585,8.013540722471319
10,15,0.5,0.25,24,0.304126479151348,0.31270053210431936,0.13016549508473071,0.2539820775327724,0.22300903990385654,0.17253275976873206,0.8622350358354685,0.9214228549361831,0.1376120228695627,7.977387875318527,2.3779420852661133,8.177009539628676
10,15,0.5,0.5,24,0.3608283416156241,0.38211200771050247,0.07727719001766245,0.16649630267522506,0.14732530192723342,0.09598503951965416,0.8881529859064732,0.9176569085657027,0.10727500917153059,7.899577627579371,2.376078724861145,8.053652031370092
10,15,0.5,0.75,24,0.3785670319784691,0.4081081524099047,0.0628626551648445,0.1773442212782522,0.1405799425743885,0.10776132655296088,0.9344782852351904,0.9433912294292011,0.050947403483425684,7.898163745800654,2.3812477588653564,8.046407198977874
10,15,0.5,1.0,24,0.3808221316630154,0.40057470001165835,0.06714946600346464,0.16467362034337954,0.15072468257063731,0.0942527699442496,0.9263178836694103,0.9744372385364424,0.09154010424008935,7.909630626440048,2.3780869245529175,8.08280287405446
10,15,0.75,0.0,18,0.22450632102384796,0.24354337267354897,0.1498115965323582,0.3225912194353565,0.25244791411119455,0.26665498666455095,0.7717716791810725,0.8098774647681066,0.16086697871327824,7.921357870101929,2.3800346851348877,8.085986281751143
10,15,0.75,0.25,24,0.34371338105348137,0.3964334711182659,0.10685234148865087,0.18778313304428285,0.13857900769638687,0.18736141114750154,0.8752098951512456,0.9283708340287247,0.11756478011253176,7.872664709885915,2.3797167539596558,8.019610163829642
10,15,0.75,0.5,24,0.35237484858061774,0.39231938446703246,0.08885674130546449,0.17266278366059254,0.1557113350542447,0.10110660966815285,0.8774124808218282,0.8976720801255211,0.12281172686385369,7.955412487188975,2.38479745388031,8.142343800493961
10,15,0.75,0.75,23,0.3645091573372078,0.4108328898481234,0.10669347972749509,0.18556797744108183,0.0950751739894732,0.1798587574343596,0.8924416434182646,0.9325739638762824,0.13249177943668036,7.881571471691132,2.38347065448761,8.033475194089368
10,15,0.75,1.0,24,0.3964478995735164,0.41227971360815624,0.058080821283584515,0.13299047927602745,0.1116304964171298,0.10068804675176962,0.9258862784230604,0.9631158915794062,0.07362680879599105,7.8934905131657915,2.3927007913589478,8.049455826662976
10,15,1.0,0.0,18,0.2144691094477669,0.2515833627611081,0.15975459645767642,0.3332905683726627,0.2248468345131051,0.2724824099899979,0.739509854039411,0.7803102492788153,0.1651930075642991,7.882705360651016,2.3836809396743774,8.036240963068705
10,15,1.0,0.25,23,0.35274397644977795,0.3858737291059947,0.0847964375273051,0.18037098663741494,0.1476758801685728,0.11203058146976722,0.8831247376911845,0.9159115830227402,0.12274811448001068,7.865652084350586,2.3709537982940674,8.01228157863029
10,15,1.0,0.5,24,0.37352326198973396,0.40919141741445997,0.07903060582050284,0.15295964411304253,0.13773721685201923,0.1047074563385117,0.9000061680925104,0.941333644957739,0.10976144330948373,7.873848607142766,2.3889107704162598,8.021912905138239
10,15,1.0,0.75,24,0.3935972515801685,0.4122797115612602,0.05874297333335078,0.14395444439408434,0.11391026996303835,0.10259100277897042,0.9311489475544215,0.9562108359999903,0.06805100714857054,7.896050324042638,2.3747698068618774,8.064317628332267
10,15,1.0,1.0,24,0.38948285724119014,0.4014845150712711,0.05442721971060992,0.13911562950404371,0.1262213876791819,0.10564935850634094,0.9180813439864242,0.9397908866034399,0.07162867831177701,7.875525077184041,2.3823390007019043,8.03900068003815
10,20,0.0,0.0,16,0.15529438901657727,0.186097069697391,0.1363355759364869,0.4677602541557755,0.3471534854740423,0.2951384561515441,0.7448620526304884,0.7705854236369987,0.14240138951863274,10.353506545225779,3.1973425149917603,10.541916994750402
10,20,0.0,0.25,22,0.3313376480104654,0.36750631599441125,0.14478573905908465,0.24393832880463126,0.1718608020772466,0.2436928618667326,0.8682741458727992,0.9132188312095676,0.1510894520519072,10.33733602364858,3.1921008825302124,10.515375917893198
10,20,0.0,0.5,23,0.32121552544890725,0.3701704170065068,0.1390915073029524,0.2519464115762989,0.158308768526868,0.2351050684505984,0.8723573174149689,0.9027324222211787,0.14059622919138198,10.440444240967432,3.198301911354065,10.669515704850273
10,20,0.0,0.75,24,0.3474038167286478,0.40295138046861123,0.1322047876901782,0.22779287351072122,0.15535696026380091,0.20920136303208767,0.922600506968017,0.9639864680532058,0.09184404766176721,10.462784548600515,3.1621659994125366,10.693201348237103
10,20,0.0,1.0,23,0.3577336162085296,0.4099956004768543,0.13760296443835565,0.20224973276347322,0.1222297277833978,0.22885230305730916,0.9113954249646771,0.9376434092341324,0.08342975800418978,10.57275198896726,3.166155695915222,10.874329812093764
10,20,0.25,0.0,16,0.1593192838574853,0.17253101127671527,0.1465459447534306,0.40475244205814226,0.3021794791731699,0.30865359362796435,0.6953264667649798,0.7679839731877709,0.20329358311255588,10.531571835279465,3.1536468267440796,10.810715764996306
10,20,0.25,0.25,24,0.2791544502349534,0.2948236030699696,0.14101382698999043,0.29175310160099893,0.2528485985325746,0.22280672848529104,0.8500620020709057,0.8931926960519179,0.14605066492984872,10.426055014133453,3.166893243789673,10.654724851594167
10,20,0.25,0.5,23,0.31933648975448786,0.3317658730158729,0.11944551094932417,0.23145114743724027,0.166431158646677,0.18382721277831285,0.8492541302537752,0.8836266799248895,0.14527563272895494,10.369220942258835,3.147000789642334,10.581884080675104
10,20,0.25,0.75,22,0.35334322832818366,0.4134782833392266,0.13092969981281147,0.19247705862058398,0.1444656230963404,0.17868436300921137,0.8715067314472266,0.9481048494302938,0.16877686973619174,10.486454278230667,3.18146812915802,10.73617294999753
10,20,0.25,1.0,23,0.36493752709273847,0.406011118461596,0.11611779369361154,0.20132907599823846,0.1486373104246089,0.17283494394849838,0.9083670715669735,0.9672646929672485,0.1411770469203408,10.394066592057547,3.2011358737945557,10.604333059437176
10,20,0.5,0.0,18,0.20965954604152012,0.22817284473889698,0.17642758251436555,0.3845618815905938,0.30900797130045077,0.3121850837823926,0.7655326320185675,0.8025461658531947,0.16513462748323157,10.488576730092367,3.1611248254776,10.759354727594314
10,20,0.5,0.25,23,0.32046698021023384,0.3495551537904098,0.12334581286631506,0.203846047559439,0.1816308733608941,0.1280802697662408,0.8312028647902677,0.8913383200139671,0.1711932149787567,10.380887945493063,3.1908756494522095,10.583592355163004
10,20,0.5,0.5,22,0.3790771587226083,0.41507703214540964,0.09557347071066111,0.16516009391245906,0.11997240541692619,0.12195473721909324,0.874251176268996,0.9421579357262853,0.20034792311080102,10.513069450855255,3.1801711320877075,10.7920594767632
10,20,0.5,0.75,23,0.3779049295673399,0.409246471053108,0.07074326400321591,0.18167512951230336,0.1525483840290755,0.1019720293292415,0.9138082893836771,0.9689444885237912,0.1420277376636819,10.518491744995117,3.1920559406280518,10.79866776262445
10,20,0.5,1.0,23,0.3879130735339063,0.3940532604884804,0.06451713571677739,0.1705405562152619,0.1537407127133587,0.09912876474554096,0.9228978707871928,0.9738742355421561,0.13276607751292396,10.595088452100754,3.1512227058410645,10.888301114093895
10,20,0.75,0.0,19,0.21141458519375256,0.2032790432524134,0.12478777672255598,0.30452381383001204,0.2584942823733048,0.22208541057365244,0.7137823919668139,0.7803102492788153,0.20073541636774764,10.575178037087122,3.189632773399353,10.86870222904525
10,20,0.75,0.25,22,0.32159961491491246,0.36986060491723316,0.12240595900198095,0.22136768970168078,0.15154345686592502,0.1752811524717425,0.8593549936975311,0.8991569587848112,0.13238924955060027,10.585238426923752,3.193520188331604,10.87707366704249
10,20,0.75,0.5,23,0.37058607751161055,0.4055918571637901,0.10415752606587315,0.18252803761929953,0.1185298896399602,0.17541408233549866,0.9005978598794006,0.9156673410940308,0.1284035820301479,10.582374930381775,3.1954240798950195,10.880098150995094
10,20,0.75,0.75,23,0.3573381602682334,0.4013004515594671,0.1125150853887845,0.1888679973945165,0.1575668989482108,0.16991004133602972,0.8811218063673608,0.9266227364315209,0.15201350236723313,10.506253639856974,3.172274351119995,10.772977593811309
10,20,0.75,1.0,24,0.3711724729620994,0.3989205226596838,0.0649598001809244,0.14580499075655567,0.1329699903855139,0.10414851856198547,0.8881499366807546,0.8996081228985624,0.1023783215554545,10.56714012225469,3.173073172569275,10.85522944703848
10,20,1.0,0.0,18,0.14767788800311543,0.185469867111221,0.1206145788707138,0.38496361983629934,0.3133693643772971,0.2659634594588538,0.6988978561652069,0.7252494306527815,0.16401664932479212,10.520368854204813,3.146868944168091,10.802462874220174
10,20,1.0,0.25,24,0.31990019344584214,0.34602036534560904,0.1276574134746392,0.2305836045816446,0.18031616634042108,0.17067243699913776,0.870383991473329,0.931602411947066,0.15158326374439646,10.540121287107468,3.1347357034683228,10.825430740789797
10,20,1.0,0.5,24,0.3526473008154167,0.38828634778573945,0.09719683536755439,0.16639357139424635,0.13264907243626733,0.13053585596061892,0.8716881730250797,0.8909350298640438,0.12664658653221028,10.54529239734014,3.1209954023361206,10.836510164934667
10,20,1.0,0.75,23,0.3818311579830532,0.4098107091217766,0.06920192977731916,0.14923087255419923,0.1162571984520345,0.11752706793916252,0.8902128147753143,0.9106204119580258,0.13765592946334337,10.494293729464212,3.150827646255493,10.740315355288564
10,20,1.0,1.0,23,0.3698646857571853,0.401703531995907,0.09596757408981106,0.18222601472049063,0.1162571984520345,0.16801469300491112,0.8995036919493216,0.9397754006750678,0.12530305374259973,10.532019386688868,3.22374165058136,10.79615376851
10,50,0.0,0.0,17,0.1537712061867751,0.1734043236599089,0.1352362247441582,0.41944085802277514,0.3183495794329127,0.29392906822355713,0.7333373712445352,0.7642563573476473,0.14424080036228018,25.62005451321602,7.7031049728393555,26.367030461014217
10,50,0.0,0.25,22,0.2885265462231614,0.3079128581948103,0.13133608382333234,0.2729756145448133,0.2146967314539873,0.19549275562508678,0.820005751971312,0.8716040682581626,0.16320586381358337,25.71720351775487,7.671105742454529,26.46296310747237
10,50,0.0,0.5,23,0.3387665982812423,0.394273116654069,0.12898283083895218,0.19796279601879224,0.1333333333333333,0.17437397248927378,0.8733671913030888,0.8937867624243174,0.1297217673162435,25.66510872046153,7.650176405906677,26.39530807277446
10,50,0.0,0.75,24,0.3357277397247616,0.39335712915125143,0.1311194977767889,0.2249482645713801,0.15449938089914161,0.21315294843235222,0.8964037440209034,0.9463774532482778,0.10702477905036366,25.703192333380382,7.672748446464539,26.51363159974946
10,50,0.0,1.0,24,0.34629744116480293,0.38226983569308065,0.11771083719342088,0.20453962782613136,0.14921218980354584,0.17625025604011335,0.8971345101557372,0.9224102420414437,0.10976152003978872,25.669342945019405,7.624940872192383,26.476075742109874
10,50,0.25,0.0,18,0.2028590109079435,0.20216644469799594,0.1593174215053202,0.337890530246187,0.25075661113513725,0.28432711654197207,0.7413184871586287,0.7677911808252651,0.17599007883007603,25.710012674331665,7.630181074142456,26.520051898209417
10,50,0.25,0.25,22,0.2910224166739564,0.319338259947078,0.1287722723098419,0.2657433681072195,0.2084326767884086,0.21456095170473877,0.8350968566248765,0.8786727245390387,0.1512365616195455,25.793287297089893,7.64210319519043,26.647750644236446
10,50,0.25,0.5,23,0.31543067702060235,0.3262329301184431,0.13385033673204788,0.24748132465112443,0.1795356809904868,0.20249964817048252,0.85713213691721,0.9205451415215786,0.15688574471321168,25.684022188186646,7.634320855140686,26.486893140350116
10,50,0.25,0.75,23,0.37527552420630533,0.391526182145756,0.0686256061191798,0.16121891865488655,0.1468041374747067,0.09729032362736259,0.8897426652472644,0.9222021064356911,0.1419171571745324,25.77546391884486,7.64924418926239,26.616248037509454
10,50,0.25,1.0,24,0.36927152638483846,0.4077294001637954,0.11080946956685533,0.17096237617423268,0.11924346311771615,0.17991605244674028,0.9095054289439096,0.9442751969797589,0.0876615905547574,25.675996859868366,7.629318833351135,26.497285093259737
10,50,0.5,0.0,19,0.19790253361308424,0.2355093975127693,0.16421111841092514,0.3787065340763871,0.2738552273804396,0.29369057118311315,0.7692138128752789,0.7877282696400233,0.14596483750933173,25.698009659846623,7.567031502723694,26.51439035881287
10,50,0.5,0.25,22,0.2838169859285424,0.30066129921837725,0.14291912556998285,0.2603566316056321,0.20749075081377785,0.23745618611880032,0.813352099674331,0.8396298034099868,0.14549289328660442,25.670789738496143,7.560924768447876,26.483631018040573
10,50,0.5,0.5,22,0.36001736835142445,0.3957082579782478,0.11256366793261278,0.19491371354188528,0.12098502465538785,0.20116883311521247,0.9091739762164033,0.913315450625031,0.07357262746222275,25.645093947649002,7.560355544090271,26.479005721593857
10,50,0.5,0.75,23,0.3783589831035275,0.4093343318096313,0.0740469837303384,0.15994886164283123,0.1446852808117938,0.11276836245888075,0.893799112503921,0.9412923450415294,0.1444335244665862,25.788471778233845,7.554826140403748,26.6856733933805
10,50,0.5,1.0,23,0.3850375024898296,0.3940532604884804,0.05986943768088965,0.14676260441401737,0.1138342111354112,0.10764969234256537,0.896447189521754,0.9096124184302448,0.12011910436112355,25.7843703130881,7.57235312461853,26.585292590428306
10,50,0.75,0.0,19,0.17287875650163273,0.1804962741255971,0.1565494082494177,0.4009424481338495,0.2721512666278665,0.3046313088082626,0.744143090926671,0.7872546937232598,0.16837314069031328,25.725955307483673,7.591524362564087,26.539162011472257
10,50,0.75,0.25,22,0.36081663460710645,0.40094858578768516,0.07345090742776293,0.16504802352858802,0.1421625399140454,0.10753889859804337,0.8657419287651886,0.8909103446313441,0.13439679058113344,25.72441573937734,7.606404066085815,26.52581147050597
10,50,0.75,0.5,24,0.36350463331734084,0.3997643067734512,0.07663745928721909,0.17238755837659256,0.14388876206903956,0.11233936551332638,0.8993968250112743,0.9025466492955898,0.09714646762108016,25.783591041962307,7.665993571281433,26.603907746482303
10,50,0.75,0.75,24,0.3952642267161057,0.40597631137343354,0.05248814768035718,0.13755552517215291,0.1084357893118465,0.11202446267616883,0.9280839786043643,0.9555867289172474,0.0698984211813716,25.878397196531296,7.663781046867371,26.734408959065792
10,50,0.75,1.0,24,0.3750929419448827,0.4055030125976269,0.06590144075779558,0.1375889402992926,0.11980224978754185,0.10180977193981341,0.8877748241890581,0.8879862824406296,0.10301331739788591,25.823830892642338,7.654712915420532,26.659333801477423
10,50,1.0,0.0,19,0.14371572212292907,0.1563434180519454,0.1405737880631799,0.4232482881943116,0.3344875984206613,0.2755304151094336,0.6879665707707215,0.7581700235154561,0.19366087785680866,25.77552268902461,7.597590446472168,26.594840897107687
10,50,1.0,0.25,22,0.27112171780697447,0.26718907070963327,0.1392346181181014,0.2618217743775691,0.1835260369407333,0.23567695223400484,0.8003087837620662,0.8649127016631314,0.15475538018776291,25.776460081338882,7.528191328048706,26.579211330255628
10,50,1.0,0.5,22,0.32213154326273846,0.3909137859236208,0.13962820948673807,0.2330290235236525,0.15839334578331565,0.2214271460264827,0.8331738394019129,0.8884309794829686,0.1900163110146127,25.833050459623337,7.515860199928284,26.662585325220615
10,50,1.0,0.75,24,0.38675747570966085,0.40553874494317144,0.06109555395179173,0.12914475295226766,0.10445469256244219,0.09871438253306679,0.9026597043715895,0.9279403902452157,0.08868539516660173,25.800861100355785,7.51458740234375,26.6248276544731
10,50,1.0,1.0,24,0.3790609761227004,0.3973405736257719,0.06500280226196556,0.127265447298708,0.0914614173397767,0.10780812249652467,0.8853873995441089,0.887579260291455,0.0873542965537955,25.735896627108257,7.512749195098877,26.52038054098513
10,100,0.0,0.0,18,0.1515574601209727,0.18180179188285028,0.12906808629997724,0.45468272273054705,0.3693371448749052,0.2626930668779419,0.7391728023351894,0.7671835314127861,0.1368082665841176,51.28437872727712,15.230980277061462,52.97207766377676
10,100,0.0,0.25,21,0.29879837084308714,0.3307383395188338,0.14255938641549867,0.24560092373648607,0.2122269875800282,0.17920420595445516,0.820397243760781,0.8726047828979999,0.1730451017060131,51.23421407739321,15.230805277824402,52.893087342033546
10,100,0.0,0.5,23,0.33602746725159993,0.3701707549325245,0.11381076333742425,0.2202522465299465,0.1756189600643632,0.17939454955112147,0.8870443818234319,0.9437923611977074,0.10918263962198563,51.31910119454066,15.213261246681213,53.05421733795323
10,100,0.0,0.75,22,0.3549889531975533,0.3954404530155714,0.12108491038336143,0.19715599475917145,0.1467344338506098,0.1718404493014215,0.8788412513217398,0.9433645876709627,0.16476200490041853,51.20422613620758,15.2062269449234,52.86066415050083
10,100,0.0,1.0,23,0.3497394190350362,0.3977356111261645,0.12433255138506412,0.2109655213579584,0.1494100532003791,0.1890546163127374,0.9044258444518629,0.9470284081949005,0.11357855528720777,51.0846611559391,15.223809957504272,52.687370057077004
10,100,0.25,0.0,17,0.1920727683196608,0.1983089214892746,0.153186032803067,0.3721607976794865,0.2736197322467346,0.2798127050500057,0.730215594292872,0.7918244943325845,0.18972359692414595,51.164559563001,15.221014022827148,52.815682097676174
10,100,0.25,0.25,19,0.28417219678646016,0.2669400865629339,0.14698750029058377,0.2738132660297078,0.1950849783824396,0.22170647600909946,0.7833442243249674,0.8484940970267079,0.2024289926093169,51.22151202956835,15.20243752002716,52.87409387425424
10,100,0.25,0.5,22,0.3344419643338857,0.40794280582819464,0.14357665214436538,0.20922428291289832,0.15565380583078475,0.1999223873054239,0.8381288497320792,0.9145709193460112,0.19405953410971988,51.1541702747345,15.221350312232971,52.7789437787632
10,100,0.25,0.75,24,0.3545344341795096,0.4052775793776303,0.11815406905920162,0.19128858334567767,0.1368947798252588,0.1750872029518682,0.9003574517046968,0.9324594624632114,0.10118683788536062,51.13412148753802,15.189594626426697,52.744812220761645
10,100,0.25,1.0,24,0.38870676259786335,0.40838469245843856,0.07083717049694173,0.1426441190655903,0.11512176362135,0.10043348922914888,0.9200576442613171,0.948366994348768,0.08870943756085307,51.29639478524526,15.173977971076965,53.02368560348944
10,100,0.5,0.0,18,0.18301918549189786,0.24149036469998836,0.1502462461873574,0.39213261956048984,0.2958416413044581,0.2934059540003622,0.7277436761702226,0.7544107768371168,0.15419443543642927,51.17959044377009,15.163211226463318,52.79496810387475
10,100,0.5,0.25,23,0.327244465015672,0.386795693947801,0.12445348380592314,0.19559977791781788,0.1335225344870888,0.16995641601144135,0.8457430805676823,0.8722208667125226,0.14519718152545766,51.09650038679441,15.13423228263855,52.670166579682515
10,100,0.5,0.5,24,0.3628747470693979,0.3931760596798247,0.09889282167940573,0.14878614655653696,0.12389082060766346,0.11346204826460023,0.8745356406953327,0.8976192467331905,0.130943884276882,51.16944290200869,14.975452065467834,52.82539994229324
10,100,0.5,0.75,23,0.3755166274337511,0.4098107091217766,0.10586210634344805,0.16884663403948072,0.1139863287906655,0.17359252382725351,0.8968782960169719,0.9306739799970771,0.13045827705982108,51.27353263894717,14.96051299571991,52.97870555074287
10,100,0.5,1.0,22,0.38347965880748286,0.4028487063978857,0.06483579745548135,0.1395144154324689,0.11504570479372285,0.10897240897747873,0.8603318324521916,0.8877650558187644,0.17402329928638552,51.17646935582161,14.961536407470703,52.8438462603985
10,100,0.75,0.0,21,0.22727902378332962,0.2673749349113831,0.1519122729492098,0.3295309790731974,0.2464015458490843,0.2769729388500444,0.7648618670459811,0.814450592171611,0.16261429802785354,51.24936173359553,14.934378147125244,52.93408242326336
10,100,0.75,0.25,22,0.2978317196054768,0.3084287871792649,0.12547360282372824,0.21527795754267406,0.195334964573253,0.12115605334839828,0.818819296230508,0.8963265128929738,0.17421680574293888,51.234516978263855,14.910685420036316,52.91511071285403
10,100,0.75,0.5,23,0.3297045303763829,0.3701707549325245,0.1369381581647726,0.21996632176770237,0.1446852808117938,0.23604059793645682,0.8586978550563615,0.8877650558187644,0.14203066909427217,51.46661229928335,15.25205111503601,53.14755629849698
10,100,0.75,0.75,23,0.3685188394337264,0.3893989708321915,0.08981663918632254,0.1547920849924159,0.1162571984520345,0.11766481218705734,0.869996926180154,0.8896853218347649,0.15267556852756128,51.5459488928318,15.266456604003906,53.229682120847045
10,100,0.75,1.0,23,0.39164021431820845,0.4059364991625458,0.060326343141035285,0.12421703750840453,0.0975411198761797,0.10727083912462178,0.8850702469857722,0.8953461950744919,0.1317580121879424,51.45282045006752,15.261425852775574,53.08375720542162
10,100,1.0,0.0,16,0.16132552005205597,0.1905601598493767,0.12789609665012233,0.3947476819234278,0.3236733618484851,0.25777851765848253,0.7149310097215786,0.7585316135059185,0.16841349153937976,51.55541715025902,15.22550642490387,53.20560557201572
10,100,1.0,0.25,23,0.31969263479610965,0.3317658730158729,0.12524668555053697,0.2231549685714309,0.1800492761024431,0.18436776759224058,0.8642250695100061,0.8988546399314514,0.12575100331599925,51.47319784760475,15.21535074710846,53.08543765162396
10,100,1.0,0.5,23,0.3519020447406291,0.3854769731754304,0.08765379371294658,0.1813398319772153,0.1376372556984053,0.149811709123128,0.8638188801183206,0.8864293928280179,0.14554569946870244,51.51274179418882,15.200862646102903,53.15413856783564
10,100,1.0,0.75,24,0.35977270504677056,0.3819894442997815,0.08336546454721185,0.16446764561446528,0.1450781894165194,0.11473143008587336,0.8840130557080066,0.8979455253571683,0.10432941062110423,51.533233076334,15.204124569892883,53.18676093700886
10,100,1.0,1.0,23,0.3793835865122351,0.4059364991625458,0.08711517515180264,0.15226811960041087,0.113762380308009,0.1667394992093524,0.8890386022397573,0.9140403163874264,0.12999493615457064,51.41552992661794,15.245996594429016,52.99446169418561
15,5,0.0,0.0,18,0.1342250785902081,0.14624135850767994,0.12590382468864417,0.4402248952162401,0.3459222088281876,0.2841446536782404,0.7303869109906139,0.762128360265701,0.16225369880390947,3.8055533866087594,1.1381971836090088,3.932220208231083
15,5,0.0,0.25,23,0.2849485319035204,0.350062288215705,0.16334279410625596,0.298853161600507,0.1957320550240421,0.26234853685033177,0.8590337808303814,0.8783210242285726,0.11451145867160752,3.7911832531293235,1.1399005651474,3.909598541399572
15,5,0.0,0.5,23,0.34275013033855045,0.3930531987388694,0.14275559487748904,0.21479827470753113,0.1575668989482108,0.21991992652472786,0.8947027630769391,0.9323533035206872,0.11002401748207871,3.784884730974833,1.1330727338790894,3.8984515045869994
15,5,0.0,0.75,23,0.37221630728983474,0.4094614559405832,0.11114876016062077,0.1842689057058212,0.1444005406485732,0.18052981414640829,0.9219222902735953,0.9624356976035664,0.07983734179744477,3.8465598126252494,1.1550954580307007,3.9489836996361545
15,5,0.0,1.0,23,0.399919342066118,0.4108328857543313,0.05452795158008382,0.15260461086799568,0.1341505954332126,0.10080355793306499,0.9255133885887862,0.9699632155794791,0.13864596109092114,3.8188520471254983,1.1518040895462036,3.90932396614797
15,5,0.25,0.0,21,0.2281011927629881,0.2576365636849194,0.15806309628165083,0.31597903206569217,0.2027545140475275,0.2802100154376548,0.7840565578530273,0.8216205477015774,0.16794049251970422,3.8191087742646537,1.1536601781845093,3.9098135449614775
15,5,0.25,0.25,23,0.3479206309469741,0.4011657940468629,0.12237680865036173,0.2147074472189728,0.1467071137964371,0.18509621752903496,0.8898741156335688,0.9465759273261528,0.13890980198784278,3.845055252313614,1.13507080078125,3.9807267663080075
15,5,0.25,0.5,24,0.3599763421351976,0.41187750279040347,0.11908762312425032,0.19386484624109188,0.14589478887592428,0.16024866149190856,0.9138175305114871,0.9499375329121804,0.12156552162864752,3.8201815287272134,1.1481822729110718,3.945107068616902
15,5,0.25,0.75,23,0.39518294728248543,0.4109367266138281,0.05750046491330805,0.15495534732280436,0.1479765366314502,0.08413271956121564,0.9213180320727695,0.963583354205961,0.1259610787119522,3.8047623534997306,1.1444748640060425,3.9179907662872204
15,5,0.25,1.0,24,0.38045260354777305,0.40819229039706506,0.11071738685159589,0.17871867230401825,0.13492263093885154,0.17091641742436844,0.9396238793995644,0.9737693295655359,0.07672326247486921,3.831497142712275,1.135253667831421,3.9511335680996362
15,5,0.5,0.0,22,0.3004699985382979,0.3494555543321125,0.14443081585614334,0.22951589351177884,0.15358792742784655,0.2319605239382013,0.8336768282774387,0.8460018080292633,0.13469371368826485,3.809101859728495,1.1349455118179321,3.917884908309113
15,5,0.5,0.25,24,0.36126785168472614,0.39981922668679937,0.07900711046476422,0.1705599874210558,0.14250609847473475,0.08475615731851899,0.8930956907905082,0.9443605886865648,0.1176996676451741,3.8061840732892356,1.1315221786499023,3.9135366473296904
15,5,0.5,0.5,23,0.38224639102008995,0.4046364089636575,0.062300444396743405,0.15042366382966138,0.14061982819656,0.09152379501538223,0.8921216631063779,0.9335273290748616,0.13429975648903794,3.8430565198262534,1.1291383504867554,3.9607267714722294
15,5,0.5,0.75,23,0.4023430739124008,0.4114057311495747,0.045490666022283174,0.13930116885806013,0.1210551294342293,0.08190205338705096,0.9181653643944285,0.9579136258698572,0.13277107703310295,3.8587440848350525,1.1475211381912231,3.981869885902064
15,5,0.5,1.0,23,0.407305857048834,0.4200752570092226,0.056030929549628634,0.13423460694090328,0.1063066481196342,0.09903887386957609,0.931189364540271,0.974627389695093,0.10330444534889636,3.837607423464457,1.1605546474456787,3.9534659314536196
15,5,0.75,0.0,22,0.3002549494929455,0.3821431182941393,0.1701124048185662,0.2058322077147701,0.1469056333186336,0.1673397618889826,0.8080794708248124,0.8583462208011657,0.19212571704319661,3.8567095498243966,1.1721240282058716,3.9478434367064317
15,5,0.75,0.25,24,0.3624004516456465,0.4093426633742453,0.10279338067958838,0.17094328386832017,0.13932570230925806,0.10764568261054276,0.8957441871596132,0.9390810666675717,0.13606180230257856,3.840770055850347,1.1647403240203857,3.92922880852252
15,5,0.75,0.5,24,0.3924912316994658,0.4085993279365129,0.06064774767466563,0.14181332683317785,0.11594892572228395,0.09881909682332321,0.9267957902321097,0.9149640025087808,0.050977488936081325,3.860584855079651,1.1519787311553955,3.9547789682915995
15,5,0.75,0.75,23,0.3863528997931289,0.419817114892608,0.10382085620240668,0.16334912169057048,0.1348305369310246,0.16422184346056357,0.9130157463645401,0.9735284543590503,0.131601368858387,3.8491492569446564,1.13917875289917,3.951237582182078
15,5,0.75,1.0,24,0.4043030340776474,0.416948115905438,0.059197513721055355,0.13522307134877593,0.1171524643824273,0.09019656475703072,0.9438291395040707,0.9746205274028823,0.063647044998824,3.854810615380605,1.141850471496582,3.958417972035042
15,5,1.0,0.0,20,0.3552756986680533,0.3860312727798481,0.06908695438657926,0.15648252984741115,0.1499419781157976,0.09959002077094646,0.84493138111854,0.8632838810283939,0.11263275847251239,3.8384771843751273,1.1481506824493408,3.934102663646728
15,5,1.0,0.25,23,0.3581680384532581,0.3878964504345152,0.09479079967704401,0.1755869836194716,0.1353035406873293,0.11374300020475207,0.8696227588505462,0.9244754395086425,0.16804261523909547,3.818669299284617,1.1452224254608154,3.9312005020496397
15,5,1.0,0.5,23,0.39887252744210067,0.4140893485248412,0.06539215713517973,0.15604193217572404,0.1356122985005471,0.10257147489972035,0.9332809143902742,0.9744590555499268,0.11009233212794296,3.819252997636795,1.1359211206436157,3.9404591059590937
15,5,1.0,0.75,24,0.39717029955489563,0.4119027030181944,0.05115501381982338,0.14736019347909865,0.11800583454658915,0.09796715639931065,0.9417007925888901,0.970519266273913,0.055618240622694125,3.8335679471492767,1.1261076927185059,3.9649314555584962
15,5,1.0,1.0,23,0.40833327789365426,0.422273096176103,0.05215438779819071,0.13350747849926978,0.1257128508587412,0.08522242500562434,0.9241048511050374,0.9644821735869715,0.1348407664193693,3.8270579477151236,1.124046802520752,3.958059741970289
15,10,0.0,0.0,17,0.13045011176803684,0.163609518237579,0.13314340253390153,0.45244012361879066,0.4052871494976758,0.3080726464310593,0.7258190915002078,0.7635425801189583,0.18061761096587375,7.599660982688268,2.2665435075759888,7.838439504239829
15,10,0.0,0.25,23,0.3233331719240011,0.3786245433909586,0.1352620847280468,0.22880937568363693,0.1542876050875248,0.1904960114538479,0.8709142312178209,0.9302144366775166,0.15650919353938728,7.5886184473832445,2.2652390003204346,7.829467476018189
15,10,0.0,0.5,23,0.34123086886948517,0.4096847469546566,0.12377579757948297,0.20864616283650114,0.153717332487195,0.16041148438022634,0.8858950713848269,0.9664558584539806,0.1429334005827838,7.597927312056224,2.26778781414032,7.822132633780665
15,10,0.0,0.75,23,0.3930964987521847,0.41321279109324,0.04892529056268854,0.15357590008295188,0.1352901979540368,0.08535302165941838,0.9325285268545161,0.9622276615345732,0.06390480993945798,7.600047538677852,2.259906530380249,7.81145539283407
15,10,0.0,1.0,23,0.3632363464999617,0.4113407593148771,0.13138051177628832,0.18084693550531708,0.1335225344870888,0.18046602485679233,0.9014313106508555,0.959508403799421,0.1265670000142258,7.6038105090459185,2.2453548908233643,7.807712885980929
15,10,0.25,0.0,16,0.23023822879369477,0.23543252246281546,0.15915136347338377,0.3191737725119659,0.21604994624348065,0.2639454283952091,0.7475059464491914,0.7823892394555619,0.19669122424363317,7.602343142032623,2.280439853668213,7.80279000414169
15,10,0.25,0.25,23,0.3022113327939147,0.3639468938226947,0.15169521597061036,0.2541825700202944,0.1597222222222222,0.22206469804031992,0.8611732714260394,0.8820357549016423,0.12955729918688613,7.7182330985864,2.2893723249435425,7.9590747594315525
15,10,0.25,0.5,23,0.37027700101776995,0.4093841680180936,0.12270185418917984,0.18537566865896735,0.1162571984520345,0.18370002023145737,0.9027344430125543,0.9556828068625356,0.15009672548913278,7.708206872145335,2.2694661617279053,7.943347347723001
15,10,0.25,0.75,23,0.3843839424389933,0.4134551139248524,0.07627693744986232,0.16364305938379559,0.1276634578055976,0.11630344221988405,0.9254771549175413,0.9596744284605654,0.08173893297801332,7.689699361721675,2.265438675880432,7.9189012156035465
15,10,0.25,1.0,23,0.39496500090841535,0.4109367266138281,0.059114663800888353,0.15702249587250872,0.1336108381070054,0.0929321919833236,0.923157362229693,0.9710606657685823,0.131505572552481,7.744831095139186,2.2760204076766968,7.998377478277475
15,10,0.5,0.0,20,0.29007993152644185,0.3103134062422712,0.11705146542301445,0.23905983687279414,0.1775963825467681,0.1690705859522595,0.8221076864460014,0.8852505877286491,0.16398761307896004,7.6944184601306915,2.292830228805542,7.922041992380287
15,10,0.5,0.25,24,0.3841440722887666,0.4077887450292937,0.06659651749317817,0.14769070306645046,0.14671334270455622,0.09091864752020092,0.9159788476439837,0.9457861799981135,0.09251820990231262,7.693058242400487,2.2803595066070557,7.919046592786451
15,10,0.5,0.5,24,0.37703997046441357,0.41352751338004246,0.10128150003237968,0.1777454076327962,0.13384247331803723,0.16554717395045362,0.9318253485616235,0.9699095318177076,0.07505881011356184,7.755773156881332,2.2498403787612915,7.9847054041765135
15,10,0.5,0.75,24,0.3740615142479014,0.41061643153592375,0.10447812078847897,0.16015187449530377,0.13285848644285325,0.12019898728076821,0.9082749029911067,0.9624971770079693,0.13484248908780522,7.798549870649974,2.238106369972229,8.048305029544531
15,10,0.5,1.0,24,0.4086962570615272,0.42075701552218214,0.05585531299449172,0.1377794907318262,0.1197967131557533,0.08854558234628448,0.9551720048548806,0.9749298375546452,0.04406912472634642,7.853222330411275,2.2806631326675415,8.096705982314392
15,10,0.75,0.0,18,0.2778975167856822,0.2921511200553608,0.13248901806856747,0.23812666359775753,0.18433996929508545,0.19896381956435125,0.776431259113326,0.8739566037835155,0.19757488220522576,7.879330992698669,2.2695435285568237,8.13565160526533
15,10,0.75,0.25,23,0.37005832638212505,0.4108328857543313,0.09550062367956332,0.16705195911641035,0.1371552776104413,0.09435849755379017,0.8871810669051134,0.9312500790563105,0.159396929015693,7.886813918749492,2.2760653495788574,8.15026984972872
15,10,0.75,0.5,24,0.39233012225445424,0.40760334912987184,0.062458114588574684,0.14275680715239533,0.1368947798252588,0.0783139067064347,0.927417051661304,0.972796161096835,0.08332788799874218,7.895411650339763,2.2981810569763184,8.150902670548897
15,10,0.75,0.75,24,0.40176208592208434,0.4123263593769335,0.04950084656668848,0.13407809015241437,0.1185300993699282,0.07089574736611864,0.9376022619965831,0.969822676074716,0.05531545160812469,7.8971399168173475,2.3117611408233643,8.155488984297618
15,10,0.75,1.0,24,0.3886071971228562,0.40795120589351963,0.08302183110704438,0.1325424151420362,0.0990777500239191,0.09993245804378839,0.9097568093877486,0.9325584779479104,0.11655160272548168,7.86801631251971,2.3149060010910034,8.112626482951514
15,10,1.0,0.0,20,0.17665025594467995,0.18562910060638105,0.1437797293878392,0.3659717978008127,0.3146272134756606,0.2552987789632138,0.7199255143315172,0.7572144604585511,0.18814829731025784,7.927660097678502,2.326558828353882,8.180742326449103
15,10,1.0,0.25,24,0.3555953263828337,0.40668893914793364,0.08915159395458416,0.1680368572112008,0.1574640334230824,0.08901069873579966,0.8792275099768684,0.9147997282776021,0.1286854870997047,7.9435791075229645,2.3160006999969482,8.207007744284164
15,10,1.0,0.5,22,0.37867670217705346,0.40061827048457266,0.06461406048620982,0.15876407078234223,0.14763825740541786,0.07453520253097054,0.8670076455396764,0.9206669281206759,0.1879566181499965,7.904947906732559,2.3074069023132324,8.154576024498178
15,10,1.0,0.75,24,0.404352896119936,0.414027344626983,0.05357009567647328,0.14159809026712408,0.1256114170211024,0.09042867797286398,0.9503038825069963,0.9700467530385748,0.04221898462244835,7.941681494315465,2.294363021850586,8.20911350415037
15,10,1.0,1.0,24,0.4029257017714363,0.4124447124655548,0.05258082652690496,0.12493597780541872,0.12775026383882837,0.08035739513767796,0.9307873813482913,0.9728071951230276,0.0756749630670829,7.902056137720744,2.286055564880371,8.147426891926996
15,15,0.0,0.0,15,0.13398926003645,0.1486794465129473,0.13657850096677465,0.4832050259684291,0.345864675973035,0.30553819450370917,0.737976828469271,0.7794288850283011,0.1634731299357651,11.656175951162973,3.4315407276153564,12.04767052385903
15,15,0.0,0.25,23,0.34647098843544066,0.4099956004768543,0.1408169828589794,0.22622625437480562,0.1392791158437729,0.22570004703892646,0.9127862216104501,0.9454279794684777,0.08201297337740984,11.670510937770208,3.4110153913497925,12.068929673836115
15,15,0.0,0.5,23,0.32371592063683996,0.3854769731754304,0.14368126917249918,0.26668640102755153,0.1543833714488767,0.25904463374724873,0.9079466488720135,0.9161034118331273,0.06901226970513219,11.69285961985588,3.404696464538574,12.09731966318302
15,15,0.0,0.75,23,0.3679991914788126,0.4103999732237241,0.12967188054633372,0.17311663569180744,0.1190272627572003,0.1784477907618463,0.9031518928723731,0.9579059574947468,0.13032718985527214,11.638881474733353,3.407059669494629,12.011173310664667
15,15,0.0,1.0,23,0.3670235637446723,0.4073289399024284,0.11610368733125286,0.19728131762475884,0.1355555555555555,0.18081742496108452,0.9244397599010159,0.973964725301104,0.08751671166492159,11.686986207962036,3.445702314376831,12.086846622200035
15,15,0.25,0.0,18,0.22687879213113504,0.228260735093858,0.1501076284637352,0.31397918937422853,0.22191890953868698,0.2722682032271396,0.7440067313851423,0.7965425927359997,0.1764871081316249,11.695247630278269,3.436715245246887,12.096002375747311
15,15,0.25,0.25,23,0.32350381592712346,0.4041075977519977,0.14256294701658123,0.24263594652586334,0.1575668989482108,0.22758377436265564,0.8882794610269708,0.926658684379386,0.10435441767099184,11.757671962181726,3.4350754022598267,12.190305523573183
15,15,0.25,0.5,23,0.3878855251430312,0.4140019929558848,0.08466495072561207,0.1483094587033406,0.1286352291226459,0.09942740849782733,0.9218023528608764,0.9608231880621128,0.11290470378703568,11.67689648270607,3.4178249835968018,12.0711691282786
15,15,0.25,0.75,24,0.4013071735265063,0.41458840274125097,0.047761200720618936,0.1443859468571131,0.12933962977257296,0.07382819956229943,0.9470002939101257,0.9729831241481857,0.046848097502208357,11.706323713064194,3.413047671318054,12.107634019286971
15,15,0.25,1.0,24,0.40788833473650893,0.4216589359123598,0.047188388718810426,0.12515975477962718,0.1168181842326027,0.0872036189068024,0.9409364242526451,0.9657815042023776,0.05682048808573968,11.725817233324051,3.415569305419922,12.136990315113371
15,15,0.5,0.0,20,0.249492950029025,0.28989791390986264,0.16418897201920093,0.2943933271677467,0.19234136251814665,0.2681819765961954,0.7729109774214246,0.8173187644078239,0.1836464812740754,11.685444861650467,3.4107186794281006,12.067273683709255
15,15,0.5,0.25,24,0.33943599988883616,0.3571374642201255,0.09205444501702377,0.18092660755884324,0.14914362094193018,0.11251837379638004,0.8597986073365157,0.8931861927309008,0.14079038668662447,11.739609917004904,3.393566846847534,12.149214634496103
15,15,0.5,0.5,23,0.363094409350009,0.3937161894594398,0.10331121455616418,0.16520198699692534,0.1446852808117938,0.1085330902772757,0.8702346025243415,0.9501743949586596,0.17838841956771198,11.701656113068262,3.426203966140747,12.090648220352755
15,15,0.5,0.75,22,0.37122640406021007,0.4137117639464113,0.11448475678510131,0.17448129032387144,0.13515735805054896,0.1782565194617757,0.889312771188773,0.9325739638762824,0.1397705477234566,11.753539135058721,3.4307690858840942,12.170130994532329
15,15,0.5,1.0,24,0.383798171984173,0.42191823343092016,0.08227005138367778,0.1588636655029203,0.134889825542519,0.09878868809296298,0.9264600094712664,0.9710172639266403,0.10329068060885936,11.731270442406336,3.4341957569122314,12.1357001775868
15,15,0.75,0.0,20,0.22064978052800877,0.21679091611406404,0.14930067153674415,0.3066386608554114,0.28414560804441846,0.238857575627391,0.7526866134976195,0.7930913520293797,0.16117066304830052,11.641696433226267,3.434119701385498,12.006815544022793
15,15,0.75,0.25,24,0.33570951409655964,0.3624463348942929,0.09919135062243764,0.18707064002186655,0.16573133593916284,0.11875106550262358,0.858489668214986,0.8893448408751827,0.13691230244047992,11.648733566204706,3.4412574768066406,12.016790212601148
15,15,0.75,0.5,24,0.36844385976928695,0.3893007253813257,0.0642602995298282,0.16740433710491712,0.1442981824140051,0.10639833933494494,0.9042920566434911,0.9388886328800304,0.09318922709859481,11.69635639588038,3.4434679746627808,12.090174544546375
15,15,0.75,0.75,24,0.3748633638264929,0.408356553960261,0.08739902242252148,0.16172624112475173,0.13374196438327296,0.1043909927646472,0.9114529687777376,0.9347552014552346,0.10980380626018645,11.657195836305618,3.447903633117676,12.056959750826035
15,15,0.75,1.0,24,0.40190956477850465,0.4108805642252179,0.0526248465791878,0.13719560519390078,0.12231654586500809,0.09878405187086509,0.94101473475091,0.9723881962544453,0.06410709947676774,11.650696168343226,3.441494345664978,12.044390599218076
15,15,1.0,0.0,19,0.18167629632184412,0.1734043236599089,0.13456743127137638,0.37091235884501655,0.2694980429656257,0.2501759818306617,0.7210090408985179,0.7720174064419738,0.1851031053227206,11.630886048078537,3.4524766206741333,12.007331750031202
15,15,1.0,0.25,23,0.36688422810026783,0.40915380187118,0.08431710493329353,0.15756753578633617,0.1464238118704097,0.10558642650365872,0.871263731137491,0.9334049051548374,0.16398083414743306,11.605261703332266,3.4554877281188965,11.97844832806951
15,15,1.0,0.5,23,0.38869753688603526,0.4108328898481234,0.07088146906694169,0.15844910769352274,0.1257128508587412,0.11500216470678715,0.9103979597557942,0.9643758360390615,0.14848105333453135,11.652467379967371,3.4562331438064575,12.048789347723627
15,15,1.0,0.75,24,0.38940604564691367,0.4058332447366436,0.05793693659974635,0.1460769482013207,0.13165510565300215,0.11704347170569666,0.9248890394951482,0.949132120461831,0.06938534084252473,11.657543023427328,3.4744635820388794,12.063444862178676
15,15,1.0,1.0,23,0.39609303108199,0.4108328857543313,0.06517592178974314,0.13170337073530244,0.0973709974707431,0.10371531454471379,0.900720775676259,0.9439473532529726,0.1381222909858993,11.687087496121725,3.4766963720321655,12.108681441041021
15,20,0.0,0.0,16,0.14325024043571494,0.1823295815309675,0.1304907063610481,0.46268929025813144,0.311605609353267,0.305629113028357,0.7300986761835363,0.7703240849209307,0.16294317443470818,15.490805606047312,4.571144342422485,16.03464797158177
15,20,0.0,0.25,21,0.3225349385447377,0.3940532604884804,0.1566062647859525,0.2330274024372923,0.1548823085247875,0.26075282398695987,0.870341071966874,0.8642774563933417,0.11573414611799217,15.418681671222052,4.574195742607117,15.93185368764687
15,20,0.0,0.5,23,0.38782704636936655,0.4109411409416342,0.09195432371518185,0.1551929744195373,0.1217257750301075,0.16712724726122985,0.9239784393600092,0.9594556595157913,0.07461369588527039,15.428040236234665,4.567678093910217,15.942267830507276
15,20,0.0,0.75,23,0.3548738859632229,0.3999188197180857,0.14202726938558916,0.22309704907179967,0.1413073747483984,0.22824128139945268,0.9258929534566519,0.9547841650861142,0.07578836112311262,15.434148341417313,4.549861192703247,15.954502306536941
15,20,0.0,1.0,22,0.384847747961056,0.41720175294484607,0.11412749337365978,0.17816506536960902,0.1266802132854924,0.17984242069863324,0.9167519613249905,0.9754813519073642,0.13526442160241733,15.458711246649424,4.5414345264434814,15.997210873331777
15,20,0.25,0.0,20,0.18454757262228155,0.2127072326513812,0.14283839450056493,0.3850470414398064,0.2943011463844797,0.29283675277295035,0.7217116025800884,0.7704046924677623,0.16331435637192207,15.42456179857254,4.6517884731292725,15.934987533762905
15,20,0.25,0.25,24,0.32223352393151633,0.3395277158521943,0.10751614289855117,0.22094623010094605,0.22667604355326149,0.12513691526209733,0.8654132779639787,0.888515540783503,0.1300618063285175,15.483133554458618,4.735175371170044,15.99968063532959
15,20,0.25,0.5,24,0.3708822001149179,0.41258280741509723,0.10493471697273289,0.2013012443220571,0.14032339356369086,0.17563815617153758,0.943065644551893,0.966906447824201,0.051105163171709926,15.4160997569561,4.676711678504944,15.908658672066347
15,20,0.25,0.75,24,0.3909881372699149,0.4124713409269922,0.05771804143406466,0.15787970136184223,0.14599021106482205,0.0963788635298292,0.9398559759016721,0.9741175598368409,0.06390093376736267,15.453212449947992,4.5407867431640625,15.974067618704325
15,20,0.25,1.0,24,0.3849227726685256,0.408517325713623,0.0658614844222401,0.15918362756090632,0.1396127566647341,0.088856456265107,0.9290291728979575,0.9699601688865844,0.0838002478502254,15.468806753555937,4.549288392066956,15.996160516608809
15,20,0.5,0.0,18,0.18508823718456335,0.2203268365441337,0.1271964602100632,0.3610037790262225,0.3002037918703257,0.2519441860654003,0.7095558333278492,0.7704102376304588,0.18966327604420027,15.465458085139593,4.675488233566284,15.995156170138332
15,20,0.5,0.25,23,0.32029625444312004,0.3742283690131061,0.13784172206604722,0.24512456655782633,0.1537407127133587,0.21050848583500267,0.8795777095660761,0.9144724896742358,0.11665831478950187,15.421111931403479,4.6541526317596436,15.939979120934414
15,20,0.5,0.5,24,0.392063181261344,0.4104142431155928,0.054905382566333115,0.16286546583481867,0.13602577409601155,0.09949947473465524,0.9469918283575067,0.9744372385364424,0.04711963534229285,15.448144813378653,4.670465111732483,15.976194317895489
15,20,0.5,0.75,24,0.3753939607590426,0.4106164294890277,0.10616442163012703,0.18350003562137077,0.13787065559114353,0.1621819350142585,0.934287957139456,0.974386234205745,0.07716152717154487,15.406800458828608,4.6778634786605835,15.911922902333073
15,20,0.5,1.0,23,0.39431512251828277,0.4109367266138281,0.06718435015152374,0.15625368164972855,0.1297876768189155,0.11121868174679703,0.9208989383380168,0.9684023606372714,0.12792984170966684,15.39253506064415,4.683665633201599,15.881883663889488
15,20,0.75,0.0,20,0.20617809695468342,0.2002787091528535,0.1545107957112362,0.33900509253605937,0.2661245577971003,0.2789524482702606,0.7477570819482038,0.8018444234272556,0.16468397223501557,15.401742974917093,4.682840585708618,15.897208903323492
15,20,0.75,0.25,24,0.3501741725116459,0.39393034877854716,0.1044814510981284,0.18614546106670601,0.14448070686136522,0.11903328424913287,0.886493806089998,0.9266227364315209,0.14024775799547598,15.429077615340551,4.639342665672302,15.948741371839333
15,20,0.75,0.5,24,0.3707842091924783,0.4060428753855466,0.07825724558978286,0.16403097341505027,0.13609813092843354,0.10755772020779021,0.905599391800007,0.9428515971724,0.0990529638585669,15.405275175968805,4.641350507736206,15.915639805925402
15,20,0.75,0.75,24,0.3867531108923097,0.40548049574554357,0.06519936074330727,0.14814932770213818,0.13912854194748264,0.09946317592085781,0.9216555494867577,0.9546182032552195,0.08747474076459581,15.412448028723398,4.644865036010742,15.91784074596969
15,20,0.75,1.0,24,0.3969046837906291,0.4100835640150275,0.053607454823342254,0.14970591837889954,0.12694722707521988,0.1019953129327007,0.9435152859601578,0.9743465030633756,0.05872952836314431,15.353329499562582,4.644189834594727,15.844902055615492
15,20,1.0,0.0,19,0.17845990749584367,0.1960394515049752,0.15530858750351662,0.39051571836052545,0.345864675973035,0.2936271333250286,0.7410850197888851,0.8076081030438818,0.17841247492956308,15.352695653835932,4.56235408782959,15.837873822705465
15,20,1.0,0.25,23,0.32815522172273587,0.3296400148280297,0.10671087223764684,0.1862268360053825,0.1741903563805204,0.0932286701587224,0.8382400912197672,0.8763538945140619,0.1545747910144312,15.439945727586746,4.577247858047485,15.964457222211246
15,20,1.0,0.5,22,0.3732074072312359,0.4094192744129183,0.08118607655709394,0.1549558357801997,0.14223206021467524,0.10517423925678127,0.874615376196695,0.9129022507528308,0.14466228359538197,15.495790441830954,4.570629119873047,16.051501119037088
15,20,1.0,0.75,24,0.3998844011116836,0.4108805642252179,0.05937869438040568,0.1283453913417024,0.1092981246552045,0.10497425030632754,0.9281141935650696,0.970918074689324,0.08607935659873724,15.43024413784345,4.5632323026657104,15.957638902965035
15,20,1.0,1.0,23,0.3906061597313018,0.4054856327225527,0.052927154397178364,0.1394580668822393,0.1257702884396725,0.1047908140778427,0.9001202674332883,0.9278918229698045,0.12187221727284492,15.428944567839304,4.568002700805664,15.953324448410479
15,50,0.0,0.0,16,0.12398198492691098,0.14705572385257795,0.13418503685319558,0.47608180843250625,0.3539948921779595,0.31322869778654294,0.71294672857384,0.7583798752422969,0.17088547686211059,37.963405112425484,11.008196473121643,39.32200282049137
15,50,0.0,0.25,23,0.34204658779105973,0.401703531995907,0.14235936682069097,0.22820133837360307,0.1413073747483984,0.23982588900052848,0.8959042663504246,0.9451557205868635,0.12051868384066067,37.971266478300095,11.0140882730484,39.34301852299419
15,50,0.0,0.5,23,0.3338129788385243,0.3940532604884804,0.13153699722955164,0.22809009523754262,0.1371552776104413,0.2329165610540797,0.8903112173764832,0.9138939974766727,0.09202488609543018,38.0008515616258,11.030084252357483,39.38781828692218
15,50,0.0,0.75,23,0.3557026443921089,0.4093530490974703,0.11814977969332131,0.1969190127373878,0.14061982819656,0.16865127617913078,0.9023941222915388,0.9522074092405388,0.12650581893578364,37.93396318952242,11.039611458778381,39.28855211218617
15,50,0.0,1.0,22,0.37384927624779896,0.4136073920245624,0.11355777224279308,0.19332032169572647,0.1335965586906241,0.1835692947317484,0.909902476605699,0.9642619552954891,0.13633620300784452,37.9931393067042,11.076128959655762,39.36579350375826
15,50,0.25,0.0,18,0.20109954527190854,0.17539004244158773,0.15816538824686036,0.36657346549118147,0.2668646012845912,0.2719840495431863,0.747760625349296,0.7967520519319187,0.19846997711632422,37.963950296243034,11.053693056106567,39.32094782011362
15,50,0.25,0.25,23,0.37891072842234524,0.4093530490974703,0.07267272901719164,0.16559486735482873,0.1485348243625595,0.11804123244570201,0.8984879298758065,0.9298453556828694,0.13599285659925062,38.02320536971092,11.040754079818726,39.40144987225006
15,50,0.25,0.5,24,0.39612359572297823,0.41003776214501453,0.05582363363568723,0.13999194992014963,0.1303234853156791,0.09204395807362317,0.9322391413661063,0.9518546615052922,0.0632869744592083,37.98917575677236,11.06039035320282,39.351646913244274
15,50,0.25,0.75,23,0.39506540148478075,0.4193441380787377,0.05365967972922394,0.15586359242882902,0.1376372556984053,0.08528261818995322,0.9219046980712376,0.96998768585588,0.1261958622222252,38.034629344940186,11.079062581062317,39.40512689145756
15,50,0.25,1.0,24,0.3938229535682322,0.4135641829337514,0.06521876291739845,0.14486556643465542,0.129617692672915,0.10687794269652011,0.9325114735711199,0.9697500624246072,0.07769913060595429,37.96068865060806,11.154452681541445,39.30456841579988
15,50,0.5,0.0,18,0.2320281281540123,0.18960718712870317,0.13151872415583452,0.29212587914991245,0.24215741104558147,0.21412525219934203,0.7512777727261053,0.8448560386907038,0.2068436233377281,38.053640097379684,11.15962564945221,39.436823475927255
15,50,0.5,0.25,24,0.3511340956479681,0.39171679634073453,0.09432057928805809,0.18349153812304284,0.15673146746779046,0.12424919551695218,0.8857597294189792,0.9034860139306129,0.11729534675654131,38.00668802857399,11.17576813697815,39.37802757692351
15,50,0.5,0.5,23,0.3959568324543438,0.4108328857543313,0.056689692816648436,0.15039496039927638,0.1405989724733493,0.09446001648050974,0.9183725017345788,0.9710350719139913,0.13271038335967397,37.992343892653786,11.137149930000305,39.36311685925781
15,50,0.5,0.75,23,0.39842272533789763,0.4148541998183094,0.06286254070187669,0.14668864469702672,0.118920240871275,0.10603919017998417,0.920183288206534,0.960599150807132,0.1246734439035968,37.928511410951614,11.154024362564089,39.26928614843443
15,50,0.5,1.0,24,0.3705697663539098,0.4055030125976269,0.10236016330997978,0.1712452157753176,0.1349861602268238,0.17029231434717645,0.9123847484831372,0.9306739799970771,0.08765430626380012,38.00421115756035,11.18995976448059,39.38243487799203
15,50,0.75,0.0,18,0.2509172622320804,0.2367120316955291,0.14305630181896767,0.297042108045937,0.19936936448820258,0.2400424532955496,0.772922655960255,0.8282622051917821,0.18792461264249438,38.03031140565872,11.181972861289978,39.419531479291265
15,50,0.75,0.25,24,0.3296268608007403,0.3476484859407659,0.11728834168463265,0.18723993668873748,0.198608213944108,0.1077875633257991,0.846493658290218,0.9056607769706966,0.17745160484316608,38.01688116788864,11.184715151786804,39.404035109393064
15,50,0.75,0.5,24,0.3606108954077687,0.4040446800516526,0.112303410827362,0.14941312683796806,0.13483741921960057,0.11248204924551372,0.8706349176535056,0.9214937388480977,0.16357132871100988,38.024636248747505,11.185655117034912,39.403903663769746
15,50,0.75,0.75,23,0.378378025297849,0.4098107091217766,0.07914295910702764,0.15605841472522025,0.1471303891128162,0.0866687709579333,0.8882149929503437,0.968482176125664,0.16185187985970645,37.97647641102473,10.96314811706543,39.35686358907638
15,50,0.75,1.0,23,0.38410959538808187,0.4098107091217766,0.08925689977561288,0.145755939191127,0.1139863287906655,0.10811324272142518,0.8912195686997668,0.9419419753910752,0.15518569816404623,38.082477947076164,10.963406801223755,39.47558657758911
15,50,1.0,0.0,19,0.2515604904229189,0.2712509833160356,0.1420296376647084,0.27366465526315964,0.1721783316510722,0.2384634652010332,0.7763183303659914,0.7966573415298472,0.15990574290097542,37.98850061496099,10.994184374809265,39.34916416318005
15,50,1.0,0.25,22,0.3377188828162287,0.3892947799818697,0.1323252191334435,0.21220935672977645,0.14185362501318044,0.21123060130051938,0.8666857120322072,0.8931543666990482,0.1444217427060322,38.029177437225975,11.032935500144958,39.41495620933866
15,50,1.0,0.5,24,0.39420308312776076,0.4094822554964783,0.059838678871306464,0.13680460779848125,0.1057637243334226,0.12099252791424998,0.9252107740540029,0.9552599097696726,0.07250557499107937,37.989328652620316,11.104656338691711,39.34663602473749
15,50,1.0,0.75,24,0.3767599997647464,0.40165683607064895,0.09191123286710683,0.13994067703259358,0.10565175009209435,0.11685221601567167,0.8934606765620865,0.9418890017897907,0.13171418269652307,38.03157184521357,11.097119331359863,39.418269506488095
15,50,1.0,1.0,23,0.39057827140388274,0.4050695260327079,0.056527220600086435,0.13606875197667945,0.1138342111354112,0.10469840497449555,0.8949706876426727,0.8998415537492501,0.12625509701103213,38.16102023919424,11.184843897819519,39.59063755052113
15,100,0.0,0.0,15,0.13068404769856365,0.1600580837283923,0.13217786385219873,0.469985611311101,0.3441979731148304,0.31796578611250703,0.6852219017729219,0.7640299478804327,0.19128179464707207,76.04216434558232,22.67644238471985,78.65235627277613
15,100,0.0,0.25,21,0.28698749528102724,0.3571243558029272,0.17277383304523836,0.2922702813427779,0.1855555555555556,0.24023280018019885,0.8398726816997972,0.8961371380293418,0.16724442298506723,75.92549366752307,22.65137267112732,78.49520937690977
15,100,0.0,0.5,23,0.35697647571741736,0.4184968173323795,0.13578378476325395,0.20069692468649428,0.1376320700087699,0.18017029136860102,0.9084561312829402,0.9731308945106156,0.13373480334410706,75.95309422413509,22.628217339515686,78.5371807375081
15,100,0.0,0.75,23,0.37674219836960576,0.4108328898481234,0.11217146650552878,0.16615626170450257,0.1376372556984053,0.17858053241041058,0.9132389643418928,0.9697361350064728,0.09993064331574009,76.01861049731572,22.70011055469513,78.65832367689913
15,100,0.0,1.0,23,0.37128465862689514,0.4109889511872205,0.1122226698846296,0.19036146462282816,0.1276634578055976,0.17475728885452801,0.9259753326317594,0.9730035976515305,0.08326467005767123,75.89946018656094,22.672308444976807,78.4894015343902
15,100,0.25,0.0,18,0.14683754944247848,0.1629639397071533,0.1343562599430078,0.44024981034705546,0.31475608097899116,0.2939501710308525,0.7309919713661269,0.7625449054663911,0.16520639482947305,75.88402558366458,22.66785156726837,78.4629956790946
15,100,0.25,0.25,24,0.3352288906287631,0.3836895659870755,0.11613649434064191,0.21611668355818567,0.1512470757364817,0.1823009535820434,0.886574464815712,0.8872022229512868,0.10231323036723215,75.9240697324276,22.66508460044861,78.50268589000868
15,100,0.25,0.5,24,0.3725190161442467,0.4094822554964783,0.07925545359656373,0.1729337351432684,0.13900576347830967,0.13915378796081854,0.9179717674317619,0.9609310704140578,0.08026739310622401,76.02793437242508,22.638510942459106,78.65237887891978
15,100,0.25,0.75,23,0.38264565165147624,0.4108328857543313,0.07793599542845733,0.16692225976538766,0.1376372556984053,0.10666325185731662,0.9093344447480721,0.9741079051541348,0.1414208510700042,76.0211929877599,22.63688015937805,78.64387413959795
15,100,0.25,1.0,23,0.3776076132720324,0.4098107091217766,0.1036222998719465,0.17702357051704282,0.14061982819656,0.1642613971391734,0.9093586273244743,0.9624445968463884,0.13232154525870404,76.02495976289113,22.62341034412384,78.65752387079593
15,100,0.5,0.0,18,0.2374839565207386,0.2418645786337045,0.14214108693864963,0.2805331893847577,0.2361156897885776,0.21326791433315595,0.753345403539253,0.7895174100832906,0.1606897181486635,76.08195299903552,22.608188271522522,78.75514031638598
15,100,0.5,0.25,24,0.32908753981024036,0.34317152630824116,0.1062679448174338,0.21036976552136585,0.18690213848057768,0.14279401106578604,0.8685448451418467,0.8871029272353701,0.11625403272300981,75.77941244840622,22.615225195884705,78.28470296567684
15,100,0.5,0.5,24,0.391042185669699,0.40463670877672,0.054862663970920114,0.15024630267278163,0.13661241643611927,0.10711481144165351,0.9323306740121797,0.9564389069423356,0.06583915928937072,76.01196561257045,22.578020930290222,78.64364485756873
15,100,0.5,0.75,23,0.37389845600389787,0.4006278867630635,0.07331911650582397,0.15188063180809738,0.1376372556984053,0.0934862622041397,0.8756254431746947,0.9355319615965642,0.15588945183588812,75.77556809782982,22.553252935409542,78.30895123208612
15,100,0.5,1.0,23,0.39674619707236797,0.4059364991625458,0.05454817677509477,0.13194108456557582,0.1138342111354112,0.09568303585161139,0.902200486245162,0.9185083666350131,0.12777496738879227,76.22177595893542,22.828529357910156,78.84260963382147
15,100,0.75,0.0,17,0.1826548780013138,0.1980276823406256,0.16678546415725484,0.40004411492706066,0.2420000957544126,0.3174380010053989,0.7264837724521378,0.7655107345647244,0.184155634033866,76.14851025740306,22.80913865566254,78.73127339377673
15,100,0.75,0.25,22,0.35532280408646366,0.4036734620037641,0.10857271882381128,0.188176141797008,0.1453167014366294,0.163306207091125,0.8628107043666841,0.9219537392148163,0.16667819711509643,76.10853961110115,22.828166961669922,78.68791838526552
15,100,0.75,0.5,23,0.3637878500651994,0.401703531995907,0.09617059252344447,0.1792051113920683,0.1335225344870888,0.1697009145841718,0.8849613911832771,0.8878270042872092,0.12699330765552788,76.25970538457234,22.79721164703369,78.89719132568212
15,100,0.75,0.75,22,0.3833348061839615,0.3990025298709078,0.060004938476482944,0.1490825061359945,0.13965196118253595,0.10189965259892822,0.872577324962518,0.9184041801739816,0.15934632083856393,76.07502263784409,22.79923915863037,78.64025232830055
15,100,0.75,1.0,23,0.39442811854215626,0.4060746323094972,0.057820338498516276,0.13533607345334037,0.1138342111354112,0.11555437727788803,0.9034954447847313,0.9425768849100655,0.1228144648493338,76.16530797878902,22.816458106040955,78.77509479229558
15,100,1.0,0.0,19,0.20459926972331777,0.2032790432524134,0.14935079620186406,0.3441771686712672,0.2403728811490532,0.27434949718493823,0.7336360596251823,0.7838520206768853,0.18709930048457504,76.22051431735356,22.831427693367004,78.8467697852004
15,100,1.0,0.25,24,0.3069358974363456,0.3463568517909753,0.17575661511940419,0.24197775148527742,0.17574497037273185,0.22800348300664053,0.8558495463579686,0.9173720553303863,0.1612858025550698,76.14583606521289,22.795501112937927,78.73442088171656
15,100,1.0,0.5,23,0.36451094294067465,0.40915380187118,0.09549860679701494,0.19016580526015078,0.1473883924978995,0.13788957389443066,0.8968513174848504,0.95154013677777,0.13716723680672635,76.17449523011844,22.822745203971863,78.7690264649082
15,100,1.0,0.75,24,0.3932527130437307,0.4079426707156369,0.05337867613280142,0.12914020894077252,0.11504570479372285,0.10836089519220504,0.9156456350282342,0.9425768849100655,0.08158693745832707,75.96248525381088,22.792863249778748,78.49965316063279
15,100,1.0,1.0,24,0.3945173316027147,0.40553874494317144,0.05394079846702847,0.12521954004053656,0.0914614173397767,0.108911415861201,0.9142542032459661,0.9166365734106043,0.0746824281515496,76.05031335353851,22.797162413597107,78.61887773050728
20,5,0.0,0.0,17,0.1485776253367468,0.185383001001158,0.13268015008456518,0.4509994051340598,0.377754437344445,0.2814913213174009,0.7434022065938425,0.7666829384739412,0.14277454606703388,5.0863668123881025,1.5076183080673218,5.278376836038104
20,5,0.0,0.25,23,0.36127912115224187,0.3988178078679877,0.111067898001785,0.19704472813980398,0.1500887801414229,0.18619164211963385,0.9011944141360932,0.9510901510346201,0.1196906728765815,5.0742963055769605,1.4930756092071533,5.25726804340376
20,5,0.0,0.5,24,0.3955667049849158,0.40919141741445997,0.051781175546329286,0.15025566900175027,0.14330156485753634,0.07498468991338537,0.9413890789715819,0.9693645774569688,0.0625391677714947,5.0751713514328,1.4878566265106201,5.266019027746942
20,5,0.0,0.75,23,0.39105386275309995,0.4170430495835477,0.09972726302663854,0.16622290820190566,0.1297876768189155,0.1595670193201658,0.9241435931180476,0.9710874015316591,0.13028111795515923,5.068106641372045,1.4828935861587524,5.250633433193516
20,5,0.0,1.0,24,0.3615898786216922,0.4121734660304006,0.1355968830517083,0.21546124730920127,0.12348386820722651,0.22597150289819148,0.9386410045525855,0.9688203412649289,0.06695119794941544,5.078133255243301,1.4903841018676758,5.265345412394304
20,5,0.25,0.0,23,0.28007927738201244,0.3080736569584447,0.17159607730486243,0.29237410150972026,0.1537407127133587,0.2833683058092512,0.8323381419171567,0.8554289996064621,0.14944142767504978,5.078355958064397,1.4838027954101562,5.259246439288536
20,5,0.25,0.25,24,0.3898202288922339,0.4094821371446292,0.06367780496955738,0.15068754289909483,0.1432987655908024,0.10227336274038873,0.9303280006835627,0.9406496278015775,0.06588799386575532,5.1058047115802765,1.479843020439148,5.2985707939278255
20,5,0.25,0.5,24,0.3676307895155999,0.4104728929099586,0.11224200066514443,0.19191299113104895,0.1248810554983065,0.1637168996011932,0.9271745701622489,0.9657881662074599,0.08599995093235782,5.073870996634166,1.4629958868026733,5.247066509195304
20,5,0.25,0.75,24,0.3893442697823424,0.4136073920245624,0.0966097381267218,0.16025107678515219,0.1210296184194756,0.15997774171132748,0.938939616349837,0.958883648416313,0.06146971196742906,5.046100457509358,1.4772313833236694,5.230749833675291
20,5,0.25,1.0,24,0.41150292683811296,0.42088860041135845,0.049922631251246435,0.14134729185575937,0.11729485287192079,0.0929375689696157,0.9643531455319853,0.9751894665752697,0.02989333383533847,5.07578785220782,1.510975956916809,5.262084236765604
20,5,0.5,0.0,23,0.2775260100378486,0.3144024036436909,0.15480348480674846,0.2836661312164263,0.2669084942816266,0.23240603941464139,0.837948148956539,0.8572085776891223,0.14915174760844174,5.048914770285289,1.5031616687774658,5.22087530055106
20,5,0.5,0.25,24,0.3728695104218305,0.39849891857238173,0.09035385634512898,0.15946403246070942,0.1370850933795747,0.09643857373365737,0.9052030533043705,0.9065972138552576,0.11423839277092268,5.078453312317531,1.5229239463806152,5.253080757554044
20,5,0.5,0.5,23,0.3861273985422729,0.4108328857543313,0.0842555184200637,0.14866775585216035,0.1264965369587852,0.09953576422280982,0.8994871079702899,0.959641985450958,0.15544104026551053,5.072381983200709,1.526319146156311,5.250983909069916
20,5,0.5,0.75,24,0.4127392968719725,0.42241291516415846,0.04904777395833655,0.13159292461501237,0.1164318565358497,0.0811004791792621,0.9570715183589575,0.9744045454904324,0.03867179629766644,5.081209858258565,1.5305335521697998,5.2689710576126725
20,5,0.5,1.0,24,0.41626974810725387,0.41902166086732007,0.030196395509733312,0.12490439195095558,0.13382821256270977,0.04587939518829657,0.9574438881654634,0.9750512525366334,0.0376094235181033,5.103975931803386,1.535819172859192,5.2983048317154235
20,5,0.75,0.0,23,0.3516059094073018,0.4099697510287761,0.12579911547954165,0.19967608469453837,0.1359178481274317,0.19518582098156415,0.8809287928070036,0.9058651235765489,0.14140865902447466,5.153385986884435,1.526708722114563,5.3643200224077985
20,5,0.75,0.25,24,0.3776101374124765,0.4038267351924073,0.0943087916150026,0.1530210935345251,0.13361836335356395,0.09991378457043494,0.9082413683594782,0.9319434177040324,0.1251416503950263,5.098053127527237,1.5284473896026611,5.282970833599857
20,5,0.75,0.5,24,0.40887566005277937,0.4237841461039638,0.053697881495874906,0.13417564016916483,0.123630680791519,0.07207091651108216,0.9519269602747236,0.9746226591377252,0.05047049070615901,5.118834386269252,1.5191383361816406,5.30979793454598
20,5,0.75,0.75,23,0.409854255327041,0.4242183189198951,0.05167026270086334,0.13845884201232225,0.1234980922232604,0.08397466284026538,0.9516464907497486,0.9703213418704906,0.047858608052730275,5.108525077501933,1.5201466083526611,5.2926705725817085
20,5,0.75,1.0,24,0.41328588631573376,0.4229921144320069,0.04588648899672628,0.1269343807044114,0.1115810052908674,0.08521151495818838,0.9535061533358791,0.9734403289005025,0.05826425733973423,5.113846659660339,1.5059853792190552,5.305092769702841
20,5,1.0,0.0,24,0.3251576133818243,0.3633759925820894,0.1219519958858769,0.22750892475039497,0.16864328975264276,0.1984355501171192,0.8778241515140436,0.9081953961344168,0.10610431916384643,5.12415627638499,1.5168458223342896,5.319707245009648
20,5,1.0,0.25,24,0.37381374750089996,0.4007929466692281,0.07052090810813101,0.15691743071664746,0.1379550130752984,0.10220274749865317,0.9045449257184476,0.919052344421457,0.09467868244028915,5.110019534826279,1.508220195770264,5.298009981749895
20,5,1.0,0.5,24,0.39976530890417034,0.4146031094875175,0.046722106768732334,0.15641063885008813,0.13506703880917695,0.07504346595804949,0.9559412566584288,0.9739139807577708,0.04026391551764219,5.078452169895172,1.50180184841156,5.257771053067454
20,5,1.0,0.75,24,0.4131438215870779,0.4232479707267913,0.043771332994814796,0.13193325534437908,0.11226426202600726,0.07976483159827057,0.958220898518535,0.9735730654137538,0.031809628640621423,5.098445276419322,1.5052368640899658,5.293998443323001
20,5,1.0,1.0,23,0.4081967372169844,0.4196201686262178,0.050071626357116525,0.1363836565145536,0.1334906699863991,0.07983474157544383,0.9291261795140072,0.9748900682519956,0.1233242127561987,5.084327012300491,1.5052987337112427,5.270660106957353
20,10,0.0,0.0,15,0.13727951758916712,0.1731789719650219,0.13576885856409376,0.45932937616776176,0.3674494486994487,0.31406348935389383,0.7061426278225088,0.7556715644917613,0.19261003928236842,10.12983704606692,3.0142041444778442,10.50960247690938
20,10,0.0,0.25,22,0.34914645492741914,0.4014814511389878,0.10354727113483973,0.21149245781903445,0.15584167611085326,0.13987874398953695,0.8814126512479477,0.9458156349482062,0.15840557265402042,10.0663154621919,3.0289690494537354,10.422261490514092
20,10,0.0,0.5,23,0.3581623138766026,0.4041075977519977,0.1308118647075596,0.19963353197878406,0.1394000719188299,0.19328803163080127,0.9097099030764896,0.9429095593540096,0.10023598571949002,10.16227713227272,3.037933707237244,10.561763649391636
20,10,0.0,0.75,23,0.40822000518976037,0.4133891184337023,0.04470806913044394,0.14603476946635147,0.1300058451160933,0.08375187491771477,0.9542883306856277,0.9749085750228126,0.05154946737798617,10.028729051351547,3.071000576019287,10.353765854968522
20,10,0.0,1.0,23,0.383286836301854,0.4140019929558848,0.10690006428755747,0.16984854337139205,0.125368345970432,0.17134985267451222,0.929321290309471,0.9590706972872,0.0722038038852968,9.960517058769861,3.059001445770264,10.264860994322353
20,10,0.25,0.0,22,0.23338316722739305,0.2667674984731684,0.14161607187825,0.299411051684624,0.2166591240446301,0.24141336630486615,0.774303476976999,0.806996066103209,0.16145076023271848,10.027589480082193,3.0416202545166016,10.352892961023421
20,10,0.25,0.25,24,0.35181201349990937,0.4140682898650414,0.13908978230839528,0.193137947433303,0.12394515440825415,0.187425100977496,0.8967619744331218,0.962998515706048,0.14837949585136895,10.02854534983635,3.0536911487579346,10.322333039034431
20,10,0.25,0.5,24,0.37360533728605533,0.4149187883236283,0.1303571610081076,0.18870824782878118,0.1302716938948829,0.21057647043449046,0.9359189224008918,0.9702932662047441,0.07019367514202819,10.011834422747295,3.054818272590637,10.301480206120068
20,10,0.25,0.75,24,0.3773234828901648,0.4115168563480534,0.11364441266188337,0.17252697489311386,0.12192657701384585,0.16958831763276475,0.9271739406734435,0.9675219743001945,0.08862213381975416,10.025850653648376,3.0381457805633545,10.315927590305147
20,10,0.25,1.0,22,0.39519849446854355,0.41765253893657145,0.10626523882342691,0.1641190497753244,0.12093493574915065,0.16905361973817645,0.9222748774166956,0.9712088713131567,0.13430617496820707,10.049204786618551,3.019121527671814,10.358917202556869
20,10,0.5,0.0,20,0.20090050564769898,0.18955148443050418,0.1495473192715401,0.3010970450836237,0.26832391286986945,0.2255472849330821,0.7023958584801684,0.7806081326532937,0.20021980671550055,10.012439787387848,3.0151820182800297,10.302971730363925
20,10,0.5,0.25,23,0.40047919374126945,0.4122008269417755,0.05739718491656273,0.14415289003744505,0.1257128508587412,0.11295514950645892,0.9211187107937125,0.973964725301104,0.1325973136749145,9.987329989671707,3.0518769025802612,10.26887386491982
20,10,0.5,0.5,24,0.4020334078168191,0.4123649388742897,0.057441920176947214,0.13899826920215813,0.12217326420573041,0.0975993565237171,0.9430650848357965,0.9627305663724298,0.04591614381485002,10.03926811615626,3.0379847288131714,10.338850621001315
20,10,0.5,0.75,24,0.41100828593953526,0.4199157043462007,0.052887643691622944,0.132064677470243,0.12804766795038847,0.08791041833572563,0.9540812493493136,0.9756192439992852,0.050452128935555195,10.011953274408976,3.0163698196411133,10.307460194325403
20,10,0.5,1.0,23,0.4127687958812902,0.4215499411963283,0.04748228562113485,0.12515570916512833,0.0962962962962962,0.08254671067953023,0.9246283659069882,0.9751340534168005,0.13613411200585937,10.049019406239191,2.9467693567276,10.393064187490058
20,10,0.75,0.0,21,0.31019604582508137,0.3746509923218841,0.14560562788981257,0.23535879974405147,0.1453559548869836,0.2306729316826216,0.8280686761940838,0.8918352538043095,0.1692421994959819,10.032911549011866,2.946209669113159,10.369969794198049
20,10,0.75,0.25,23,0.378369381146939,0.4098107091217766,0.08831576938738767,0.15318871230432737,0.1214351572232893,0.09864075723663775,0.9061904171248675,0.9283708340287247,0.1127550213390726,10.023814777533213,2.9566341638565063,10.36718850836302
20,10,0.75,0.5,23,0.39585123737977,0.4108328857543313,0.05911995903830397,0.13128162626818743,0.1162571984520345,0.08939360428076126,0.8980737160028394,0.9319618961320544,0.14113017927644994,10.179569562276205,2.9404823780059814,10.54361735307452
20,10,0.75,0.75,23,0.4039073942947385,0.4136107599121446,0.04953837806226613,0.14924174905892973,0.1297876768189155,0.09145590284579597,0.9327181128894875,0.9754790961226666,0.1261681348145658,10.198999265829721,2.9556342363357544,10.575467237762608
20,10,0.75,1.0,24,0.41132512730958243,0.41501091588400174,0.04619145518324706,0.12527406867625804,0.11717003202002685,0.07968892516368553,0.9479243232954232,0.9685162641712548,0.04272928009350042,10.207832763592402,2.9617823362350464,10.587491114126571
20,10,1.0,0.0,21,0.2136163498707067,0.1850039388250382,0.15022432261738417,0.33041979040984915,0.2833897509782861,0.25677638881484494,0.7477256907871167,0.7889861146893811,0.18156682007898797,10.20093341668447,2.9805160760879517,10.60274791909064
20,10,1.0,0.25,22,0.35331254561005415,0.39165631789207334,0.09899770011166346,0.18846378267544203,0.1518080368360884,0.11279675442580218,0.8637590170401372,0.9394068661786688,0.1822264647238212,10.185643464326859,2.9584648609161377,10.59376944064205
20,10,1.0,0.5,23,0.38331523756775576,0.4091535651674818,0.06866178331023985,0.15154104838749177,0.1361523039521123,0.1037615355781155,0.8952995519731966,0.9426687686525193,0.14126322182215248,10.261494904756546,2.9517117738723755,10.703633961130265
20,10,1.0,0.75,24,0.39549618720456853,0.4143895698357415,0.05712413808614002,0.14032942638776238,0.11500978938002175,0.10499590954102025,0.9313218007968995,0.955865832216158,0.06389172790878939,10.26297159989675,2.941936731338501,10.705275612358173
20,10,1.0,1.0,23,0.40840169675303195,0.4184968173323795,0.050386602636099107,0.14345939034492944,0.1257702884396725,0.08975007969462558,0.9359130531346113,0.9747845302099515,0.12413237854057785,10.160563468933105,2.944089412689209,10.560496004896843
20,15,0.0,0.0,15,0.12988400952169984,0.1601237020778939,0.13028976885980523,0.47639820176643466,0.3242921322211652,0.30571993222058597,0.6996890285809204,0.7181846193323496,0.18179093436585372,15.19729495048523,4.4867905378341675,15.81604537750998
20,15,0.0,0.25,22,0.321155124956926,0.3985109777581062,0.13324250834301438,0.24374831875095018,0.1565764717114711,0.20337076879695581,0.8751574938590414,0.9244215862441068,0.12987965797611048,15.192763477563858,4.4814605712890625,15.810013604552687
20,15,0.0,0.5,24,0.3625283073886508,0.41713387275111363,0.13710305685175447,0.2065935846481639,0.13543786481676415,0.2183744584342423,0.9316501994254657,0.9643130893992127,0.08856289270973859,15.15170019865036,4.500606536865234,15.745885013357867
20,15,0.0,0.75,22,0.3536214029350356,0.39032573988445696,0.11644353682363288,0.2164740531631404,0.15547085833715035,0.17703223755741976,0.8939838565948905,0.958311265410969,0.13996334888909273,15.258309533198675,4.479816198348999,15.863005124972076
20,15,0.0,1.0,24,0.380184309532102,0.4104142431155928,0.1083751845609284,0.1805265443306366,0.1256503537663567,0.1729944405388148,0.9408951633948407,0.9731484845695667,0.06478835551643988,15.25270343820254,4.482009291648865,15.859496934173869
20,15,0.25,0.0,21,0.20589039359783357,0.2501990978588185,0.15417599913910926,0.3501714410595549,0.2721512666278665,0.27432622750888824,0.7713618042206738,0.8080225046305124,0.1623555373979327,15.310884912808737,4.484900593757629,15.943159135235657
20,15,0.25,0.25,24,0.3810428927712855,0.4134640335361368,0.08138383566434025,0.1804956744664402,0.13712729144050664,0.12255380970017535,0.9425814600090113,0.9644718390939817,0.06496836797527301,15.278306643168131,4.484136939048767,15.904158183517916
20,15,0.25,0.5,23,0.3943809049930999,0.4148817170005976,0.06561678377436177,0.1545501741160332,0.1257128508587412,0.11127897541738513,0.91933405391242,0.9740088385057426,0.1371145800691466,15.312682916720709,4.482448935508728,15.95066499758198
20,15,0.25,0.75,24,0.3970892673187627,0.42324696038465504,0.0895695020402762,0.13429107083668768,0.1175110416389321,0.08751059245882198,0.9284696054742132,0.9742043009593397,0.11468377668671005,15.311131050189337,4.488447666168213,15.944222003652815
20,15,0.25,1.0,24,0.37118873399627605,0.4178999003025835,0.11226953663889973,0.1829026984176334,0.13623389631471494,0.1705235010958814,0.9252801664101855,0.9752733049361153,0.09715153104538325,15.338997175296148,4.49038290977478,15.974976404476251
20,15,0.5,0.0,18,0.29198892620426264,0.3057895401985523,0.13752944533757794,0.22682283727819913,0.1595550074699274,0.18702577609681342,0.7882084374853274,0.8784733467633373,0.19068712821906597,15.266388873259226,4.49601423740387,15.873570592179854
20,15,0.5,0.25,23,0.36836650080660543,0.4094750914780234,0.07651586010649016,0.16842610384749132,0.1495083807713174,0.09057080490186832,0.9050681506696808,0.9695036778451354,0.1112652063915024,15.243660628795624,4.498661637306213,15.850586551484142
20,15,0.5,0.5,24,0.3822599016849419,0.41173915771509,0.09310117587844749,0.16790853712139756,0.12775026383882837,0.15594702515367162,0.9324283404912813,0.9471469580111118,0.0648893460367691,15.268897712230682,4.512739539146423,15.862497428853034
20,15,0.5,0.75,24,0.3916776870387609,0.4142302297934538,0.09987294328863179,0.1611915446874353,0.11516635738543775,0.16640954092212026,0.9445469187649572,0.9752255993471275,0.0652629186082323,15.331321020921072,4.500890135765076,15.941353282342881
20,15,0.5,1.0,24,0.40986239320049317,0.4178786684784209,0.04775782037321911,0.13404790476182443,0.12338399014648525,0.09694224448536228,0.9537726911628108,0.974143259232332,0.050707743916246835,15.261842558781305,4.411904215812683,15.8607673589104
20,15,0.75,0.0,19,0.2120786217930383,0.2129767507708049,0.13881308054806407,0.28896767377082955,0.245616026155192,0.18241724334762832,0.7130859871795332,0.7496562770712746,0.19208363580359258,15.215360969305038,4.468905687332153,15.795007948645539
20,15,0.75,0.25,24,0.3733894471297718,0.40836065130798205,0.07736676695428756,0.15896634048791558,0.13733139944677525,0.10691667705729234,0.9057452347474592,0.9744156624114145,0.11630288821930426,15.266680280367533,4.476054787635803,15.869695469872008
20,15,0.75,0.5,24,0.39699381978985954,0.4108848061840797,0.048234589086677694,0.13903818134842366,0.12059273905206686,0.09634083786168025,0.9330258209281429,0.9743768393104031,0.06738442880194076,15.270838250716528,4.472681283950806,15.885308748310104
20,15,0.75,0.75,23,0.39691138588110236,0.4108328857543313,0.05435235340326925,0.14165662480285537,0.1136096797011202,0.0942652686415582,0.9143122355609964,0.9564855826215356,0.11951545047328149,15.218759387731552,4.456700444221497,15.81788615042782
20,15,0.75,1.0,23,0.4007598685886142,0.4184968173323795,0.0619721712797866,0.1527702365519647,0.1297876768189155,0.09679328541111369,0.9297734740344202,0.9742038491719818,0.12729889439326958,15.187408119440079,4.4778454303741455,15.77574158559375
20,15,1.0,0.0,17,0.15684960727798694,0.1779701065123814,0.14178779389968593,0.41565102021382844,0.3428556954529494,0.2919279117802946,0.7045036829532374,0.753353982559984,0.17482192567726168,15.206861317157745,4.4848527908325195,15.790460151067665
20,15,1.0,0.25,23,0.392690033522718,0.4108328857543313,0.06304255072173014,0.14342238057257206,0.124074074074074,0.11405538826516953,0.9211770810836598,0.9415410628772459,0.07609227788480916,15.223220666249594,4.490994334220886,15.825971277777954
20,15,1.0,0.5,24,0.40582435540673645,0.41769438827163935,0.04608118557713728,0.13463851524951317,0.12574156964920685,0.09097268049469401,0.9462872260629861,0.9747062620147,0.050647239357492047,15.278926561276117,4.507014632225037,15.899918343907448
20,15,1.0,0.75,24,0.3986215876479342,0.41032179743805397,0.05736229432305103,0.1413424090495999,0.11504570479372285,0.11077354059436194,0.9385855843454683,0.9735181245666722,0.0629276086264385,15.209815293550491,4.493351340293884,15.813054500552445
20,15,1.0,1.0,24,0.40519947593248756,0.41564924679554455,0.050809709311818725,0.1251937092083099,0.11512176362135,0.0881828453229432,0.9355926610732852,0.9655312826322231,0.06834905060567689,15.264065444469452,4.509913444519043,15.882627548119277
20,20,0.0,0.0,15,0.13252570954786433,0.1659445132903358,0.1310915007951755,0.4611715582250227,0.3315270953665853,0.31245169184848565,0.7241419375948851,0.7668566909013349,0.1688830291028541,20.18858481446902,6.0823915004730225,20.877956959193213
20,20,0.0,0.25,22,0.32999804299150026,0.36713273342054686,0.14527870999316442,0.2290392075292413,0.14974138153960254,0.22420568139529398,0.8792615190528883,0.9114447545772097,0.11622687275835145,20.16690969467163,6.101189374923706,20.846220707266642
20,20,0.0,0.5,23,0.36906416670967385,0.4098107091217766,0.1024550914746802,0.18769431166520842,0.1568249524645204,0.16078488468847224,0.9191633682060331,0.9715761913298511,0.09936983183147345,20.189565986394882,6.095906972885132,20.878261121294965
20,20,0.0,0.75,22,0.3795599959302893,0.41413127094860136,0.11177114157561822,0.17914311172332822,0.1319982762131084,0.17892560595660123,0.9101716158837744,0.967885342814186,0.1232174626538522,20.262496014436085,6.091050028800964,20.986009655681688
20,20,0.0,1.0,23,0.3641504887455572,0.4099956004768543,0.13504698342485583,0.20518871036977143,0.1234365264365264,0.2202422649206622,0.9265109508666823,0.9664112534375415,0.07613135935723275,20.19108185172081,6.089907765388489,20.87559057061993
20,20,0.25,0.0,20,0.21631882415932333,0.18658462322221514,0.14169921423400955,0.3213504141917267,0.2581870612548841,0.24366235454228788,0.762102155266581,0.7868478961893104,0.17001280938390712,20.160278230905533,6.088274121284485,20.839677454007838
20,20,0.25,0.25,24,0.3381508045503571,0.3720081844233988,0.1267641066856221,0.21115365791689958,0.1552104599632304,0.17997957224499875,0.8874552670176139,0.9392336150225962,0.1341082094883257,20.189866691827774,6.081636905670166,20.879620056051653
20,20,0.25,0.5,24,0.39054736776751825,0.41915475348135056,0.06674258715996784,0.15410426416817452,0.1343474800754451,0.09780631066526999,0.9351989997032111,0.9700172376728821,0.07818330579519257,20.117638299862545,6.073607683181763,20.77916332847773
20,20,0.25,0.75,23,0.39763872808644135,0.4197318714954017,0.08604849268681582,0.1389316678742377,0.1190272627572003,0.08534855415575461,0.9071893575549375,0.9752137537325198,0.17400558159815668,20.256019949913025,6.083954691886902,20.977066260488275
20,20,0.25,1.0,24,0.4126114352484201,0.4154448285817782,0.03644952284055891,0.1149565642675332,0.102074493921536,0.07031385410066765,0.9401794347643735,0.9750060196133381,0.06375044132395657,20.20660822590192,6.091862320899963,20.899301023235424
20,20,0.5,0.0,20,0.23177524737730576,0.21349122213001034,0.1464274779392833,0.28849496528809887,0.23296977305652788,0.21859852660910747,0.755277632046174,0.7781087265218167,0.17331386982496927,20.16891112923622,6.07875657081604,20.853350015144525
20,20,0.5,0.25,23,0.37904167095879987,0.4151401147674059,0.09354432347036155,0.1656097329579877,0.1172418146354363,0.12384386258675849,0.9005325992368846,0.9566620817423463,0.16056576935475123,20.207869907220203,6.086096525192261,20.903295461095293
20,20,0.5,0.5,23,0.3949933670849078,0.4093841680180936,0.05380464006293336,0.14762748655646915,0.1326050046756785,0.09228037770903516,0.9139321367930079,0.9676279132952894,0.12854518853143287,20.14957709113757,6.061178207397461,20.842903183894794
20,20,0.5,0.75,24,0.3956848209321316,0.4163447410144016,0.0556749394283164,0.1494892232149501,0.1368947798252588,0.09737397150322966,0.9408588650792132,0.973055941123712,0.0733749913461793,20.182050675153732,6.053627610206604,20.881215640645177
20,20,0.5,1.0,24,0.3995410731347488,0.4108848061840797,0.055763279944839914,0.1371330887966419,0.11899148674107099,0.0888998603211952,0.9362152350661396,0.972279474923347,0.07530873411582681,20.225841611623764,6.044244050979614,20.94722995973307
20,20,0.75,0.0,18,0.2206565728886283,0.2223744446317003,0.12272086002495086,0.2953183406450482,0.25745282844545003,0.19097176083947487,0.7382960354516493,0.7730138849039365,0.17698726574459014,20.069983462492626,6.024439454078674,20.725077267688064
20,20,0.75,0.25,24,0.34045801094570444,0.3336880546062053,0.08321862214428119,0.19285632139744724,0.1699033216260094,0.11661431988143801,0.8737723432888561,0.9019166392658099,0.11277746421336629,20.117866198221844,6.021021723747253,20.790837735373863
20,20,0.75,0.5,23,0.3932746161679947,0.4098107091217766,0.05723526291245217,0.14850158442979328,0.1450631011804826,0.09958958950357963,0.9114171018816548,0.9605030788798912,0.13144799153065712,20.189046611388523,6.119561195373535,20.885379843512382
20,20,0.75,0.75,23,0.4011656291773692,0.4143245019744374,0.05691041662681258,0.14387307553501305,0.1214351572232893,0.08792716097388953,0.9176442026135612,0.9698373844398678,0.14934251480743257,20.173242529233296,6.112191796302795,20.857850346990045
20,20,0.75,1.0,23,0.39851450036271396,0.4088380070080704,0.04856551470575615,0.13533590839951665,0.1162571984520345,0.09741754285511112,0.9094794847189848,0.9467979069889833,0.12669796137379694,20.21981672445933,6.153553485870361,20.90719373735217
20,20,1.0,0.0,18,0.21140019832045912,0.2360854801853231,0.1396337919492709,0.3003579742660157,0.25685584922799787,0.23806144152850078,0.74191663772806,0.8038752974779784,0.16667500242816932,20.176773538192112,6.19922399520874,20.84689492875809
20,20,1.0,0.25,24,0.3590066850634947,0.3905189570743661,0.08287765737747758,0.1575704198281864,0.125948678885103,0.1118176322957938,0.8755837899551758,0.8929865172718675,0.11008263240144701,20.128443479537964,6.215511202812195,20.778518225681793
20,20,1.0,0.5,24,0.3991703624919228,0.4100929674259008,0.05535662517833771,0.13577221203780573,0.129617692672915,0.09941546130398465,0.9341129370216515,0.9641901681253904,0.06574988844962633,20.18001128236453,6.240112543106079,20.85700239543409
20,20,1.0,0.75,23,0.4021772277554896,0.4103999732237241,0.05419956172047236,0.1403164544570254,0.11634638598021,0.09695327160670689,0.9206363578671177,0.9624445968463884,0.12668462335129302,20.112201809883118,6.229164123535156,20.76995192010265
20,20,1.0,1.0,24,0.4050255412975763,0.4180641083163914,0.05405838217532123,0.14107679569099002,0.12098502465538785,0.10371267244702023,0.9511278782861426,0.9748247953103772,0.06107222037272345,20.103251059850056,6.254470229148865,20.745320159235266
20,50,0.0,0.0,16,0.12844713905545163,0.16348594470829353,0.13730168131569417,0.46358760965534546,0.38497189937502674,0.30895393263790233,0.7031179245763267,0.7499893869809191,0.1730388747560188,50.01600889364878,15.25744640827179,51.73862817059158
20,50,0.0,0.25,23,0.3301132477830135,0.3757144586578547,0.14191184247271402,0.2166787538931361,0.1559607392400595,0.18288567503503284,0.8722841973983647,0.9577563003900905,0.16453467013074421,49.90614498655001,15.063363313674927,51.59191770786169
20,50,0.0,0.5,23,0.35832456876952606,0.4093530490974703,0.12261109845232647,0.21963524151515035,0.1556527505260173,0.20302901261816034,0.9291891965936107,0.9685023344373858,0.07736236993810992,49.93972245852152,15.051144242286682,51.6379331552504
20,50,0.0,0.75,23,0.38053367060251947,0.4143245019744374,0.1104284012995663,0.17245637099084338,0.1334906699863991,0.17413252638408522,0.9265435575210539,0.9636397246622025,0.07947370185121251,49.93362799286842,15.071655035018921,51.65953376190824
20,50,0.0,1.0,23,0.3657293541067745,0.408887364917381,0.13114337036922,0.2021529402148699,0.1210551294342293,0.22189139476622688,0.9266278297439016,0.9590614466412624,0.07267181273906452,49.91763719916344,15.037389874458315,51.64090101821098
20,50,0.25,0.0,18,0.19506657122336613,0.20946879796554985,0.15866081504756,0.38863736832675627,0.2877666466354497,0.29709588651957153,0.7378141696745754,0.7977570948167525,0.17733275282869151,50.04188588261604,15.049872756004333,51.7984553586941
20,50,0.25,0.25,23,0.372988846275953,0.4050852374870987,0.08666847568154536,0.1661516559313932,0.1542876050875248,0.10235795894677939,0.8896789004689091,0.9449233199803091,0.1577934014542012,49.926862905422844,15.023135542869568,51.64741899538192
20,50,0.25,0.5,24,0.3939072547449518,0.4143913331994412,0.060358577815978004,0.15032616472577062,0.13550345472979541,0.09522790430125684,0.9381406742156743,0.9748001348586287,0.07705714192949246,49.98462375998497,15.010046601295471,51.7336910986228
20,50,0.25,0.75,24,0.3984670094462058,0.41284354278632035,0.058285788630144164,0.14643166788483516,0.1145243445268522,0.09955130216848182,0.9433656867772467,0.9715790003455169,0.05932497190612509,49.967363744974136,14.99031376838684,51.70976407456917
20,50,0.25,1.0,23,0.41149671383253605,0.4242183189198951,0.05266060155471836,0.137750982824895,0.118920240871275,0.09482907122165996,0.9366765068604647,0.9751076343679113,0.1227700777316853,49.885421792666115,14.99668037891388,51.598969133076864
20,50,0.5,0.0,18,0.2599386345601494,0.24920942880672908,0.16384133501483508,0.28248823867441714,0.17169927608717245,0.25854220038636394,0.783489559135098,0.8474684579672382,0.1885423624796209,50.006746957699455,14.988573908805847,51.76369948933726
20,50,0.5,0.25,24,0.3235098578643483,0.34780978899858517,0.13083383196585793,0.23164450771566003,0.2031320561794837,0.17179655367368885,0.8786642234443568,0.9179998146480504,0.14288043880900816,49.87326895197233,14.99655532836914,51.57671558468881
20,50,0.5,0.5,23,0.3765077526879546,0.4093841680180936,0.09154289175277604,0.1516973877136847,0.1300044352615893,0.10970897228830549,0.8824016978078458,0.9568833689520634,0.16489491249641358,50.07831977804502,14.975348711013794,51.873319875543125
20,50,0.5,0.75,24,0.3975880928337577,0.41032179743805397,0.05825538769175171,0.13983506118083053,0.12098502465538785,0.10271232047406871,0.935011246848346,0.962998515706048,0.06410847200081528,49.91719974080721,14.985066294670105,51.63239234980987
20,50,0.5,1.0,23,0.40125249779240824,0.4109362498024584,0.05222739697148869,0.13130827971817144,0.113762380308009,0.09681982670148964,0.9102311246464767,0.9580313719311266,0.1300484692849916,49.71876681844393,14.80472457408905,51.47890512143711
20,50,0.75,0.0,19,0.2029087013877838,0.2097821774499884,0.14056095687686376,0.3561906667569732,0.2841802484048931,0.2528100466057548,0.7607867515352914,0.8263089160102954,0.17364675169195634,49.900871098041534,14.797334432601929,51.73687250934078
20,50,0.75,0.25,23,0.33841617178981914,0.3951039158432015,0.11494180365942414,0.19483724544792996,0.1471576959415191,0.1780440589327042,0.8532048207978843,0.9329034253946544,0.1578827930043278,49.89055549105009,14.78472089767456,51.72122902132365
20,50,0.75,0.5,23,0.39271625692546763,0.4108328857543313,0.06003278755738819,0.14237905539909895,0.1376372556984053,0.10242531648281138,0.9070075518444142,0.95243825391341,0.12299010000006085,49.95621264974276,14.778745174407959,51.8253086426109
20,50,0.75,0.75,24,0.39738964907478963,0.408159259238442,0.05297815415711296,0.1299065890168604,0.1068140979613888,0.0938370413433602,0.9246858871664396,0.9428207523189267,0.0662000757396281,49.96610880891482,14.774492740631104,51.83486058488304
20,50,0.75,1.0,24,0.39634912628669855,0.4055030125976269,0.05128319219053185,0.1347906523560031,0.1137982957217101,0.10618079252827338,0.9274889049294003,0.9661309283382837,0.07274463026217069,49.766852686802544,14.763434410095215,51.549676604737186
20,50,1.0,0.0,18,0.16704800523064392,0.17629635290194373,0.1403005003965631,0.39441377534009836,0.3755759127353554,0.26219303526470783,0.7370521472833391,0.7714377024093387,0.1820078942530764,49.8850168188413,14.969880938529968,51.730777001972285
20,50,1.0,0.25,23,0.36400711766746363,0.3968276455426624,0.0918772915121222,0.15842103902798452,0.1339033933737946,0.1105549809284027,0.8603655205670065,0.910644195693396,0.17896079116772837,49.89243212342262,14.966216087341309,51.71474065218323
20,50,1.0,0.5,22,0.38019971729504826,0.4058787646259663,0.06154341619376633,0.1462927999186418,0.12447569532794425,0.09930231996828176,0.8808814960501009,0.9059996127913905,0.13874099635173678,49.88789359728495,14.948120951652527,51.70427972841129
20,50,1.0,0.75,23,0.4014655560964123,0.4108328857543313,0.05390235539688993,0.12776438350653802,0.1162571984520345,0.1027096313368589,0.9078796301861355,0.955865832216158,0.13006995298391852,49.84366454680761,14.944238424301147,51.628396085656625
20,50,1.0,1.0,22,0.4026915593486286,0.41427982099825394,0.05382307467318695,0.13529564834965493,0.11500978938002175,0.10892546133444729,0.8954267527935965,0.9648720252384688,0.16436177287799458,49.91576654712359,14.941131711006165,51.729800396814554
20,100,0.0,0.0,16,0.12629881596254205,0.1583696923582047,0.13002680506678885,0.48273091405579266,0.3613275647640972,0.31268767255862473,0.6862732671028823,0.7515529246911641,0.1884887986824137,99.6784694691499,30.531435132026672,102.86847460567616
20,100,0.0,0.25,24,0.3501676855901082,0.3983192373757241,0.12689666563195745,0.21680124940901835,0.1532065712169982,0.20368504199871998,0.9171366205892348,0.956151408775664,0.08251068138879487,99.72348098953564,30.472195386886597,102.87926819740105
20,100,0.0,0.5,23,0.3470778157555134,0.4063460142154526,0.12905931605982998,0.21885679112057035,0.1543833714488767,0.18158209158750782,0.9068869050219474,0.9609285842414661,0.12785340379618004,99.72973743081093,30.440529823303223,102.89081822742423
20,100,0.0,0.75,23,0.36814470566749696,0.4110147393815871,0.13656758253127227,0.19882016178696915,0.1196401437149035,0.23031791252147193,0.928063340908548,0.9577563003900905,0.07235054154010669,99.88650726278622,30.29542577266693,102.962306470306
20,100,0.0,1.0,23,0.36566072444238523,0.4109889511872205,0.13001002058510835,0.17645993618017622,0.1297876768189155,0.1779417345186649,0.9018738273539072,0.9566470543949318,0.12787805633493238,100.00298505028088,30.366144061088566,103.13430841431601
20,100,0.25,0.0,17,0.23735146250386366,0.2399396450409564,0.13505381183516935,0.31015654904129647,0.2427543902630336,0.24088910962908489,0.7454179485690516,0.7670546573872423,0.17427870124825146,99.98742885390918,30.32873284816742,103.11584328615469
20,100,0.25,0.25,23,0.32948292219188713,0.3296400148280297,0.11235913997955906,0.1966832342971699,0.1918304176915676,0.09192907907161177,0.8353237695503514,0.9139065891582943,0.19505408070891617,99.87253120541573,30.349406480789185,102.94018271452519
20,100,0.25,0.5,23,0.3797129073621721,0.4133891184337023,0.10456013759604911,0.16026900992388954,0.1347302628784862,0.1091564821987097,0.8967612767916187,0.9753027882088708,0.17555249095588812,100.03470475474994,30.332921266555786,103.15034657505903
20,100,0.25,0.75,23,0.39264457293186145,0.4108328857543313,0.06808262113850871,0.15724887440429805,0.1335225344870888,0.11468991286129422,0.918650778020505,0.9649978689870454,0.12849396705892044,99.9588464697202,30.30331575870514,103.06678870005192
20,100,0.25,1.0,23,0.3822329004593005,0.4101129000655859,0.10220157157061291,0.16471669141424125,0.1257128508587412,0.16133483878648058,0.9064296686265533,0.9491736180285758,0.12920298696313126,100.00255447626114,30.253233909606934,103.09685334116017
20,100,0.5,0.0,18,0.20077704362801044,0.1792162409674321,0.1544568766211148,0.3688832806333061,0.268863784990129,0.2753062990117511,0.7501872997298862,0.8019306797624074,0.17289416333511992,99.77730164925258,30.255863428115845,102.7691811305545
20,100,0.5,0.25,24,0.34713964865338665,0.3876848593201956,0.11731366323650268,0.179953825473379,0.13549142044156845,0.1262229632440201,0.8742331227801524,0.9551256290247103,0.1674160659857358,100.08895763754845,30.24482536315918,103.22200188538953
20,100,0.5,0.5,23,0.3970388976277973,0.4175723986603596,0.061527103398505076,0.15293019470377506,0.132612829951747,0.09649380657005349,0.923512437185309,0.968546592133728,0.1253842160444821,100.04601355393727,30.209575295448303,103.16958457181728
20,100,0.5,0.75,24,0.37760433245471003,0.4058332447366436,0.09240239346588637,0.15371221779665092,0.12098502465538785,0.16048641581492637,0.9089208827060711,0.9397754006750678,0.08393773150873671,99.93853304783504,30.193924069404602,103.01792054415843
20,100,0.5,1.0,24,0.3956467603196013,0.4134029284244751,0.06853956696642308,0.13486136476030705,0.11758871966165474,0.08666755555483499,0.9261548853995096,0.961188684103313,0.08595532371883609,100.37592937548955,30.55050027370453,103.54185168381059
20,100,0.75,0.0,18,0.170834526829038,0.1668771630132681,0.1680124587017524,0.42578559306041963,0.30738951384925844,0.3072413179063512,0.7583204823933691,0.785419553408806,0.16150417549976465,100.57836499810219,30.55362153053284,103.83299635441246
20,100,0.75,0.25,23,0.34678461196411353,0.391526182145756,0.1153849846109721,0.19311680798313144,0.1476758801685728,0.1714448904197912,0.8657038940559648,0.8939071263590468,0.14808776505370616,100.4683141708374,30.54069197177887,103.68513615777944
20,100,0.75,0.5,24,0.3893827133382612,0.4075366495601618,0.05386679456584466,0.15055985260738566,0.1368947798252588,0.10887812161059947,0.9293252792839081,0.9699873921083194,0.07106856515270192,100.555818349123,30.831427574157715,103.69965642509483
20,100,0.75,0.75,22,0.4012876117061669,0.41032179743805397,0.05392254968185181,0.1385106664780521,0.11630179221612225,0.10556715623750558,0.8957999487334476,0.9661309283382837,0.16348803425372194,100.67090292771657,30.77029836177826,103.85257187159199
20,100,0.75,1.0,24,0.39320085932083143,0.4079426707156369,0.05733451619326091,0.13288179022274146,0.11391026996303835,0.10175114324711147,0.9192835088644045,0.9304191377777554,0.06915421791206725,100.6850858728091,30.757545471191406,103.8690455909736
20,100,1.0,0.0,17,0.15906885585650846,0.1805092537157795,0.13056611564911322,0.40130244202369203,0.2721512666278665,0.29871439555297724,0.7187085623108128,0.7751421905661927,0.16902345525835874,100.59264936049779,30.791869640350342,103.72267334219666
20,100,1.0,0.25,24,0.3320311074274005,0.34950272823121176,0.0977196887032776,0.17912557211090716,0.155140785885789,0.11268884175209937,0.8431877869657082,0.8681170200515622,0.14987039506396987,100.53079171975453,30.731276869773865,103.66481831182955
20,100,1.0,0.5,24,0.3794634527808496,0.40920024170628266,0.09152461404276357,0.16503014418105325,0.12964641146338066,0.15449853274465167,0.9239570497427526,0.9695570791530709,0.0928466895190511,100.56398485104243,30.75059723854065,103.68544019649147
20,100,1.0,0.75,23,0.39518316195494224,0.4059649668699388,0.051650225185956876,0.1264038980463805,0.113762380308009,0.09921619193591323,0.8963826098942344,0.9166365734106043,0.12002739837655471,100.7568902472655,30.76966404914856,103.96563666908908
20,100,1.0,1.0,23,0.40020750555199525,0.4098107091217766,0.05377261488015944,0.12884329047015178,0.113762380308009,0.10106801349653197,0.906502319149466,0.9420035032028617,0.1276937484444768,100.48554120461147,30.782123923301697,103.5655989674235
50,5,0.0,0.0,16,0.13575559508539597,0.16738469898951058,0.1259486004839574,0.45323822277177656,0.3401149952888206,0.30090713757629883,0.718248616564887,0.756573870147255,0.15695990996448983,12.38618635137876,3.7090331315994263,12.848514642468004
50,5,0.0,0.25,24,0.4092128597067087,0.4238684354439159,0.0484439389658715,0.13994532050621866,0.1347263050515112,0.06983661056018724,0.9583710399196361,0.9735052286294601,0.03672717359005089,12.360164433717728,3.7166478633880615,12.815391507060722
50,5,0.0,0.5,24,0.41489663231145246,0.419852936065586,0.04135366114854186,0.12695345113233064,0.12017476482418371,0.07870613458753886,0.9567467157552357,0.9737865724213897,0.052944698256022556,12.398096084594727,3.7301528453826904,12.867468007396912
50,5,0.0,0.75,24,0.42438000956660155,0.4246335080851369,0.03524319696158407,0.12137680424118885,0.12329726513324521,0.06140216354026582,0.970136823374392,0.9756981070593547,0.02567448041640114,12.360855460166931,3.7399171590805054,12.846033188992005
50,5,0.0,1.0,22,0.3928721719595988,0.4157135932259979,0.09735026929190646,0.15669396508903674,0.1209471170025748,0.14637501169174502,0.9111451857386613,0.9666125977314587,0.13685623418355775,12.324979573488235,3.7563010454177856,12.790130779999838
50,5,0.25,0.0,24,0.366083214339159,0.3942456835325921,0.07234690188313597,0.18041920005071965,0.15258056564866734,0.10043273985605633,0.9125856287290377,0.9322689190423914,0.09279697934545586,12.45671663681666,3.7601354122161865,12.98327856260836
50,5,0.25,0.25,24,0.3978721244234031,0.41514723528341013,0.061827032397364236,0.15063844344457503,0.1291876465576755,0.08016656309578966,0.9463826922913813,0.9734067273513052,0.06831681139144415,12.27281908194224,3.7549149990081787,12.711119478626905
50,5,0.25,0.5,24,0.42171328481724024,0.42593895605711585,0.036450997314682626,0.12239828457627265,0.1193784186950908,0.05483486536024029,0.9658248542107531,0.9792904005665195,0.034305482055993874,12.351207753022512,3.7467124462127686,12.830008871936775
50,5,0.25,0.75,23,0.40858807160836424,0.4295563395205528,0.0842029408476117,0.131987779368595,0.1199532825966031,0.08229268648459245,0.9249421616253817,0.9781262075169479,0.16158901959544805,12.345983882745108,3.7366758584976196,12.822658068460145
50,5,0.25,1.0,24,0.427011839811438,0.42886569163305466,0.036513471895474485,0.11583886292034636,0.10443188569030651,0.062074289736063486,0.9698625425432224,0.9771879396361166,0.027050559771435372,12.360497663418451,3.7175730466842656,12.7982707607629
50,5,0.5,0.0,24,0.39691343194884987,0.4104530004156173,0.05759469074533885,0.1237885845517916,0.1220247062346161,0.07777607626929191,0.9176154484494914,0.9368494362883384,0.08440119982318163,12.389658133188883,3.7158169746398926,12.839333522344615
50,5,0.5,0.25,24,0.4079411627334643,0.41490500288041665,0.05361653392567646,0.13297561032852925,0.1185975486160197,0.09684009834772452,0.9488579357954579,0.9725393458950607,0.0614314934711589,12.36148371299108,3.7488666772842407,12.791773420163294
50,5,0.5,0.5,24,0.4173955045645443,0.42410667948991676,0.04512599029066809,0.12734428840033762,0.11320280869835925,0.07021279112969771,0.9621352975294263,0.9739256031075112,0.033991841690312365,12.359515637159348,3.73832631111145,12.807408483671388
50,5,0.5,0.75,24,0.4204648181618568,0.4282613204159081,0.0445278171964016,0.11727889827058198,0.10643962609693546,0.07205073259231201,0.9582085345942956,0.9758094949568925,0.05091954485605269,12.358978470166525,3.723347544670105,12.798929682192876
50,5,0.5,1.0,24,0.4253403259115401,0.4319851222029239,0.03639319113549692,0.11611353751077974,0.11289697980894076,0.06082372149567269,0.96679418933386,0.9776166977279397,0.03224001692180995,12.430622975031534,3.624950647354126,12.902647900700037
50,5,0.75,0.0,22,0.3996972178408533,0.4081595846139199,0.05779847050716123,0.1319469459042846,0.12027845986495884,0.09479021900176123,0.9110400484037346,0.9381416954279755,0.11208239311501234,12.468862434228262,3.6038659811019897,12.961860345358255
50,5,0.75,0.25,24,0.4095980110980568,0.41917149130325637,0.05504223464352401,0.13354321166635577,0.1186561639431319,0.0812838994841581,0.9527392338624695,0.9754668653620788,0.04844199297381136,12.448805203040441,3.605042815208435,12.933370875846204
50,5,0.75,0.5,24,0.41247474016903735,0.42198059569977286,0.050211018022574334,0.13147185382690021,0.1062609137330684,0.08907996804511595,0.956421334164975,0.9751061063947917,0.03980954520435794,12.541783064603806,3.7360180616378784,13.010657030776748
50,5,0.75,0.75,24,0.4192251410529042,0.4288304529632213,0.05023085854796295,0.12602472244523658,0.1084273964917867,0.0736212323401181,0.9644750045510451,0.9786627626986506,0.03765022383314872,12.561370700597763,3.7334748506546025,13.038711472394514
50,5,0.75,1.0,24,0.41931231498280086,0.4289179793798258,0.044220231674990416,0.12036519277056207,0.11225597282649599,0.07316698228171611,0.958989822736164,0.9748356563275065,0.03570435722311072,12.531242340803146,3.739708185195923,12.989458637645255
50,5,1.0,0.0,24,0.3894507967708331,0.4097477280382166,0.05624740453369474,0.1409435055391325,0.1160790287593307,0.09207049556483357,0.9198450990807988,0.9234723931095681,0.05284870110870418,12.580233643452326,3.738918781280517,13.059848517300217
50,5,1.0,0.25,24,0.4102629142050469,0.418065524294062,0.0463652390212309,0.13677314882287075,0.1179085127539532,0.08285288854990464,0.9572989772329646,0.9741175598368409,0.03548003957536211,12.570528199275335,3.7441505193710327,13.008327837014239
50,5,1.0,0.5,24,0.41684362725966007,0.4242035222432239,0.048821598116060586,0.13284595022948728,0.1122917501064602,0.08694864993965447,0.9665332047488074,0.975433924144676,0.028347400872627666,12.561268508434296,3.74891996383667,12.987147391348921
50,5,1.0,0.75,24,0.41909290681895434,0.4278671944539812,0.04750070827689894,0.1254233545256667,0.10979138047946549,0.08133136873515869,0.9636091681635754,0.9741175598368409,0.03055383980601267,12.554391413927078,3.698873043060303,13.023798616001196
50,5,1.0,1.0,24,0.41472332783424043,0.42324570754799906,0.049013753647834925,0.13107490628164675,0.11590257876098625,0.0867602389617066,0.9605215619501277,0.9745898273580602,0.03468973748046937,12.545255571603775,3.7072547674179077,13.010396095438152
50,10,0.0,0.0,15,0.12746615409978254,0.1616692560892227,0.13274813742831776,0.4740006102532553,0.377754437344445,0.3087058709721355,0.7095426914469689,0.7583719896209913,0.1785476349144277,24.947384347518284,7.573130488395691,25.7462220969154
50,10,0.0,0.25,23,0.4008657483975154,0.4099956004768543,0.048421804306766514,0.14317235336685236,0.1358696690693129,0.0880995211329001,0.9374495230718046,0.9700567045388443,0.06239528685974221,24.90661655863126,7.561101317405701,25.690443600856202
50,10,0.0,0.5,24,0.40261627942033723,0.4124043920933781,0.04553149535465158,0.15593436335753882,0.14098527089159946,0.0873222780827747,0.9611669221982133,0.9751109139527416,0.039212735865835104,24.875004768371582,7.58332896232605,25.636686476353873
50,10,0.0,0.75,24,0.41821835213626746,0.42602323726869107,0.0366828084674184,0.12783748483752103,0.12201367833533855,0.06057580887429864,0.964274189110056,0.9751477492777185,0.03306250431838381,24.898826271295547,7.539113879203796,25.71003633991088
50,10,0.0,1.0,23,0.39325756971242315,0.4206831377017727,0.10739456907317768,0.16765146646098464,0.1162571984520345,0.17289343866292434,0.9463263306405879,0.9740022671426385,0.06260754625204146,24.922631641228993,7.541610598564148,25.731343822780943
50,10,0.25,0.0,21,0.33735872225977115,0.3861827958339481,0.11720555756868742,0.20381426800979857,0.1556527505260173,0.17799746549248593,0.8571134657552187,0.9141782827313172,0.15393511061139706,24.901828865210216,7.510193586349487,25.738749079903005
50,10,0.25,0.25,24,0.38456115707908034,0.41616532256424876,0.0851880805073246,0.1553200777504478,0.12960176042257016,0.09865841398644218,0.9244423919086087,0.9732493953667423,0.11718316620146496,24.915402839581173,7.506332278251648,25.747770880650393
50,10,0.25,0.5,24,0.41303994926525106,0.4182810591904862,0.04069088162498461,0.13262959264886245,0.12332343774388105,0.06913409590207908,0.9587094911793647,0.9723299159722045,0.03546510619447413,24.896994074185688,7.526935338973999,25.70335135136289
50,10,0.25,0.75,23,0.42146786308082473,0.4276616138786092,0.04726044805869076,0.12372461385198498,0.1162571984520345,0.07075562129756313,0.9417680011100513,0.976454034681021,0.12693789827823143,24.935143321752548,7.508959174156189,25.757278508042898
50,10,0.25,1.0,24,0.4125331257114843,0.4272288168843331,0.053490883539703424,0.12712081833482164,0.11908501667743185,0.08379040215302205,0.9521870697577904,0.9747390029666356,0.06411331965806231,24.896961172421772,7.500232100486755,25.669887191752036
50,10,0.5,0.0,23,0.31468676280012625,0.3894584950793602,0.143030279515288,0.22304104664330915,0.1535680312733247,0.22491455385131798,0.8549726952254768,0.8997285823313321,0.14280381565993275,24.94151233633359,7.458519101142883,25.748996948828363
50,10,0.5,0.25,24,0.3907938045238028,0.40842200210796364,0.06483704895472504,0.15109694063217624,0.1343786543138954,0.088526944034281,0.9326845496797818,0.9747867545367471,0.0854989824036065,24.974075337251026,7.462032675743103,25.801738500318976
50,10,0.5,0.5,23,0.41077474841141837,0.4148817170005976,0.04384508320617261,0.13216829489686732,0.1300044352615893,0.0774758298916059,0.929942663872296,0.9685157702776939,0.12396142810789466,24.963292628526688,7.494316458702087,25.768458128969822
50,10,0.5,0.75,24,0.4161688637649432,0.42559502672663607,0.043902436363980675,0.12055762270776534,0.10792890825387774,0.08401508368089611,0.9528953502376519,0.9748064840256897,0.051107602004899354,24.930827766656876,7.4609071016311646,25.73366349123325
50,10,0.5,1.0,24,0.4174919204775745,0.4286442153694143,0.05057882296045256,0.12231772978889312,0.0978582085510302,0.08631731953154523,0.9573015707440421,0.9753736765793064,0.05187670290255935,25.15101225177447,7.601676344871521,25.96919353194833
50,10,0.75,0.0,22,0.3006368594639406,0.34118344911183573,0.14799327395607728,0.24737362390659767,0.17951086872283284,0.25273524339738845,0.852227326169701,0.8696367238455375,0.1138440128662488,25.060118327538174,7.6033124923706055,25.83703782314392
50,10,0.75,0.25,24,0.40068062906550517,0.414027344626983,0.05478583191166597,0.14124059937783745,0.1293625526829002,0.10067248858208065,0.9426018575088478,0.9596113778544488,0.05326408228844204,25.11118890841802,7.6491323709487915,25.901152891330035
50,10,0.75,0.5,23,0.4152837515198963,0.4217679306283913,0.04652047710566533,0.12645379576952995,0.1139863287906655,0.07813944423603404,0.9331085248331804,0.9747966466928881,0.12408922663203525,25.259381393591564,7.598599672317505,26.095121342907206
50,10,0.75,0.75,24,0.4172130373745173,0.42762704482974684,0.04363608682330395,0.12025815402894574,0.1097803690066093,0.06863551149372361,0.9546842287779804,0.9743995061497205,0.041004060961761714,25.136489301919937,7.580741286277771,25.92468997896539
50,10,0.75,1.0,24,0.4195915862643338,0.4224716486887439,0.045407887994127545,0.12125744137721223,0.11512176362135,0.0815301376899318,0.96044061390588,0.9740496016727157,0.037612785257602595,25.224051376183827,7.581772565841675,26.05118573558195
50,10,1.0,0.0,21,0.2838525994863927,0.2918453356018834,0.14202589397601406,0.22961216110655383,0.1759042849824885,0.195136138115443,0.7875092406948005,0.8384614991565127,0.183306489943783,25.25543224811554,7.590718984603882,26.07147478120632
50,10,1.0,0.25,24,0.4084122534169319,0.42069404962730456,0.055034494758858445,0.13031499918632453,0.12338399014648525,0.10171672188682063,0.9471395060201884,0.9758099166457536,0.06266726521801486,25.273363918066025,7.595593214035034,26.09214532887899
50,10,1.0,0.5,24,0.4061155299825641,0.4199344516046958,0.05100167578251274,0.13860908388758733,0.11512176362135,0.095030236547906,0.9508401438527158,0.9750893090689989,0.053049989151479446,25.21235849459966,7.539044618606567,26.004529871399964
50,10,1.0,0.75,24,0.40919693185679146,0.42198059569977286,0.05283466512755356,0.13909115033562844,0.11419653136397825,0.09218796342309163,0.9574850140492114,0.9751351031384394,0.03878734015495831,25.19628570477168,7.54728102684021,25.980832143963003
50,10,1.0,1.0,23,0.4174244906097779,0.426971734533377,0.052030323548066484,0.12997131819020352,0.1180828655880192,0.08997852127075114,0.9405825670752656,0.9761724714735343,0.1249564323196758,25.1479678551356,7.593281149864197,25.907646707711866
50,15,0.0,0.0,15,0.12415525898650984,0.1499696350224831,0.13385581068936753,0.48132343383450926,0.3674494486994487,0.31322148889375984,0.7332118946793353,0.7628405703348041,0.159893327039522,37.71500507990519,11.504101991653442,38.88480133437326
50,15,0.0,0.25,23,0.3883653732056926,0.4184518327754262,0.09829158644768342,0.17655196629057848,0.1309408345877711,0.1646372317072219,0.945479266339382,0.9741428644975523,0.05685674153609779,37.73675484458605,11.38347864151001,38.92154602803223
50,15,0.0,0.5,23,0.4154322638009988,0.4206075114084219,0.03882400389529557,0.12403614676654881,0.1159024497058285,0.07292187045266502,0.9470298129365237,0.9726659175919066,0.06646115554990616,37.71451415618261,11.419529676437378,38.90920011220044
50,15,0.0,0.75,23,0.4167873862136112,0.4242162982356225,0.038325426601992535,0.13141191828635854,0.1180828655880192,0.06799787832300767,0.9566955786005152,0.9749064252795354,0.05087717888854839,37.668043394883476,11.496766328811646,38.892122825292574
50,15,0.0,1.0,22,0.3864107499500307,0.416306552033498,0.11428608139105788,0.16975433483776714,0.11908501667743185,0.1785119919750695,0.911907628650589,0.9720232100988143,0.13483751003529784,37.70519410570463,11.458876490592957,38.95128864179111
50,15,0.25,0.0,22,0.2775527503005311,0.24828775812004505,0.13892244076589072,0.27898722597554476,0.2506243363181692,0.21181885905071404,0.8177649626856812,0.8706754676423707,0.17687984877881657,37.69505353768667,11.485846996307373,38.939961185567874
50,15,0.25,0.25,23,0.3920685288816597,0.4148541998183094,0.07493349608125102,0.16164671101463113,0.1335225344870888,0.10595504771202591,0.9217631815825973,0.9748507819788641,0.13829055843969262,37.71696009238561,11.481746554374695,38.97176266891811
50,15,0.25,0.5,24,0.416689479663741,0.42175620547427317,0.04523336861599203,0.12710187108695534,0.11560870436726736,0.08464856465904885,0.9604808304144373,0.9755330100041257,0.041359548645812136,37.73103659351667,11.554797410964966,39.000538269720074
50,15,0.25,0.75,24,0.41572745476915496,0.41803460799636954,0.04758452331082238,0.12609661468802122,0.1153646842685352,0.07694799917815814,0.9575515242263313,0.9744667383307266,0.03801151589557783,37.822330017884575,11.519193291664124,39.12716505266004
50,15,0.25,1.0,24,0.4042194207677812,0.4242173085777588,0.08347657604965525,0.12860436534497036,0.11850155322964709,0.07485736965054939,0.9370432068805329,0.9743864939931091,0.1143291714522431,37.64831533034643,11.539783596992493,38.869948452485296
50,15,0.5,0.0,21,0.3100744483865369,0.3480782026615359,0.13367516134170826,0.18568779403011368,0.1334906699863991,0.11565256576423223,0.7949636550781678,0.8919903944415921,0.2239008012234907,37.87315503756205,11.513275384902954,39.216770743381495
50,15,0.5,0.25,24,0.4059242532680509,0.41803460799636954,0.05827724726475732,0.13302738475194925,0.10248187396623826,0.10326579896749566,0.9448758912880512,0.9676279132952894,0.061532875466836265,37.65887141227722,11.489706993103027,38.913944103548346
50,15,0.5,0.5,24,0.416055630155586,0.4207925227604996,0.04097137642578251,0.13150357460174508,0.11165243051078735,0.07695650199495502,0.9636148349129171,0.9755529973134796,0.03175912871985949,37.707453767458595,11.502034902572632,39.000551089274346
50,15,0.5,0.75,24,0.4153006501060558,0.42198059569977286,0.045615664268796235,0.12783221108253062,0.11421947580275721,0.07799591009424665,0.9584335112946422,0.9748394905517916,0.04006273957727362,37.743971198797226,11.4939204454422,39.06825292183734
50,15,0.5,1.0,24,0.4163989388732366,0.42688631887808764,0.05035095900508902,0.1338570566312107,0.11717003202002685,0.09253941520787316,0.9666549343776841,0.975219943282818,0.030253877376684214,37.69310944279035,11.427192449569702,38.919326478908594
50,15,0.75,0.0,17,0.2613720732988834,0.2879224245341577,0.16256292886884013,0.2787596310956883,0.2584942823733048,0.2665743513983932,0.7547176921000417,0.8257802710290052,0.1822366016789306,37.83122999469439,11.412207007408142,39.124641077735646
50,15,0.75,0.25,24,0.40694152432037295,0.42034871575078303,0.05266621260710084,0.13764514227667313,0.12367837281125,0.09046554010766149,0.9515281909174192,0.9752886398629249,0.050005068404822446,37.68980531891187,11.450297951698303,38.90587036585632
50,15,0.75,0.5,24,0.4103752651561494,0.42034871575078303,0.05106287828406418,0.13007022987572225,0.11512176362135,0.08628068999858354,0.9508207601880212,0.9749042101251418,0.047898282496397965,37.74417722225189,11.458547830581665,38.988744813462844
50,15,0.75,0.75,22,0.4130038126666611,0.42324696038465504,0.05097289529426625,0.13543612777188382,0.12542912922879496,0.08140465859360435,0.9151413518004831,0.9716456048948583,0.1601126847026755,37.625913232564926,11.474822759628296,38.82156272518034
50,15,0.75,1.0,23,0.41807894097009757,0.4200517883167836,0.04116059799206475,0.12218553136711942,0.1162571984520345,0.07233044835470585,0.9337976130164947,0.9728604637756646,0.12525500367175765,37.66892318924268,11.41652500629425,38.88885543970528
50,15,1.0,0.0,18,0.16560326236854245,0.17435079120103192,0.13005869769486209,0.37672830903957366,0.2729112487522007,0.2684818824843263,0.7016091640530328,0.7536673519921884,0.17672975846800623,37.702668607234955,11.526939749717712,38.88370178647594
50,15,1.0,0.25,24,0.4029008618672169,0.41542358977706234,0.055026514257067935,0.1351876003470939,0.11478015745196729,0.1111696976020998,0.9409893240815278,0.9741800220746282,0.06673123358900576,37.8896075685819,11.524223566055298,39.14818055700141
50,15,1.0,0.5,24,0.40619386914599803,0.4207925227604996,0.0494786759256605,0.14029562409358917,0.1163756068082476,0.09598138471913774,0.9526833623855854,0.9751719004003028,0.05481993494513642,37.811751862367,11.518179655075073,39.03323043380507
50,15,1.0,0.75,23,0.41622374606084106,0.4221932607711545,0.044920264671409325,0.13065011111714908,0.1210551294342293,0.0827885172215199,0.9382952722516599,0.9726571304107134,0.12545975672414544,37.94424945116043,11.499014019966125,39.13706760947736
50,15,1.0,1.0,23,0.41392191041695786,0.4217679306283913,0.05353121128605148,0.14246198976251123,0.1257128508587412,0.10002488449924248,0.9452031376360224,0.9757830736799218,0.12590842430604082,37.86227397123972,11.499999284744263,39.01052578177405
50,20,0.0,0.0,16,0.1256208470162816,0.14902176640834786,0.13164813851095614,0.48741751544250245,0.3986650050108141,0.31504329349665045,0.7291355708669749,0.7489363541401519,0.180325908251343,50.36942301193873,15.278711318969727,51.85865011903353
50,20,0.0,0.25,23,0.38993034485897715,0.4108328857543313,0.06691179724068348,0.14731515334611966,0.1222297277833978,0.09721427770550825,0.914097087698309,0.9565923098326572,0.09744629092450248,50.44651778539022,15.244151711463928,51.974404272791936
50,20,0.0,0.5,22,0.4110404917119736,0.4201206488262673,0.046929320260678926,0.14410899498306326,0.1316391734026573,0.08380736979957341,0.9335539270140059,0.9751109139527416,0.12701779730707194,50.37954980134964,15.254535555839539,51.87907389500209
50,20,0.0,0.75,23,0.384888667575486,0.4184968173323795,0.11081116234965929,0.17921762489834822,0.1257128508587412,0.1753358380074868,0.9413701700472653,0.9689049598689559,0.07118406952154724,50.41875410079956,15.270228743553162,51.95027481893247
50,20,0.0,1.0,23,0.39396272228975154,0.4184968173323795,0.10983386948595002,0.1538135229888119,0.1255114409001004,0.1723075407531499,0.9344165105863019,0.9744664069547477,0.08113812833117799,50.409474243720375,15.242217421531677,51.98701564161976
50,20,0.25,0.0,20,0.2856293370571334,0.29113196857972273,0.13377055581482075,0.2359355393324345,0.23681492634529122,0.18560306824028464,0.801677563758254,0.8722440084414418,0.18970707295306238,50.341474771499634,15.230352878570557,51.87457919738092
50,20,0.25,0.25,24,0.4005087296259307,0.4163223523701882,0.05378541015155958,0.14145701488531473,0.13453904502132216,0.08093912045853521,0.9424744741371763,0.9758247486765382,0.07004902226136095,50.3406318128109,15.208861589431763,51.80626691213297
50,20,0.25,0.5,24,0.41217169846558166,0.4220167065641153,0.04613344016177945,0.1348712765576249,0.12747884585518907,0.0794411103700769,0.9592146734887882,0.9766969324623718,0.04289979180571893,50.40228993693987,15.182424783706665,51.91176952456045
50,20,0.25,0.75,23,0.4070329092659368,0.4184968173323795,0.05824518726324263,0.14656073982987058,0.1257128508587412,0.09427769115497525,0.93598562702699,0.9745136593440069,0.1274406655336476,50.352745562791824,15.197909832000732,51.8422334486324
50,20,0.25,1.0,24,0.4136706148402332,0.4201274025530576,0.04346188764066037,0.13032027647669697,0.11956899751112425,0.06951553643220681,0.9576615061571636,0.9748665958031042,0.036584115144795565,50.31648034850756,15.15405559539795,51.731882733744584
50,20,0.5,0.0,17,0.26235352103147613,0.2434455173528977,0.14610203109217518,0.2482576172098589,0.1800492761024431,0.21539120763979605,0.7602766234303924,0.8276035281984955,0.19737341685171306,50.26196746031443,15.173218250274658,51.65119029530522
50,20,0.5,0.25,24,0.3640914146589836,0.4095974385699351,0.11084882256801037,0.15860427885487194,0.1332016570029595,0.11593049285193106,0.8867871081728391,0.9413089833294859,0.1549005105041917,50.266639709472656,15.198275208473206,51.641198156938614
50,20,0.5,0.5,24,0.41176211465549634,0.4159486247009285,0.045394001994330295,0.1270153197904155,0.11390883295127979,0.08054023932436127,0.9505395491014083,0.9737865724213897,0.05628199045978579,50.33503643671671,15.207085251808167,51.70428938628523
50,20,0.5,0.75,22,0.41613091851857326,0.4229921144320069,0.0453168498716932,0.13121450802461088,0.1319982762131084,0.07168184114252825,0.9156385637203347,0.9746746430106878,0.1652977801412944,50.270025531450905,15.170737504959106,51.60822532780875
50,20,0.5,1.0,24,0.41805232644462365,0.4213935658471837,0.04400981645814187,0.12631307146604234,0.1186561639431319,0.0733956750805962,0.9624177243552897,0.9746421991265457,0.03490427630244181,50.40749987959862,15.1954026222229,51.647312470952926
50,20,0.75,0.0,19,0.27792000770957814,0.2812108200720606,0.15231414153953243,0.2570001851591427,0.2427543902630336,0.24428268530702035,0.7954755815355744,0.831612577415578,0.16239245067923477,50.201095114151634,15.235597968101501,51.341212314463455
50,20,0.75,0.25,24,0.3989286361594558,0.4115999137777394,0.048906712701595655,0.1375439107702028,0.12636767667279145,0.09425393941632049,0.9354011830891146,0.9493849045284684,0.059211840140879705,50.37444154421488,15.217897415161133,51.595779553745636
50,20,0.75,0.5,24,0.4028435169701055,0.41915696611249376,0.05954478581690687,0.14055756981752177,0.11984958982470335,0.10260041682276153,0.9462446037577329,0.9748668656631831,0.0595504255836691,50.3316844701767,15.252598762512207,51.51228542396506
50,20,0.75,0.75,24,0.4082339939478539,0.41781127593843514,0.051471167339929055,0.13028229276884198,0.11512176362135,0.10078065059251383,0.94675028066455,0.973007089361752,0.06108584526492812,50.3716346124808,15.309061646461487,51.5782665333885
50,20,0.75,1.0,24,0.40748382354762813,0.4180641083163914,0.052254817621967084,0.12679606864788526,0.11500978938002175,0.08842942420601478,0.9417637157431415,0.9742043009593397,0.06554190360074882,50.374399880568184,15.270917296409607,51.57792725001667
50,20,1.0,0.0,17,0.21987057210646607,0.1989388831576,0.14391837110479624,0.3107965823998966,0.2334235219153329,0.2610921626260834,0.7452058956965931,0.7702036356251212,0.17783392399149459,50.317163517077766,15.27570128440857,51.50110659616494
50,20,1.0,0.25,24,0.40352444467027043,0.4120166875949939,0.04325725087673659,0.1269658364196524,0.11512176362135,0.09661415972311001,0.9340147257601933,0.9571777089172574,0.06494706491104794,50.33469014366468,15.240128636360168,51.53388190494373
50,20,1.0,0.5,24,0.4068486149827522,0.4166755085753444,0.05357645317702171,0.1374044672332426,0.12231654586500809,0.0960137061212522,0.9511016971987472,0.9748507819788641,0.057388774491684155,50.402707348267235,15.306983947753906,51.621004186835904
50,20,1.0,0.75,24,0.40858713526057283,0.4170708084335227,0.048858503463460344,0.1302093421662402,0.11758871966165474,0.09695538478743067,0.947383612687386,0.9752222165394677,0.06304434061917488,50.487445533275604,15.3132084608078,51.74511723475695
50,20,1.0,1.0,23,0.41299924236031316,0.4184968173323795,0.048633303562249305,0.13442531253461187,0.1258117135250079,0.0917570339174505,0.9363692525105162,0.9748064840256897,0.12533108412598667,50.29025952021281,15.266903758049011,51.433620257722815
50,50,0.0,0.0,15,0.11935788946552174,0.1485134507250671,0.13574049997355295,0.5070694741017894,0.4158159792092449,0.32409991755294837,0.7313165497401152,0.7649149915930582,0.1814185565645079,125.22051550944646,38.16050934791565,127.75532178975091
50,50,0.0,0.25,23,0.38808540339709124,0.4099956004768543,0.09944589741534235,0.16697595979868526,0.1196401437149035,0.16418190645721203,0.935765651318165,0.9703559693771471,0.07683396079828889,125.0565618177255,38.14051818847656,127.52190131646734
50,50,0.0,0.5,23,0.40253376423193526,0.4187841866264553,0.050641006877789115,0.153343114984573,0.1361836359449526,0.08043779841405771,0.9503935333047585,0.9758551547798854,0.06270521730600519,125.09467555085818,38.15654993057251,127.5668307969247
50,50,0.0,0.75,23,0.3866929382557738,0.4221932607711545,0.11382114197581691,0.17264957453779872,0.1151967881956266,0.18123439630159283,0.9385339739222903,0.9729200285135262,0.07307894976326179,125.05235409736633,38.10986530780792,127.42591356550761
50,50,0.0,1.0,23,0.3778588652418374,0.4184968173323795,0.11293903789436335,0.19305328492327528,0.1376372556984053,0.17982112807756265,0.9411555564316605,0.9741683043801741,0.07213211048605388,125.08535187443097,38.03874051570892,127.45827403187101
50,50,0.25,0.0,19,0.28909416310910696,0.3148470988407513,0.138437325230928,0.24689016615148618,0.2074074074074073,0.19905571968097677,0.7961171031164708,0.8540018642641987,0.1871748823947627,125.13856149713199,38.01304888725281,127.53464241721225
50,50,0.25,0.25,24,0.38862109639832204,0.41617866772315026,0.09730103065284003,0.16780861986513831,0.1302716938948829,0.16901630715656435,0.9450508126617825,0.9720153353680567,0.05870263271363628,125.12856969237328,38.052488803863525,127.50150453244677
50,50,0.25,0.5,24,0.4101419227647882,0.41931270245545227,0.05183745496405326,0.13909809191393727,0.12916284040524412,0.07838490010930954,0.9593819374435139,0.9760474127689129,0.04034945142409271,125.17247386773427,38.10489225387573,127.55265586649602
50,50,0.25,0.75,24,0.408010158881259,0.41769438827163935,0.052929160660632336,0.12233801512746034,0.11385285846685275,0.07234950985645408,0.9383583328899784,0.974195471671319,0.07234011061000083,125.13134509325027,38.091991662979126,127.50298554408977
50,50,0.25,1.0,24,0.41328043747684323,0.4201206488262673,0.04525250889590538,0.1297859702057374,0.1212451433287593,0.06985791463821991,0.9563468451594238,0.974878583177647,0.03914630217151397,125.06499564647675,38.07835578918457,127.43507463866338
50,50,0.5,0.0,15,0.25266072919920857,0.2472868917918399,0.15909020072188204,0.2884817873339555,0.2427543902630336,0.2624694276191711,0.7352961305129675,0.7655107345647244,0.18477033697557266,124.9609042306741,38.10827398300171,127.25249542845883
50,50,0.5,0.25,24,0.3945772887962052,0.4106164294890277,0.055551265568836515,0.1385050019057251,0.12605531308735946,0.09631732889099073,0.9276595794981356,0.9682501584639983,0.07433786053280578,125.21241305271785,37.97929775714874,127.64273160531737
50,50,0.5,0.5,24,0.4144056716562361,0.41915696611249376,0.04667176819458954,0.12452835928015986,0.1137921692879156,0.09276730429218683,0.9533397025926321,0.9755287631711391,0.054366185149389415,125.05145362019539,37.98605918884277,127.42659024797675
50,50,0.5,0.75,24,0.4081450788069747,0.41915696611249376,0.0491619542885756,0.1378198915293627,0.13483741921960057,0.08565231418973625,0.9541100491433121,0.9755639717522488,0.05628531598336327,125.11875400940578,38.04892814159393,127.49075802218135
50,50,0.5,1.0,24,0.4053420039800332,0.4187242570965057,0.05388133633941172,0.13459660216980449,0.11500978938002175,0.09829626668479384,0.945280610129871,0.9747390029666356,0.0656206933110332,125.19215279817581,38.05186104774475,127.59101244146768
50,50,0.75,0.0,15,0.178185737402256,0.2346429490705281,0.16642114962411103,0.4161006820847861,0.2840215232122173,0.3235327451603492,0.7385833566337313,0.7848155548325186,0.15570995466582252,125.0566478073597,38.05992937088013,127.42469652517623
50,50,0.75,0.25,24,0.36994131970012645,0.39821544691956523,0.08679280580698148,0.1592555066218416,0.1221442934208535,0.10536604301075016,0.8991381460220945,0.9310701589447088,0.11859437390131289,125.13266844550769,38.05403935909271,127.53654224313473
50,50,0.75,0.5,24,0.40036987507212213,0.4186947567764838,0.06313185806133949,0.13772255162158112,0.12375443163887716,0.10480241731664292,0.9384623017658256,0.9748064840256897,0.08052752976647477,125.1464471121629,38.08387553691864,127.5464338081095
50,50,0.75,0.75,24,0.40844404814993335,0.4170111028422412,0.04988510232716499,0.12444200619651298,0.12338399014648525,0.09964296666890282,0.9413301024963796,0.9744348682840721,0.06574097332257174,125.04721522331238,38.109989523887634,127.36237367813116
50,50,0.75,1.0,23,0.40494042854801515,0.4176313993004034,0.05384924453063669,0.1315763556862813,0.1162571984520345,0.09776167903692662,0.92008462689618,0.9743864939931091,0.12339941877070788,125.06154543161392,38.077115297317505,127.39805504340482
50,50,1.0,0.0,17,0.17025210499053095,0.1805092537157795,0.1561272805991133,0.4097450670887426,0.2738552273804396,0.3121700618416278,0.7430016073328143,0.7702036356251212,0.14995869659835528,125.06721054514249,38.09430277347565,127.38367744532032
50,50,1.0,0.25,23,0.38552962372051364,0.4098107091217766,0.06973189637517091,0.15501602647434645,0.1335225344870888,0.11210801074381731,0.9028155399833464,0.9497286204075885,0.1353269827420231,125.15666807691257,38.11073064804077,127.54078797015026
50,50,1.0,0.5,24,0.4017665096947378,0.4106164294890277,0.054399240495200035,0.13938836882897612,0.123022437635475,0.10327351548939427,0.9429213882184517,0.9746158167835199,0.06302392473138296,125.02711480855942,38.1088809967041,127.3242694543355
50,50,1.0,0.75,24,0.4088767679395792,0.41803460799636954,0.04653414878253084,0.12545253863918665,0.1186561639431319,0.09912567307550378,0.9432060745183452,0.9706695676899254,0.06517315588024836,125.1331896384557,38.086344957351685,127.4848596043825
50,50,1.0,1.0,24,0.40304087135094235,0.41567896833429624,0.053866836151896545,0.12465332359633902,0.09957204755569135,0.10003885005093309,0.9307350662982238,0.9683537265589444,0.07126221883934439,124.96415253480275,38.07530224323273,127.24343633702148
50,100,0.0,0.0,15,0.11525575420513406,0.1485134507250671,0.1356824772278106,0.5027999256701853,0.345864675973035,0.3437018438541083,0.7295724060406212,0.7566416810437206,0.17215335844050783,249.78041767080626,75.79417943954468,254.80109441120464
50,100,0.0,0.25,22,0.40948143306985973,0.4291525949548553,0.05369974006294071,0.14901201138497172,0.12826353345224345,0.09009193240185351,0.9340901302441081,0.9756056128451605,0.1328092731886116,249.66982115308443,75.80474400520325,254.6389446284196
50,100,0.0,0.5,23,0.3859918744173045,0.4184518327754262,0.10881079458085716,0.17214888902259853,0.1234980922232604,0.1758044986343783,0.9367104446131572,0.9746401201140356,0.0774303881905556,249.4481893380483,75.84694504737854,254.29751620676106
50,100,0.0,0.75,22,0.38588130990272834,0.42023981306463676,0.11134583917801638,0.18403642159467484,0.13288897302813957,0.18484174541122037,0.9240289014243667,0.9731021885339604,0.13075261148286674,249.44510914882025,76.1498236656189,254.29396475765103
50,100,0.0,1.0,23,0.387809138020681,0.4143245019744374,0.10935095375379657,0.1737284264277606,0.1335225344870888,0.16983552961659232,0.9417072565329092,0.9738471259951207,0.07478050311780957,249.72191436092058,76.1789128780365,254.6860937051662
50,100,0.25,0.0,17,0.21591455899489187,0.239885239572683,0.1587071338397684,0.35187483577389456,0.2845757923531856,0.2768457662266846,0.7769011977721197,0.8260496502859465,0.14577582307247022,249.7677148183187,76.19105744361877,254.75611084395908
50,100,0.25,0.25,24,0.4030789937984836,0.4143507750000667,0.04273891586058136,0.13586368487297107,0.13079125996402705,0.08708180049837479,0.9420216724699384,0.9733686505469062,0.06541561240607269,249.50623459617296,76.13750553131104,254.33253828483004
50,100,0.25,0.5,24,0.41359383694059315,0.41931270245545227,0.04679978169478243,0.13839955808916257,0.1330676822194179,0.07762264630041842,0.9655872319703489,0.9752946620159043,0.03182571703195022,249.5940006573995,76.13335299491882,254.45208739075554
50,100,0.25,0.75,24,0.41252895945059764,0.4187242570965057,0.04334112019313921,0.1306255853715719,0.11717003202002685,0.08352810725023531,0.9556835042727673,0.975189609273666,0.055964964262446626,249.61183576782545,76.09503161907196,254.5058386443272
50,100,0.25,1.0,23,0.3884570184269607,0.419817114892608,0.10390058212851598,0.16401119852959428,0.1335225344870888,0.15968454689639033,0.9176831307167821,0.9673019195578172,0.1318488073578056,249.5805156727632,76.1142635345459,254.4229823994963
50,100,0.5,0.0,16,0.27814202125435405,0.25802765840919795,0.14220348272636954,0.25019517938947833,0.16880808752532694,0.20110991108161644,0.7671364218159192,0.8510292796551404,0.20865151667105655,249.81730171044669,76.1090521812439,254.774510023969
50,100,0.5,0.25,24,0.37422173286919214,0.41803460799636954,0.09525002804083896,0.16529748282945567,0.13643097343303606,0.10153303583742394,0.91374094856784,0.9743170642615013,0.1325529273054114,249.68320175011954,76.11355221271515,254.56002470640308
50,100,0.5,0.5,24,0.40330428110346617,0.4154807585470309,0.054372485320977736,0.12985999666012923,0.09970630379663484,0.10759149862376188,0.9364685588670616,0.9620154689746483,0.06434781196621503,249.473502745231,76.107736825943,254.25965902706224
50,100,0.5,0.75,24,0.38586122971256276,0.41803460799636954,0.09628603648326495,0.1567779783704254,0.129617692672915,0.1546003457782433,0.9285004377955509,0.9559188058174424,0.07839222318612013,249.54357727368674,76.08707880973816,254.35452323759588
50,100,0.5,1.0,24,0.40734365540195533,0.4180641083163914,0.05398060755866231,0.1366927113306035,0.11500978938002175,0.1030966899604378,0.9513800221345141,0.9748184461433163,0.057405215511554294,249.57784273227057,76.28688645362854,254.30540029119248
50,100,0.75,0.0,18,0.2091172713739228,0.22923140509106427,0.1718166057668893,0.3577640276084965,0.27288549943730056,0.3124514010010985,0.775509179090008,0.8102360921699073,0.14835703436736947,249.60270987947783,76.29041838645935,254.34641487507167
50,100,0.75,0.25,24,0.3979790721482453,0.4138431301760157,0.05367635024084967,0.14123757449874122,0.13306376958138366,0.1006215319090934,0.9371957187952319,0.9702230438663442,0.06500701278282851,249.47926262021065,76.25849211215973,254.1683438868337
50,100,0.75,0.5,24,0.40768219234322234,0.41803460799636954,0.04861607317790489,0.11951870200825494,0.11512176362135,0.08121109821030284,0.9348830866946997,0.9670098893752692,0.06687062392272743,249.43934363126755,76.16556215286255,254.09871028719647
50,100,0.75,0.75,23,0.4078984961893421,0.4184968173323795,0.0482721324640618,0.12828828870513362,0.1257128508587412,0.09254591492697489,0.9201335696356437,0.9751028508730534,0.13050530749326855,249.48927144209543,76.1939787864685,254.1964858205611
50,100,0.75,1.0,23,0.40260779188335716,0.4143245019744374,0.05367517795521891,0.12978120340786245,0.118920240871275,0.09949006990013495,0.9094730513934332,0.9746008016541488,0.14303224900293912,249.58948304255804,76.18972539901733,254.32907127846383
50,100,1.0,0.0,17,0.146487915447625,0.1609438268235795,0.14375093510884165,0.4251922121829856,0.3428556954529494,0.29787496871902125,0.719221814304034,0.7496562770712746,0.1618332327541735,249.61183137694994,76.2065896987915,254.34274429836935
50,100,1.0,0.25,24,0.3979348547991924,0.4106164294890277,0.046031630758213725,0.13117454543970272,0.12775026383882837,0.09745252490428889,0.9270442550380875,0.9688211443786863,0.0720728627286269,249.88320004940033,76.23807692527771,254.74940811832417
50,100,1.0,0.5,24,0.3990055129778613,0.41032179743805397,0.056226836080034474,0.13409197190807556,0.12098502465538785,0.10409273022118525,0.9321029978637981,0.9620475894757302,0.06708404715626999,249.578217814366,76.21844339370728,254.30105713949428
50,100,1.0,0.75,24,0.40572423438733624,0.41538644404800806,0.047947676898373016,0.12838193795147765,0.12098502465538785,0.09828111527560575,0.9398304067261503,0.969175429090238,0.06832181693737388,249.6706139743328,76.20938420295715,254.48704640578265
50,100,1.0,1.0,24,0.39971166387226353,0.41032179743805397,0.052027524007893955,0.130524117140735,0.1137982957217101,0.10506336054073871,0.9299474448852622,0.970918074689324,0.0725723627510834,249.52327273289362,76.2041996717453,254.26889330761827
100,5,0.0,0.0,17,0.16898156605759213,0.1767328520226757,0.16238555544616862,0.4165800174170879,0.2750097388332861,0.320284877696423,0.7462937617027235,0.7715751986829097,0.1744737476247912,24.99792954325676,7.589231610298157,25.486794271003777
100,5,0.0,0.25,24,0.42032508293297743,0.4248972567536301,0.04269942896406628,0.12079013384873467,0.11771679729779315,0.07784354984662706,0.9614402997146897,0.9773650621536292,0.04170372135253758,25.04798565308253,7.589514493942261,25.575081533005235
100,5,0.0,0.5,24,0.4305196463035703,0.43190564774338946,0.030951015478187786,0.10930494801234246,0.1117791158616223,0.04865003430261186,0.9703442406194832,0.9754113025853508,0.029559836329895766,25.0544590651989,7.598745703697205,25.59247192991098
100,5,0.0,0.75,24,0.4253205647013853,0.43115730646907713,0.03639825196244267,0.11274954073681093,0.10287836827269085,0.06401956959188156,0.9633906701395816,0.9748359161148706,0.04288465875952003,25.120653470357258,7.6153484582901,25.6194880352731
100,5,0.0,1.0,24,0.42983658216470005,0.43696142883204625,0.04000656424795874,0.11569227324274194,0.11001528066607075,0.06885545108045497,0.9753654375721421,0.9821664264634492,0.024130953423989136,25.12665945291519,7.614725112915039,25.63827956951121
100,5,0.25,0.0,24,0.4092885429269754,0.4208477411558938,0.050720816782868876,0.12821992223305578,0.1106799391529962,0.08254411707093288,0.9467970080870067,0.9701112023863453,0.049152370111289964,25.09412857890129,7.662476301193237,25.596761761848946
100,5,0.25,0.25,24,0.42304476113771244,0.4251753103757332,0.03652859705561558,0.11786631581106692,0.12545134732141805,0.05687093600825888,0.9639558380864918,0.9769962965813606,0.036978013179404606,25.074066122372944,7.646424293518066,25.558291405874485
100,5,0.25,0.5,23,0.42578587336851825,0.4242162982356225,0.028995645822560333,0.11175011871168108,0.1087854760624305,0.04773726414642651,0.9446743108116736,0.9751193783387673,0.09747349999077651,25.05051263173421,7.645168662071228,25.536819156416474
100,5,0.25,0.75,24,0.4271975310550731,0.43217367672263457,0.03946644564876574,0.11354768300458422,0.10649253322077995,0.06819560901518602,0.9679427451147306,0.9757526843422595,0.032352633299685296,25.00442690650622,7.631127119064331,25.46104991614311
100,5,0.25,1.0,24,0.43657712718479885,0.4371847508546305,0.026956387326366273,0.10275267780147475,0.10078729528203295,0.046064984253291655,0.9759069321710725,0.9826046292627841,0.02353240894653427,25.11430690685908,7.6576865911483765,25.614576752181243
100,5,0.5,0.0,23,0.4066240325491839,0.4200752570092226,0.05990983412130014,0.12290614509896988,0.099720909944902,0.09057636608039654,0.912895944900411,0.9690442952968241,0.13803467901474437,25.015834947427113,7.624179363250732,25.47999260252991
100,5,0.5,0.25,23,0.42690551624749334,0.4380345076049339,0.041689355405843016,0.11919549198286887,0.1196401437149035,0.07050006415506106,0.9460118718092122,0.980939326495486,0.13620903246536548,25.11774914463361,7.634105205535889,25.62597709325398
100,5,0.5,0.5,24,0.42491314923589046,0.4295915781903861,0.03610488940811747,0.11875462988560337,0.11217977586513195,0.06111117726951545,0.9685809283573844,0.9751621844246401,0.027419873998902066,25.141014556090038,7.6582019329071045,25.65670338516972
100,5,0.5,0.75,24,0.4280829413767679,0.4289932338702176,0.03288286480010672,0.11057696708667297,0.1087332253812052,0.05424529844647021,0.9667428498402089,0.9755991305190064,0.030412471728151362,25.160642007986706,7.720513105392456,25.69129612417098
100,5,0.5,1.0,23,0.4281000141527775,0.4339456015055979,0.03635530149019645,0.11249491625856489,0.1062576215613185,0.06988860692884744,0.9443066740552944,0.9756275014579576,0.12297161201997973,24.857057789961498,7.6762014627456665,25.296497428494572
100,5,0.75,0.0,24,0.405080398566142,0.4174529940675465,0.049227368818673234,0.13054555289820433,0.11411905046159021,0.08456168381443646,0.9407063500304883,0.9681886861425522,0.053015753848465665,24.779758950074513,7.663825869560242,25.174073161366067
100,5,0.75,0.25,24,0.4190834651919319,0.42561244067428117,0.05034218866931975,0.12460040610688439,0.10220495443924285,0.08018189898108079,0.9627673364907482,0.9765115785031937,0.03779625671824182,24.848243474960327,7.660277843475342,25.276190643304908
100,5,0.75,0.5,23,0.42205344843968723,0.4276616138786092,0.04771654010425552,0.12827133117094894,0.1062576215613185,0.08687854942018645,0.9472476438118781,0.9755823331932134,0.1254678299784513,24.810751527547836,7.67124879360199,25.138225363510685
100,5,0.75,0.75,23,0.42517244248950264,0.4280432638857741,0.04293461859793524,0.12017776080673181,0.113762380308009,0.07174047219571608,0.9436314880625987,0.9793455076671431,0.1352477886104615,24.813249200582504,7.648339152336121,25.14591136653107
100,5,0.75,1.0,24,0.4247161025325437,0.4311663609086869,0.037178759389825435,0.11466880799294639,0.10443188569030651,0.06917185938541483,0.964101013058034,0.9740494595255238,0.030706419624288463,24.863991379737854,7.688537836074829,25.189318551632155
100,5,1.0,0.0,24,0.41724320767495954,0.41691839446487455,0.040721153302803195,0.10856294698395363,0.10913843444403021,0.07094607191915955,0.9430493623338728,0.975433924144676,0.05410699350190516,24.84768683711688,7.671432256698608,25.164860028317378
100,5,1.0,0.25,24,0.42517459492582854,0.4308726580147453,0.04484468978462634,0.12256221557278942,0.11262866726010079,0.0726856616562473,0.9729114054244467,0.9825468322110682,0.030053036264751858,24.846308718125027,7.661271810531616,25.16626846405842
100,5,1.0,0.5,24,0.4227501457916132,0.4273246823221874,0.040797355470037065,0.1195854138085299,0.11979250953709475,0.0693237301073672,0.9650857053917564,0.9784665051503428,0.036672844201164706,24.794067521890003,7.650398254394531,25.09258364759269
100,5,1.0,0.75,24,0.42542485774692174,0.42888341033096344,0.04316825912387814,0.1178970355808121,0.11590300123962849,0.07095614268971867,0.9687467510746557,0.978697921465408,0.033677721215934986,24.88512061039607,7.645590424537659,25.21756596768918
100,5,1.0,1.0,24,0.4256116109100218,0.43123933339648174,0.041733210204231166,0.1140195233296395,0.1084273964917867,0.0658211386653845,0.9652427451496832,0.975089568856363,0.03359270475951702,24.905724952618282,7.6254414319992065,25.249440973853538
100,10,0.0,0.0,16,0.129422749421341,0.14698148628634605,0.1430953988793902,0.49181717041355727,0.4349935789462371,0.32726399475853685,0.7762958309311276,0.7921284092500765,0.15213816949721012,49.55869743227959,15.13284718990326,50.3389326417694
100,10,0.0,0.25,23,0.41230553008352855,0.4227554666145686,0.05489547421832762,0.14575453526049698,0.1306257437657868,0.09713401534392792,0.9633364733958504,0.9757428331685932,0.042873845978051904,49.68729596336683,15.10648226737976,50.53824355188003
100,10,0.0,0.5,24,0.422934944514733,0.4295786624721363,0.037036851697539716,0.12283015111049167,0.11527898645306416,0.06078628817453762,0.9687000401399578,0.974911868602536,0.028149319663986868,49.72570842504501,15.124732732772827,50.57263979662731
100,10,0.0,0.75,23,0.43037004359060776,0.4335563571234883,0.028022975543831367,0.10881597289686142,0.1151967881956266,0.04097555802199776,0.9448971284286434,0.9766251131748689,0.12438065894347854,49.99772247672081,15.297608971595764,50.86969563035897
100,10,0.0,1.0,23,0.4012628411397308,0.4242183189198951,0.11121695030718749,0.15064666362372023,0.1211626695271081,0.17012435641819923,0.9294199449647955,0.9796133082209776,0.13557867056736514,49.88764570156733,15.349006533622742,50.69642684437261
100,10,0.25,0.0,24,0.34751567138414713,0.4026087149537284,0.1324010404835171,0.20296056623505496,0.14484693360121403,0.21155090443694494,0.8979919090033492,0.9292100342548129,0.11105531948844183,49.94114472468694,15.37023150920868,50.77388133705655
100,10,0.25,0.25,24,0.4150714425117052,0.421854063234292,0.04943137488277512,0.1298972516065154,0.12050067397634714,0.08865090809860475,0.9600401366299258,0.978414320218415,0.048965182181900296,50.084021846453346,15.339357376098633,50.978552272843295
100,10,0.25,0.5,24,0.4253596510028556,0.4278524388821916,0.0359297547982417,0.11450103418445486,0.11013995361076095,0.056548631304412636,0.9652203361901662,0.9753458380817449,0.02969387823379001,49.98618921637535,15.363447308540344,50.841923500554884
100,10,0.25,0.75,24,0.42291146724471657,0.43123933339648174,0.04405743654863764,0.11915905622025648,0.11447958425181781,0.07147958302458629,0.9649819907096897,0.9748900682519956,0.03316059494417209,50.1344490746657,15.32714593410492,51.05908870223858
100,10,0.25,1.0,23,0.4254833460993543,0.432776382296821,0.03696374235881186,0.11883833986540981,0.1151967881956266,0.0634759242463856,0.9413021027378939,0.9794259038196875,0.14367753429809582,50.10522997379303,15.327544569969177,51.020735093626215
100,10,0.5,0.0,23,0.3935838929712691,0.4094750914780234,0.06166101440158071,0.12999492000307936,0.1112088292010919,0.09423770695176353,0.9165716011343915,0.9328986888522615,0.08371512174058912,49.95040565729141,15.322771310806274,50.80442275528107
100,10,0.5,0.25,24,0.4254033478980681,0.42938287532649577,0.041945683756292006,0.11997227097110465,0.11434001850513706,0.07861662719601041,0.970778966767241,0.976254712473648,0.029104761011890613,49.99013629555702,15.338507175445557,50.85292607353634
100,10,0.5,0.5,23,0.4203509620055535,0.4333231071564014,0.05274762101165163,0.12863340023044562,0.10187148771709,0.09553280428411479,0.9441919349420981,0.9751702619051968,0.12614917792545538,50.04410112897555,15.254528760910034,50.95501854150519
100,10,0.5,0.75,24,0.42274741565585083,0.43093033071623693,0.040031742878624314,0.11054509934546981,0.10406455463920425,0.06055063689706812,0.9560399306571715,0.9752882997727508,0.05307554910198618,50.17946903904279,15.347132563591002,51.127456746281474
100,10,0.5,1.0,24,0.42385244839191466,0.42593996639925213,0.03500738341713227,0.12147091504815216,0.12196032812881605,0.060617434984581886,0.9691758118319816,0.9763272422984522,0.02808195042656554,50.055680771668754,15.313777089118958,50.97963760606239
100,10,0.75,0.0,23,0.3381365129025804,0.4060746323094972,0.12997099962944703,0.19583557372239221,0.1326050046756785,0.1914721638710757,0.8738461380393018,0.931503396462367,0.15425442700748626,49.9933485587438,15.288504242897034,50.90301434528123
100,10,0.75,0.25,24,0.4113180388547817,0.42053132170308527,0.05178580337232069,0.1327571508073938,0.12145680808501566,0.10284970933392872,0.9553932285169572,0.975089568856363,0.053282417944325776,50.01480760176977,15.28660273551941,50.91869185111078
100,10,0.75,0.5,24,0.41752956705323313,0.4278524388821916,0.04586623990595176,0.12385206030529573,0.11217977586513195,0.07814093276088553,0.958911194411762,0.9748524532115859,0.03804697892693068,49.983077029387154,15.332806706428528,50.87811618490606
100,10,0.75,0.75,22,0.41345440614515316,0.42559502672663607,0.0523153422188763,0.13521657191121214,0.11239375560063936,0.09490830951116042,0.9150870956923566,0.9702503321176449,0.16264031803213994,50.005071053902306,15.343825817108154,50.90660422149293
100,10,0.75,1.0,24,0.41910104232492223,0.4298653422007976,0.045182548672732,0.1215236231507368,0.11447958425181781,0.07183700202204048,0.9597257078005814,0.9748359161148706,0.036498176314856655,50.043228328228,15.361236333847046,50.95254848379937
100,10,1.0,0.0,22,0.2570058299683477,0.2420238526071635,0.15123961724917265,0.26983321278896805,0.2078520172799515,0.2431677390945986,0.7858244005276253,0.8359753017452041,0.17173088712188356,50.13495875398318,15.201718211174011,51.125767811820246
100,10,1.0,0.25,24,0.4086910234336369,0.4199157043462007,0.0439709307722684,0.131090896191538,0.11952454691532036,0.0913321896189018,0.9484729430588118,0.9750893090689989,0.05547102482946657,50.153459091981254,15.212966084480286,51.15602224138853
100,10,1.0,0.5,23,0.4110126585722187,0.4133089429801538,0.046714014594552766,0.12524659053453746,0.1257128508587412,0.09408610415452576,0.9186672941615669,0.9684823027832434,0.15064578071955806,50.01867281397184,15.197418570518494,50.96375646343333
100,10,1.0,0.75,23,0.41710543024632113,0.4222776225336876,0.04482916717693831,0.12480362762678338,0.113762380308009,0.07884357159098071,0.9326028369657169,0.9745898273580602,0.13441096650250103,50.051845540603004,15.23808741569519,51.02874229160492
100,10,1.0,1.0,23,0.41884998898070114,0.4242183189198951,0.044957721241576785,0.1263119441179981,0.1185298896399602,0.08156691626905738,0.9392299339230769,0.9740496016727157,0.12524698911588045,50.07567044099172,15.237470507621765,51.05289228268013
100,15,0.0,0.0,15,0.11805691752851574,0.1517636867918672,0.13039556904830107,0.5008828135224445,0.4298887223887224,0.3122667353638374,0.7149967870361321,0.7463690476190477,0.17250629863577116,74.76995006203651,22.746453642845154,76.22223618896928
100,15,0.0,0.25,24,0.41494460724266147,0.41899432278267046,0.042965326632909084,0.13515553675195088,0.12435356694687205,0.08239186418235404,0.965044751237274,0.9753435803497816,0.04015016333440734,74.76361522078514,22.70447289943695,76.22751657643295
100,15,0.0,0.5,24,0.4220826338762637,0.43295341538580656,0.047379889162741246,0.13135536419864832,0.10742967606991295,0.08915999144940169,0.9755206319511758,0.9777352550586439,0.02294747393377927,74.86219036579132,22.71933424472809,76.36142257090947
100,15,0.0,0.75,24,0.41749504424733264,0.4252085402465889,0.036910679943794975,0.12829108629776692,0.1133731061017228,0.06696805790672629,0.9632811747924324,0.974853967612194,0.03205051425515435,74.80988796552022,22.787782549858093,76.28057531214137
100,15,0.0,1.0,23,0.39433447248278136,0.4237383392165011,0.11148695586709088,0.16151658427752097,0.1162571984520345,0.17514187742526396,0.9425111321912886,0.9760436410514592,0.07361912616559697,74.9031375348568,22.78322446346283,76.42324608243561
100,15,0.25,0.0,23,0.3227012333737324,0.318744505126837,0.12237725097941358,0.1946827844250825,0.1693898209654302,0.12658381081338868,0.8424626514213104,0.9074891203181035,0.17310469422580255,74.71169422070186,22.720333576202393,76.15569774609772
100,15,0.25,0.25,24,0.4213394709625132,0.4253029744778485,0.038072509157082025,0.12324180385568967,0.11525816396927166,0.06862582163349328,0.9659207457807161,0.9748520270278522,0.0277742853327412,74.91654014587402,22.79705512523651,76.43723388895624
100,15,0.25,0.5,24,0.42851151981534485,0.4254287412914075,0.035759407419706735,0.11185477210704246,0.1021267659905539,0.06713632802220715,0.9688778117377322,0.9757035402550851,0.02553798205256529,74.85253923137982,22.763694047927856,76.35107965179988
100,15,0.25,0.75,24,0.42410197194475024,0.42888632767955537,0.046101966541933416,0.12117074467604944,0.09824772611286134,0.08232468836025872,0.96937468856555,0.9779027986193588,0.030853211105926034,74.73780715465546,22.84025466442108,76.16651758606477
100,15,0.25,1.0,24,0.42726424390627815,0.43123933339648174,0.039898527645414024,0.12032377736692296,0.11632085859028224,0.07130408235497682,0.9748522651794792,0.9833557349140416,0.026747285382467283,74.8985149761041,22.815897226333618,76.40135816475389
100,15,0.5,0.0,23,0.33088787350714916,0.3639468938226947,0.11116484813951144,0.19328667995826604,0.1499350221882612,0.13938459027606206,0.8372459730348547,0.9270552081562858,0.1936857278137738,74.70416595538457,22.744660258293152,76.13918884640769
100,15,0.5,0.25,24,0.4143524022169001,0.4229921144320069,0.0513489113283943,0.13080595457843305,0.12283306672767215,0.07676671142350469,0.9595107590122335,0.9755703474864486,0.03854679257988912,74.88856264948845,22.739426732063297,76.42162903378109
100,15,0.5,0.5,24,0.41787363499196767,0.42324696038465504,0.041997439994035254,0.12316904291815033,0.11984686244428044,0.08377067622627375,0.9589163129020858,0.9755525857903078,0.04709086307091603,74.78599060575168,22.707178354263306,76.26051892842806
100,15,0.5,0.75,24,0.42371304447785335,0.42719532155833245,0.045314491397001645,0.12295788935684183,0.11217977586513195,0.08508964271126424,0.9703839783125486,0.9755991305190064,0.02574601577844236,74.650159796079,22.693039298057556,76.06618291099514
100,15,0.5,1.0,24,0.42176914450538927,0.4242173085777588,0.03875232850554739,0.1131867291251581,0.11572699332383055,0.05579419460948546,0.9567250181359368,0.974734315095005,0.039213802338732326,74.86249315738678,22.67872929573059,76.36226855461493
100,15,0.75,0.0,20,0.24337195390211558,0.2335074757348985,0.1568235440706353,0.2725368291269371,0.24499100584659267,0.24118034499243507,0.7720775320987249,0.8249953509370671,0.17742532799573058,74.83665207028389,22.658187747001648,76.34052163488644
100,15,0.75,0.25,24,0.40682540153431196,0.41412654586947517,0.04821184015014887,0.12817444684827994,0.12098502465538785,0.0888940918473033,0.9418252499169038,0.9568284275987672,0.050831625766538054,74.7715554734071,22.6904433965683,76.25842221033345
100,15,0.75,0.5,23,0.4128182517082093,0.4222776225336876,0.04904254012332384,0.12905921244054563,0.1210551294342293,0.08997761569950985,0.9283511913807211,0.9755457220699715,0.1390216141255929,74.76251223683357,22.737598657608032,76.26099595260985
100,15,0.75,0.75,23,0.420555025836655,0.4276616138786092,0.04421932712771509,0.12244527663488682,0.1062576215613185,0.08170039537628578,0.9387942594657499,0.9740496016727157,0.12590383728237695,74.76170361042023,22.667945384979248,76.28937183594958
100,15,0.75,1.0,23,0.4242306794153631,0.4275924757808845,0.04067852241057195,0.11616959565400237,0.1185298896399602,0.05917219625737747,0.9397647338623115,0.9755716512520549,0.12727748042063639,74.78031034270923,22.658843755722046,76.32247303136438
100,15,1.0,0.0,19,0.2271238343075284,0.2346429490705281,0.1656706959489431,0.329404769141318,0.2613664151277619,0.2757967318376056,0.785780071424855,0.8132442818128969,0.1539182844625253,74.9197229941686,22.726845383644104,76.51299249894015
100,15,1.0,0.25,23,0.3995438715912236,0.4132004894356565,0.05792223563519671,0.13719235666443058,0.1335225344870888,0.10964419274773392,0.9150795762060718,0.9748539118128512,0.12160311454114313,74.93471387028694,22.716935396194458,76.52681104002947
100,15,1.0,0.5,24,0.41590703151484765,0.4207925227604996,0.04468373701457598,0.1309019438212228,0.12338399014648525,0.0852678769349646,0.9627160068509181,0.9748524532115859,0.03281607924261136,74.96838798125584,22.658236980438232,76.61150273851133
100,15,1.0,0.75,23,0.4120766363814526,0.4217679306283913,0.051720492019776285,0.13643586249226883,0.1257128508587412,0.08682522905989676,0.9362258065636176,0.9748357668494929,0.12370254561511897,74.86915346980095,22.66096043586731,76.47485306521345
100,15,1.0,1.0,23,0.413212450528554,0.4242162982356225,0.053155421316917,0.13739124012512643,0.1162571984520345,0.09500838896646303,0.9389027178435848,0.974836026636857,0.1271314624996561,74.90587988495827,22.669291377067566,76.52278381056297
100,20,0.0,0.0,15,0.11195624791511169,0.1505164244776516,0.12882209781695342,0.5168312558464226,0.5532063492063494,0.32352698210304814,0.6985838707151237,0.7656047018349352,0.18651690757068773,99.56738744179408,30.04484224319458,101.68391197577132
100,20,0.0,0.25,23,0.41185855252042375,0.4194918282329614,0.038401845539516734,0.1328919115729585,0.124074074074074,0.07036423756923163,0.9486669742548974,0.9738471259951207,0.05679667797678085,99.52735320727031,30.038432002067566,101.63419167111095
100,20,0.0,0.5,24,0.4249965100484245,0.42445663766826414,0.03688450183049575,0.11903279728792014,0.1135556394534602,0.0654441065094972,0.9690258173847691,0.9748792426857145,0.022874029838930787,99.59443177779515,30.00595498085022,101.7464733242505
100,20,0.0,0.75,22,0.4136262388077736,0.4192141130018595,0.05299531086002059,0.13536140899166346,0.12791188982992807,0.07684274866561612,0.9312490574625563,0.9741683043801741,0.12726671752111168,99.62337991595268,30.0625342130661,101.74721001286994
100,20,0.0,1.0,23,0.39256736691284627,0.4242183189198951,0.11124974468014069,0.15940503091152844,0.1151967881956266,0.17274784432762433,0.9211661206215646,0.973926567917748,0.13291193117240094,99.80195172627766,30.067819237709045,102.01865822280087
100,20,0.25,0.0,22,0.3174275315349184,0.3198169878794288,0.12668324476873796,0.20397029873722985,0.16631422094218115,0.17729150612082403,0.8248097923346885,0.901510438249943,0.1807040387811607,99.78329526384671,30.04609978199005,101.97405157325097
100,20,0.25,0.25,24,0.41380427670792913,0.4249063106333759,0.05142198713639586,0.13637347436976083,0.12009752417314651,0.08315629755646625,0.9639820277856191,0.9748377588674444,0.03733996868911636,99.63702674706776,30.002601623535156,101.7629066868821
100,20,0.25,0.5,24,0.41868528989268355,0.42628379152537044,0.042315049058987496,0.13206150641999206,0.12316305722469775,0.07802312710006826,0.9694320862053593,0.9754724001907003,0.029201978697174297,99.68013260761897,30.036290407180786,101.81260401717668
100,20,0.25,0.75,24,0.4220800001827713,0.41915696611249376,0.036242093043444466,0.12067246757153037,0.1203476365745664,0.06315167310231179,0.9648324679370731,0.974849198131561,0.03260574783249775,99.7194935977459,30.004419445991516,101.90246200469343
100,20,0.25,1.0,24,0.4262513927306402,0.4282613204159081,0.038920009042112416,0.1171332895072409,0.11398947810714136,0.06536970908758649,0.9696360749685216,0.9775350313398468,0.03170035799535887,99.76032319664955,30.120380878448486,101.83022196927763
100,20,0.5,0.0,22,0.3060836962032659,0.3074646440591547,0.11235760528355512,0.1936636873332801,0.18835797138455485,0.09403445816146473,0.8113835162165208,0.8716091880983423,0.1742132768181428,99.86967754364014,30.107157230377197,101.9800625524149
100,20,0.5,0.25,24,0.40807540046334817,0.414045670740363,0.048106445558193836,0.12397627885640605,0.1242300458616839,0.08826799099153212,0.9401270797831024,0.9751490430959564,0.06364018491491458,99.85281783342361,30.09685182571411,101.9502771056551
100,20,0.5,0.5,24,0.41761331160981546,0.42198059569977286,0.04555142387898158,0.12309778379712043,0.1140294619082272,0.08721670127483754,0.9583244070167515,0.9757647483810094,0.04958869140458964,99.78705809513728,30.161810874938965,101.85424219448687
100,20,0.5,0.75,23,0.4205111885255494,0.419817114892608,0.04349416608946387,0.1201968806142374,0.1210551294342293,0.06274055263215805,0.9346029189470776,0.9745898273580602,0.13568246190786107,99.80757216612498,30.25946807861328,101.8665848797262
100,20,0.5,1.0,23,0.41968561406683613,0.4280891417034645,0.04249879426479154,0.12093289046145081,0.1196401437149035,0.0679760740133212,0.9356766222506446,0.9740496016727157,0.1262100437158311,99.96488545338313,30.55705237388611,101.9309664919727
100,20,0.75,0.0,21,0.280399688017743,0.2943415126252878,0.13194401574167897,0.23878601787730697,0.2005555555555555,0.16954628001852945,0.7849373657097009,0.8776398873870153,0.21017383059580916,99.89636049667995,30.544896006584167,101.85439879109116
100,20,0.75,0.25,24,0.41061110824205466,0.4174480054001955,0.049909966825685756,0.12896423584957295,0.1254214031265724,0.08458421355688692,0.9501864523336824,0.9749178075358922,0.053511148575541526,99.76263030370076,30.566022515296936,101.65492361902291
100,20,0.75,0.5,24,0.41089237093762465,0.4199157043462007,0.05195736118289409,0.1353759637525902,0.12098502465538785,0.09936251658830204,0.9571607056278396,0.9751344773337431,0.047472151867040104,99.71978010733922,30.560996174812317,101.61848843797604
100,20,0.75,0.75,24,0.41750387626844615,0.4209098594725874,0.04724856292140867,0.12111018946093981,0.1178069905133873,0.08359696116577499,0.9561179419978321,0.9748657352282761,0.056163531188020796,99.70534319678943,30.555484175682068,101.60178213348188
100,20,0.75,1.0,24,0.41471515615368304,0.42094889557995274,0.04734231410957691,0.1253994425789802,0.11447958425181781,0.08397673341969485,0.9548297548863464,0.970519266273913,0.03832943928807541,99.79219516118367,30.547381043434143,101.73177800167002
100,20,1.0,0.0,17,0.18873680135281456,0.2060783352193152,0.16990176971617607,0.37674879831971136,0.2613664151277619,0.3233924086535129,0.7497110453631275,0.7781303321929887,0.1629150055857656,99.80545890331268,30.523404717445374,101.75267333887174
100,20,1.0,0.25,23,0.40088973401843303,0.4132004894356565,0.05533858279094063,0.14151571858383227,0.1297876768189155,0.09923250891390059,0.92180236769765,0.9687389931703008,0.11788410380445101,99.80926194787025,30.51711106300354,101.76124598269641
100,20,1.0,0.5,24,0.41299127622379544,0.42034871575078303,0.047847339592794975,0.12519248803044689,0.1186561639431319,0.09517444205796347,0.9511750404780378,0.9755260375414447,0.05659180015163482,99.6829225718975,30.519044041633606,101.58657653666437
100,20,1.0,0.75,24,0.4101493567959417,0.41803460799636954,0.04678456878138776,0.12380142881214033,0.1175207291124474,0.09011450844096673,0.9441001424040237,0.970519266273913,0.06225468772829135,99.55857989192009,30.522172689437866,101.41565607636134
100,20,1.0,1.0,24,0.4096151968041535,0.4187242570965057,0.048789458668563226,0.1339177082856078,0.1186561639431319,0.09097152372388093,0.9531481018939149,0.9749164594566132,0.046991635784058336,99.61228424310684,30.500250935554504,101.53867314052093
100,50,0.0,0.0,16,0.12005988284440385,0.1543185764014805,0.1330073448961579,0.49128070896598675,0.35942241094228566,0.3244057199463691,0.7266690995053128,0.7471725809353775,0.16768239240068492,238.02088821927705,77.36894273757935,242.0512705163227
100,50,0.0,0.25,23,0.416076851482574,0.4276193604955974,0.044535763689616925,0.13739345425832863,0.1177017079559523,0.08046502993474221,0.9448105776165744,0.9771876561243,0.12428577393291548,238.1571825246016,77.30392718315125,242.29302837433525
100,50,0.0,0.5,23,0.3927141748536981,0.4187952663792462,0.10748844625349346,0.17170016028644677,0.1276634578055976,0.17347582887128213,0.9491648220774328,0.9742051714596466,0.062912912866147,238.02342802286148,77.35978209972382,242.04259144661057
100,50,0.0,0.75,23,0.39871316332557977,0.4242183189198951,0.10829147243620924,0.15676733036464133,0.1159024497058285,0.1779772602289466,0.9463522546401425,0.9727141899919175,0.0705841661718028,238.20969063043594,77.35379314422607,242.34080475227137
100,50,0.0,1.0,23,0.3868140892549502,0.4184968173323795,0.1069081618583083,0.174037118218883,0.1361836359449526,0.16511959798368414,0.9400959093650841,0.9760724974810586,0.07397521477807954,238.11508955558142,77.31966280937195,242.16168338045452
100,50,0.25,0.0,19,0.25962825482271623,0.2772036417753567,0.15507775805573562,0.2914893076673822,0.2427543902630336,0.22923526408213682,0.7841223665467633,0.855298429874998,0.18780688786336297,238.3196119070053,77.18811523914337,242.58217504460234
100,50,0.25,0.25,24,0.3990140848892157,0.4253398738304828,0.10130014642729894,0.15159392804257374,0.11803907479616199,0.16357792117448214,0.9496220978210053,0.9741815660818682,0.0636819298523257,237.45810269316038,77.13844168186188,241.63541854040915
100,50,0.25,0.5,24,0.4150938525033214,0.42893083194902853,0.04811973571722773,0.13372605123337628,0.1212630420051456,0.08809751252786756,0.9639137562400192,0.9749149374892692,0.031501706699257816,237.27946841716766,77.21948421001434,241.36915151895954
100,50,0.25,0.75,23,0.41888271575140223,0.4200752570092226,0.045521965351662114,0.1265641862249539,0.1214351572232893,0.0807168746824075,0.9375836806735656,0.9757815457068022,0.13576887823441586,237.43087761600813,77.2308840751648,241.70526777481584
100,50,0.25,1.0,24,0.41930293789113504,0.4220167065641153,0.03918339952703235,0.11828011727018937,0.11717003202002685,0.07337079279398034,0.9568859930524596,0.9751347371211072,0.049749513959338215,237.35662136475244,77.29077219963074,241.63607138384626
100,50,0.5,0.0,16,0.3321237431235177,0.38924082662471804,0.10604855883075168,0.18469504141257517,0.16889062303501373,0.10920523751393736,0.8090797406619626,0.8697804706338726,0.16539377193159313,237.31877591212591,77.25138103961945,241.5501544741555
100,50,0.5,0.25,23,0.41149845829386444,0.4217679306283913,0.05007796566399506,0.14481698788982283,0.1258117135250079,0.09726895783523733,0.942873500387972,0.974836026636857,0.12494332150972641,237.44396116336188,77.24372589588165,241.76928815537948
100,50,0.5,0.5,23,0.4099972646051133,0.419817114892608,0.04965022062036788,0.13243544697672877,0.1257128508587412,0.09386339357912735,0.9280721296602789,0.9752517015424452,0.12932716052375404,237.22390709320703,77.3134593963623,241.42604535590604
100,50,0.5,0.75,23,0.4154180588051496,0.4200752570092226,0.04624340343290488,0.12400532122253616,0.1139863287906655,0.09162184127803157,0.928490842565931,0.9748151537429779,0.14046546380575622,237.2970386048158,77.23430597782135,241.55014867408622
100,50,0.5,1.0,22,0.4161856738125232,0.42320477950338853,0.04655567057123789,0.13396452375792323,0.1203476365745664,0.08800754447060388,0.9203696697066811,0.9755006668051206,0.15933810393258774,233.38851322730383,77.42947542667389,237.97296263185143
100,50,0.75,0.0,16,0.2532779944201827,0.2418645786337045,0.1353037796058424,0.2513279872352018,0.25206040269539776,0.18807291665520723,0.7484666321985264,0.8321326054194021,0.18030354270561913,233.30260795354843,77.42430007457733,237.9133119654337
100,50,0.75,0.25,23,0.40208738964406726,0.4132004894356565,0.05001089594704907,0.14118162222566355,0.125368345970432,0.10020822347116605,0.9219296649249693,0.9707439364716741,0.12488557559402143,233.25460496544838,77.39346408843994,237.8904053434887
100,50,0.75,0.5,24,0.4101187050714155,0.4199157043462007,0.05133443243416643,0.12978420764091206,0.1171791229430647,0.09489595711300287,0.9500216177837432,0.9758841140474237,0.0624393847209818,230.23295095562935,77.81278431415558,234.83049707812808
100,50,0.75,0.75,23,0.40617422044691176,0.4176313993004034,0.05174185141898873,0.13434624903139428,0.1162571984520345,0.10256295351345449,0.9250602250311477,0.966344438646443,0.12190330858226744,230.3688080906868,77.78547894954681,235.1061939679322
100,50,0.75,1.0,23,0.4099250165981816,0.4184968173323795,0.04859185963161725,0.13014245821109527,0.1210551294342293,0.08900449336992448,0.9257362067465943,0.9748357668494929,0.12984861250973673,230.34669790665308,77.80269157886505,235.05689632576005
100,50,1.0,0.0,16,0.14008208405213568,0.1769567886878442,0.12828821689245873,0.43525615471411216,0.30900797130045077,0.30078301189022383,0.7219432443127848,0.7582143701898456,0.16030020870510003,230.51445975899696,77.730637550354,235.34096319257844
100,50,1.0,0.25,24,0.4020645347281812,0.4120973220659627,0.049168100984110896,0.13120805276573325,0.12338399014648525,0.1029836719949074,0.9353371222220956,0.9746158167835199,0.0696742168077724,230.43898101647696,77.75798165798187,235.19524026669015
100,50,1.0,0.5,24,0.40691452353214985,0.41905849297929865,0.051102927891362615,0.13377939036022693,0.12357400404101526,0.09175760172985059,0.9476084374245267,0.9751344773337431,0.05284565985112965,230.1921887000402,77.69472002983093,234.83930769549067
100,50,1.0,0.75,22,0.41158772313848496,0.4161116773502843,0.04556726512862412,0.1258894650049548,0.12574156964920685,0.08456721266879741,0.9031140516756914,0.9730559388261244,0.16396646346580798,229.87729226549467,77.72271203994751,234.77728134261852
100,50,1.0,1.0,24,0.4015063134509121,0.40999334381275565,0.052764555946947636,0.13293014132325104,0.1137982957217101,0.10296607527569543,0.9359427682250753,0.9738823348541327,0.06971718128645801,229.51320186257362,77.74536526203156,234.2691783958255
100,100,0.0,0.0,12,0.18174699987826534,0.16109606902119933,0.05658833723336191,0.3560547276878652,0.2926039087326554,0.19161243149906498,0.750942299551551,0.7816346948131923,0.18273663055650982,399.15355260670185,152.539337515831,490.50838030965684
100,100,0.0,0.25,15,0.398803642850665,0.4187952663792462,0.0548158483843453,0.15357295074269947,0.1348305369310246,0.08409526431313884,0.915676141877647,0.9597026555974169,0.15324391698523915,399.0138020813465,152.55259466171265,490.9431427378375
100,100,0.0,0.5,16,0.4089090735120994,0.4285511891579414,0.052861278291433784,0.1449383421027812,0.11569299101995964,0.1054727863059161,0.96275648912698,0.9784710695410421,0.0537733226868643,399.2484657019377,152.51509773731232,491.3733186332065
100,100,0.0,0.75,15,0.40864721153704303,0.4184518327754262,0.04644657510239463,0.13285065740352717,0.1159024497058285,0.07399569397974665,0.9138387758432398,0.9580483305726385,0.1507934452147436,399.09553012251854,152.56105828285217,491.2082051571823
100,100,0.0,1.0,16,0.39634194536694045,0.4213340655055243,0.05700658101349158,0.13973951332067613,0.117948671083469,0.07773508344399242,0.9324234040545571,0.9677922307441276,0.07928306960703325,398.8954494148493,152.5194286108017,490.9530725756245
100,100,0.25,0.0,11,0.27400982828821274,0.2498545939281557,0.09704215958647455,0.22736401396555736,0.2427543902630336,0.12477333551822316,0.7698675478483797,0.8543198261198145,0.18935481023696007,398.6628128141165,152.59442377090454,490.5153443503277
100,100,0.25,0.25,16,0.40082699214652306,0.4192555555660864,0.050254027156064335,0.15085789800803587,0.1302716938948829,0.10310181716416701,0.9525118823010821,0.9745199458390945,0.06283423511389938,398.6673741787672,152.56862545013428,490.5319077434289
100,100,0.25,0.5,15,0.40365263279839264,0.4184968173323795,0.05703320344475125,0.14905766420871458,0.1257128508587412,0.10520846624355638,0.9195817661748824,0.9682691222514439,0.15380311205268707,398.9801601469517,152.6292324066162,491.0869099975396
100,100,0.25,0.75,16,0.403408419973956,0.421356557784001,0.05613372811904614,0.14335899540560715,0.12098502465538785,0.1003154235817447,0.9501758353535192,0.9740815699126208,0.05717768879334988,398.47916592657566,152.58359348773956,490.2676433727876
100,100,0.25,1.0,15,0.4084997301636557,0.4217679306283913,0.04898971431225795,0.1449873265501031,0.1257128508587412,0.08911621749814526,0.9249403755930535,0.970519266273913,0.15186469448800666,398.8699065446853,152.50270903110504,491.0553794175768
100,100,0.5,0.0,11,0.26879270339142064,0.2772036417753567,0.08978985118760356,0.22664520133914934,0.2427543902630336,0.12433719618099642,0.7621700555298732,0.8364517889266133,0.18685130405234787,398.5713991820812,152.51243913173676,490.5848761006095
100,100,0.5,0.25,16,0.39541970630049617,0.4144483952780518,0.05588105925922335,0.14738702763717887,0.1137921692879156,0.11725393380473129,0.9382264402381713,0.9673358831127414,0.06914991934875417,398.7707710713148,152.5873372554779,490.91897271366116
100,100,0.5,0.5,16,0.39700694571204254,0.4201323739803854,0.05681053205103794,0.1531203126232642,0.12098502465538785,0.11003452085676856,0.9471342040473494,0.9742038491719818,0.06453734748870765,398.52273266017437,152.64829659461975,490.505876633865
100,100,0.5,0.75,16,0.40189149611479796,0.4180641083163914,0.04750480492117409,0.13521547481118126,0.1186561639431319,0.10491849915769422,0.9389984670407773,0.969175429090238,0.07080259626458837,398.4340197443962,152.56988143920898,490.5844138771973
100,100,0.5,1.0,16,0.4031089555086746,0.4192555555660864,0.05141045424784562,0.14019462879996256,0.11500978938002175,0.10285481713018607,0.9464125398173118,0.9709606109151179,0.06401070227282792,398.35293236374855,152.49840426445007,490.4924631690726
100,100,0.75,0.0,12,0.25392387625917795,0.2414313544125839,0.09526376408070616,0.23593249812821745,0.24418520820911283,0.12065989087820632,0.7603773506833428,0.8061846024515663,0.15621461147715918,398.952246427536,152.49556648731232,491.70024194987445
100,100,0.75,0.25,16,0.38849741897821705,0.40823730276661063,0.05838659358480725,0.1499154593757888,0.12775026383882837,0.10764359924913908,0.926910297332223,0.9566470543949318,0.07163176530765403,398.6424682289362,152.560293674469,491.1215677962411
100,100,0.75,0.5,16,0.40100959905499206,0.4192555555660864,0.05580005769976524,0.13684888869086304,0.1032674881149061,0.11069245174534852,0.9388680868008472,0.9747927393614872,0.0725727687399005,397.7304293811321,152.53670048713684,490.8334817009857
100,100,0.75,0.75,15,0.4003897355555592,0.4180857932704911,0.05034377522594063,0.13425552440045302,0.1162571984520345,0.09709393198835736,0.8995854120137681,0.939648613183521,0.1522139559360532,397.9440910965204,152.53476119041443,491.25143560985515
100,100,0.75,1.0,16,0.38868847149272806,0.4079426707156369,0.055397878769364466,0.1454597144039815,0.11500978938002175,0.1218904676424108,0.9228366573894377,0.9580313719311266,0.07875333878914374,398.06982722878456,152.59292566776276,491.4743435540774
100,100,1.0,0.0,11,0.22459197369172187,0.1805092537157795,0.09164591931331036,0.2638295340105279,0.2613664151277619,0.14483900801913355,0.7279959465899923,0.8099020977411573,0.20298827905139463,397.44726814329624,152.52604794502258,490.8292219764819
100,100,1.0,0.25,16,0.3887857876026994,0.41206760554810695,0.057454167815664516,0.1420207636608941,0.12231654586500809,0.11022455251452232,0.919592338866293,0.9442673347722815,0.07763069859289404,398.3107949793339,152.7546718120575,492.7201470236137
100,100,1.0,0.5,16,0.3893190170935606,0.41152933902003797,0.05717649103403635,0.15011832956335378,0.12098502465538785,0.12234186983203513,0.928756363750475,0.9559188058174424,0.07445507335855886,397.302806571126,152.81435632705688,490.96632203835543
100,100,1.0,0.75,16,0.3919024246575184,0.4136915538910681,0.053105803803156396,0.14949089649487896,0.12098502465538785,0.1229549435161488,0.9332957458099158,0.962998515706048,0.07416814739967166,397.63820393383503,152.73815321922302,491.61631085020133
100,100,1.0,1.0,16,0.38749179823004587,0.40557207917110255,0.05478264605182,0.14200080067161455,0.10565175009209435,0.1230316873434055,0.9169843971317064,0.9395956395822365,0.07753701025905767,397.5946016460657,152.7731692790985,491.67719850256805
